-- MySQL dump 10.13  Distrib 5.5.62, for Win64 (AMD64)
--
-- Host: izc353.encs.concordia.ca    Database: izc353_2
-- ------------------------------------------------------
-- Server version	8.0.22

/*!40101 SET @OLD_CHARACTER_SET_CLIENT=@@CHARACTER_SET_CLIENT */;
/*!40101 SET @OLD_CHARACTER_SET_RESULTS=@@CHARACTER_SET_RESULTS */;
/*!40101 SET @OLD_COLLATION_CONNECTION=@@COLLATION_CONNECTION */;
/*!40101 SET NAMES utf8 */;
/*!40103 SET @OLD_TIME_ZONE=@@TIME_ZONE */;
/*!40103 SET TIME_ZONE='+00:00' */;
/*!40014 SET @OLD_UNIQUE_CHECKS=@@UNIQUE_CHECKS, UNIQUE_CHECKS=0 */;
/*!40014 SET @OLD_FOREIGN_KEY_CHECKS=@@FOREIGN_KEY_CHECKS, FOREIGN_KEY_CHECKS=0 */;
/*!40101 SET @OLD_SQL_MODE=@@SQL_MODE, SQL_MODE='NO_AUTO_VALUE_ON_ZERO' */;
/*!40111 SET @OLD_SQL_NOTES=@@SQL_NOTES, SQL_NOTES=0 */;

--
-- Table structure for table `Comments`
--

DROP TABLE IF EXISTS `Comments`;
/*!40101 SET @saved_cs_client     = @@character_set_client */;
/*!40101 SET character_set_client = utf8 */;
CREATE TABLE `Comments` (
  `comment_id` int NOT NULL AUTO_INCREMENT,
  `post_id` int NOT NULL,
  `user_id` int NOT NULL,
  `message` text COLLATE utf8_unicode_ci NOT NULL,
  `tstamp` timestamp NOT NULL DEFAULT CURRENT_TIMESTAMP,
  PRIMARY KEY (`comment_id`),
  KEY `post_id` (`post_id`),
  KEY `user_id` (`user_id`),
  CONSTRAINT `Comments_ibfk_1` FOREIGN KEY (`post_id`) REFERENCES `Posts` (`post_id`),
  CONSTRAINT `Comments_ibfk_2` FOREIGN KEY (`user_id`) REFERENCES `users` (`id`)
) ENGINE=InnoDB AUTO_INCREMENT=10 DEFAULT CHARSET=utf8 COLLATE=utf8_unicode_ci;
/*!40101 SET character_set_client = @saved_cs_client */;

--
-- Dumping data for table `Comments`
--

LOCK TABLES `Comments` WRITE;
/*!40000 ALTER TABLE `Comments` DISABLE KEYS */;
INSERT INTO `Comments` VALUES (1,8,1,'my first comment','2020-12-05 18:51:47'),(2,7,1,'how about another comment','2020-12-05 18:59:54'),(3,1,2,'adding a comment','2020-12-05 19:06:56'),(4,9,1,'starting a conversation','2020-12-05 19:14:04'),(5,10,2,'commenting on this one','2020-12-05 19:15:02'),(6,22,6,'hjshal','2020-12-09 15:58:38'),(7,22,1,'yo lmaooooo','2020-12-09 18:23:04'),(8,22,1,'yo lmaooooo','2020-12-09 18:23:15'),(9,18,7,'How do you like this comment?','2020-12-10 03:09:29');
/*!40000 ALTER TABLE `Comments` ENABLE KEYS */;
UNLOCK TABLES;

--
-- Table structure for table `Posts`
--

DROP TABLE IF EXISTS `Posts`;
/*!40101 SET @saved_cs_client     = @@character_set_client */;
/*!40101 SET character_set_client = utf8 */;
CREATE TABLE `Posts` (
  `post_id` int NOT NULL AUTO_INCREMENT,
  `user_id` int NOT NULL,
  `group_id` int DEFAULT NULL,
  `contents` text COLLATE utf8_unicode_ci NOT NULL,
  `is_commentable` tinyint(1) NOT NULL DEFAULT '1',
  `tstamp` timestamp NOT NULL DEFAULT CURRENT_TIMESTAMP,
  PRIMARY KEY (`post_id`),
  KEY `group_id` (`group_id`),
  KEY `user_id` (`user_id`),
  CONSTRAINT `Posts_ibfk_2` FOREIGN KEY (`group_id`) REFERENCES `con_group` (`id`),
  CONSTRAINT `Posts_ibfk_3` FOREIGN KEY (`user_id`) REFERENCES `users` (`id`)
) ENGINE=InnoDB AUTO_INCREMENT=30 DEFAULT CHARSET=utf8 COLLATE=utf8_unicode_ci;
/*!40101 SET character_set_client = @saved_cs_client */;

--
-- Dumping data for table `Posts`
--

LOCK TABLES `Posts` WRITE;
/*!40000 ALTER TABLE `Posts` DISABLE KEYS */;
INSERT INTO `Posts` VALUES (1,1,NULL,'Yamahama it\'s fright night!!!',1,'2020-12-05 07:02:34'),(2,1,NULL,'Googoo gaga',1,'2020-12-05 07:13:42'),(3,1,NULL,'hello from DB',0,'2020-12-05 07:17:20'),(4,1,NULL,'Trying from site',0,'2020-12-05 07:18:37'),(5,1,NULL,'ashfkjashdkjha \naksdjhkj h\n\n\naskdjhaksjdh \n aksjdh kaj\n kjahsd \n\n\n\nalskdh ajk a \n aljksdh akqwoie q\n lajshdk jah\njahsd kjahsjdk ha\n\n\n\nakjsdh kjash \nkjashd ',0,'2020-12-05 07:20:01'),(6,1,10,'Doing a group post',1,'2020-12-05 16:21:29'),(7,1,10,'Group post 2',1,'2020-12-05 16:25:41'),(8,1,NULL,'Another post',1,'2020-12-05 18:45:38'),(9,2,9,'posting in a shared group',1,'2020-12-05 19:12:42'),(10,1,9,'this is a shared group',1,'2020-12-05 19:13:50'),(18,60,NULL,'My first public post....????',1,'2020-12-05 22:04:07'),(19,1,9,'I want to make a modal that will enable adding users',0,'2020-12-08 03:49:16'),(20,1,NULL,'This is an association post............. \n\n\n\n\n\n\n\n\n\n\n\n\nStealing Things Just Makes Everything Very Cheap. Plus, You Know How I Feel About Capitalism.',1,'2020-12-09 01:03:49'),(21,1,NULL,'Creating an association post',1,'2020-12-09 01:07:42'),(22,6,NULL,'It\'s a good day to have a good day!:)',1,'2020-12-09 15:58:03'),(23,6,NULL,'It\'s a good day to have a good day!:)',0,'2020-12-09 15:58:16'),(24,6,NULL,'another post',1,'2020-12-09 17:51:30'),(25,6,13,'First Post',1,'2020-12-09 18:35:27'),(26,6,13,'another post\n\n\n\n.\n\n\n.\n\n\n\n.',1,'2020-12-09 18:48:00'),(27,1,14,'new post in new group',1,'2020-12-09 20:05:43'),(28,1,14,'this is a post to new group',1,'2020-12-09 20:23:18'),(29,7,NULL,'Here is a post with disallowed comments.',0,'2020-12-10 03:07:07');
/*!40000 ALTER TABLE `Posts` ENABLE KEYS */;
UNLOCK TABLES;

--
-- Table structure for table `building`
--

DROP TABLE IF EXISTS `building`;
/*!40101 SET @saved_cs_client     = @@character_set_client */;
/*!40101 SET character_set_client = utf8 */;
CREATE TABLE `building` (
  `id` int NOT NULL AUTO_INCREMENT,
  `associationid` int NOT NULL,
  `datebuilt` timestamp NOT NULL DEFAULT CURRENT_TIMESTAMP,
  `address` text COLLATE utf8_unicode_ci,
  `name` text COLLATE utf8_unicode_ci,
  PRIMARY KEY (`id`)
) ENGINE=InnoDB AUTO_INCREMENT=71 DEFAULT CHARSET=utf8 COLLATE=utf8_unicode_ci;
/*!40101 SET character_set_client = @saved_cs_client */;

--
-- Dumping data for table `building`
--

LOCK TABLES `building` WRITE;
/*!40000 ALTER TABLE `building` DISABLE KEYS */;
INSERT INTO `building` VALUES (1,2,'2002-08-06 04:00:00','2730 Claughton Avenue','Wild Estates'),(2,3,'2011-11-27 05:00:00','346 Sandy Villas','Oak Ridge Apartments'),(3,4,'1985-06-22 04:00:00','3745 Five Post Lane','Family Villas'),(4,5,'2007-05-15 04:00:00','985 Harwood Oaks','Sunny Place'),(5,6,'2007-10-29 04:00:00','94 Thornbury Bank','ApHEARTments'),(6,7,'1978-01-15 05:00:00','3463 Pool Acres','Useful Units'),(7,8,'1971-09-04 04:00:00','1385 Metro Avenue','LightHouse'),(8,9,'1995-03-02 05:00:00','3865 Oaktree Maltings','CityViews'),(9,10,'2000-01-04 05:00:00','3082 Moorside Haven','Big Tree Apartments'),(10,11,'2018-08-01 04:00:00','2512 Florence Mews','MiniPalais'),(11,12,'2013-08-03 04:00:00','1065 Ranalagh Drive','Red Robin Place'),(12,13,'1983-04-06 05:00:00','2832 Coronation Pastures','Luxurious Landing'),(13,14,'1999-04-22 04:00:00','722 Poppy Ridings','Gaiety Place'),(14,15,'1973-12-03 05:00:00','1498 Virginia Row','Life on the Green'),(15,16,'1970-12-10 05:00:00','1533 Wharf Paddocks','Town Place Walkups'),(16,17,'1997-11-16 05:00:00','134 Weymouth Rowans','Village Voices'),(17,18,'2005-03-12 05:00:00','1093 Earls Farm Way','United Units'),(18,19,'1982-10-17 04:00:00','3978 Pitt Cross','Zionsville'),(19,20,'1993-11-04 05:00:00','444 Mcilwraith Road','Vertex condos'),(20,21,'1976-11-13 05:00:00','3557 Green Moor Lane','Community Complex'),(21,22,'1995-01-14 05:00:00','462 Lower King Street','Joyful Place'),(22,12,'2008-03-19 04:00:00','1735 Wheatsheaf Esplanade','East Side Living'),(23,16,'2007-04-07 04:00:00','3851 The Link','Home Sweet Homes'),(24,7,'2009-11-03 05:00:00','2008 Rosslyn Spur','New Homes'),(25,20,'1991-07-28 04:00:00','2984 Kestrel Highway','Pent & condos'),(26,11,'2020-11-30 05:00:00','985 Wallis Chase','Tranquil Tavern Apartments'),(27,21,'2017-01-24 05:00:00','2876 Campbell Beeches','Studio Plaza Apartments'),(28,4,'2007-09-08 04:00:00','1641 Tweed Brambles','The View'),(29,21,'1998-08-05 04:00:00','2216 Wester Suttieslea Grove','City Dwellers'),(30,7,'1982-03-10 05:00:00','2372 Centurion Quay','Sunlight Apartments'),(31,20,'2018-05-08 04:00:00','2929 Boundary Farm','The Retreat'),(32,13,'2018-11-12 05:00:00','2029 Simpson Moor','The Balboa'),(33,6,'1991-04-11 04:00:00','1000 Newland Causeway','Park Place'),(34,22,'2010-01-24 05:00:00','1351 Fox Fairway','The Bend'),(35,11,'1971-05-15 04:00:00','2335 Ford Hill','The Station'),(36,15,'2016-01-12 05:00:00','2237 Pier Springs','Town Place Apartments'),(37,7,'1992-11-13 05:00:00','3471 Rede Way','Sunshine Place'),(38,15,'2014-12-08 05:00:00','2780 Mills Ridings','Sunrise Apartments'),(39,11,'1994-07-13 04:00:00','2706 Cedar Loan','Tropicana Villas'),(40,2,'2018-12-13 05:00:00','281 Irvine Spur','Sweet villa'),(41,3,'1973-05-16 04:00:00','1430 Wharfedale Springs','Sky Way'),(42,7,'1986-03-02 05:00:00','1629 Moorcroft Village','EcoStay'),(43,15,'2006-02-25 05:00:00','3867 Honey Firs','Greenspace'),(44,18,'2015-07-02 04:00:00','597 Pentland Promenade','Sun’s Rays Place'),(45,11,'1998-04-03 05:00:00','1552 Parratt Row','Ample Apartments'),(46,2,'1977-02-13 05:00:00','3189 Columshill Street','Nesting Neighbors'),(47,5,'2000-09-06 04:00:00','1717 Speedwell Dene','Pearl apartments'),(48,15,'2009-06-14 04:00:00','120 Longdale Croft','Peachy Place'),(49,18,'1982-03-29 05:00:00','1151 Brookside Mill','The Green'),(50,10,'1971-02-12 05:00:00','2115 Fort Mount','Tip-top rentals'),(51,20,'2005-01-25 05:00:00','1589 Cullwood Lane','Neighborly Nest'),(52,7,'1992-04-05 05:00:00','2647 Summerhill Circle','Alpha housing'),(53,15,'1973-12-15 05:00:00','2474 Sunny Newydd','Sound homes'),(54,16,'1980-09-18 04:00:00','2573 Milford Courtyard','Heart and Soul Apartments'),(55,13,'2003-11-12 05:00:00','2318 Malham Woods','Homes with peace'),(56,21,'2005-02-14 05:00:00','169 Factory Head','Hopeful Homes'),(57,16,'2017-05-26 04:00:00','3191 Ordnance Street','Happy Homes'),(58,18,'1992-03-26 05:00:00','3264 Bedale Market','The City Block'),(59,22,'1976-06-02 04:00:00','2110 Stone Court','Pleasing Place'),(60,13,'1971-03-08 05:00:00','899 Lovelace Walk','The Corner of Main'),(61,8,'1987-11-20 05:00:00','3187 Honey Vale','Noble Park'),(62,3,'1981-05-20 04:00:00','2545 Mountain Esplanade','Soft bed rentals'),(63,17,'1997-12-13 05:00:00','525 Muir Vale','Artist’s Alley'),(64,15,'1983-08-13 04:00:00','2954 Andrew Court','Partnered Apartments'),(65,15,'1985-12-27 05:00:00','2312 Field Square','Ideal homes'),(66,17,'2009-06-19 04:00:00','407 Garth Quay','Peace apartments'),(67,5,'1972-02-22 05:00:00','868 Plough Lanes','Breezy Village'),(68,4,'2008-03-27 04:00:00','864 Moorcroft Laurels','Pinetree Place'),(69,21,'2000-07-14 04:00:00','947 Westbury Court','Pleasure Place'),(70,4,'2004-05-01 04:00:00','1943 Cherry Tree Cloisters','The Den');
/*!40000 ALTER TABLE `building` ENABLE KEYS */;
UNLOCK TABLES;

--
-- Table structure for table `con_group`
--

DROP TABLE IF EXISTS `con_group`;
/*!40101 SET @saved_cs_client     = @@character_set_client */;
/*!40101 SET character_set_client = utf8 */;
CREATE TABLE `con_group` (
  `id` int NOT NULL AUTO_INCREMENT,
  `name` text COLLATE utf8_unicode_ci NOT NULL,
  `description` text COLLATE utf8_unicode_ci,
  `isactive` tinyint(1) NOT NULL DEFAULT '1',
  `createdon` timestamp NOT NULL DEFAULT CURRENT_TIMESTAMP,
  PRIMARY KEY (`id`)
) ENGINE=InnoDB AUTO_INCREMENT=16 DEFAULT CHARSET=utf8 COLLATE=utf8_unicode_ci;
/*!40101 SET character_set_client = @saved_cs_client */;

--
-- Dumping data for table `con_group`
--

LOCK TABLES `con_group` WRITE;
/*!40000 ALTER TABLE `con_group` DISABLE KEYS */;
INSERT INTO `con_group` VALUES (9,'chapo','trap house',1,'2020-12-02 04:18:22'),(10,'newName','namename',1,'2020-12-03 03:14:50'),(11,'kaka','trap house',1,'2020-12-04 23:39:36'),(12,'asdsd ','asd ',1,'2020-12-05 00:55:53'),(13,'Group1','Lorem Ipsum',1,'2020-12-09 15:29:22'),(14,'new-group','new group',1,'2020-12-09 20:04:54'),(15,'MAMA MIA','namename',1,'2020-12-10 02:59:48');
/*!40000 ALTER TABLE `con_group` ENABLE KEYS */;
UNLOCK TABLES;

--
-- Table structure for table `condo_association`
--

DROP TABLE IF EXISTS `condo_association`;
/*!40101 SET @saved_cs_client     = @@character_set_client */;
/*!40101 SET character_set_client = utf8 */;
CREATE TABLE `condo_association` (
  `id` int NOT NULL AUTO_INCREMENT,
  `name` text COLLATE utf8_unicode_ci,
  `createdon` timestamp NOT NULL DEFAULT CURRENT_TIMESTAMP,
  PRIMARY KEY (`id`)
) ENGINE=InnoDB AUTO_INCREMENT=23 DEFAULT CHARSET=utf8 COLLATE=utf8_unicode_ci;
/*!40101 SET character_set_client = @saved_cs_client */;

--
-- Dumping data for table `condo_association`
--

LOCK TABLES `condo_association` WRITE;
/*!40000 ALTER TABLE `condo_association` DISABLE KEYS */;
INSERT INTO `condo_association` VALUES (1,'SUPER-USER-ASSOCIATION','2020-11-29 22:07:31'),(2,'kraftmanship','2019-09-30 04:00:00'),(3,'Problemsolv','2015-08-30 04:00:00'),(4,'HarmoniKally','2016-07-20 04:00:00'),(5,'Buildingly','2018-12-02 05:00:00'),(6,'Roomocity','2016-11-13 05:00:00'),(7,'DWELLINGHOUS','2020-08-01 04:00:00'),(8,'superkluster','2016-04-29 04:00:00'),(9,'Institutiunalizing','2016-04-11 04:00:00'),(10,'Property Rush','2015-11-07 05:00:00'),(11,'shack.io','2016-05-23 04:00:00'),(12,'Bricosa','2020-10-20 04:00:00'),(13,'Rent Hill','2016-03-24 04:00:00'),(14,'StraySpace','2018-10-26 04:00:00'),(15,'Homownership','2019-11-08 05:00:00'),(16,'AssetBilding','2014-10-20 04:00:00'),(17,'Overwyntering','2016-02-11 05:00:00'),(18,'Stocasticity','2016-12-01 05:00:00'),(19,'RENTZIO','2020-03-18 04:00:00'),(20,'struturatiun','2016-01-01 05:00:00'),(21,'CondominiumZ','2016-09-07 04:00:00'),(22,'LoftiK','2019-09-20 04:00:00');
/*!40000 ALTER TABLE `condo_association` ENABLE KEYS */;
UNLOCK TABLES;

--
-- Table structure for table `condo_unit`
--

DROP TABLE IF EXISTS `condo_unit`;
/*!40101 SET @saved_cs_client     = @@character_set_client */;
/*!40101 SET character_set_client = utf8 */;
CREATE TABLE `condo_unit` (
  `id` int NOT NULL AUTO_INCREMENT,
  `ownerid` int DEFAULT NULL,
  `floor` int NOT NULL,
  `door` int NOT NULL,
  `buildingid` int NOT NULL,
  PRIMARY KEY (`id`),
  KEY `buildingid` (`buildingid`),
  KEY `ownerid` (`ownerid`),
  CONSTRAINT `condo_unit_ibfk_1` FOREIGN KEY (`ownerid`) REFERENCES `users` (`id`),
  CONSTRAINT `condo_unit_ibfk_2` FOREIGN KEY (`buildingid`) REFERENCES `building` (`id`),
  CONSTRAINT `condo_unit_ibfk_3` FOREIGN KEY (`ownerid`) REFERENCES `users` (`id`)
) ENGINE=InnoDB AUTO_INCREMENT=3693 DEFAULT CHARSET=utf8 COLLATE=utf8_unicode_ci;
/*!40101 SET character_set_client = @saved_cs_client */;

--
-- Dumping data for table `condo_unit`
--

LOCK TABLES `condo_unit` WRITE;
/*!40000 ALTER TABLE `condo_unit` DISABLE KEYS */;
INSERT INTO `condo_unit` VALUES (1,989,1,101,1),(2,842,1,102,1),(3,509,1,103,1),(4,845,1,104,1),(5,NULL,1,105,1),(6,597,2,201,1),(7,123,2,202,1),(8,NULL,2,203,1),(9,555,2,204,1),(10,623,2,205,1),(11,NULL,3,301,1),(12,628,3,302,1),(13,859,3,303,1),(14,781,3,304,1),(15,505,3,305,1),(16,364,4,401,1),(17,44,4,402,1),(18,NULL,4,403,1),(19,972,4,404,1),(20,903,4,405,1),(21,NULL,5,501,1),(22,508,5,502,1),(23,653,5,503,1),(24,946,5,504,1),(25,837,5,505,1),(26,929,6,601,1),(27,891,6,602,1),(28,914,6,603,1),(29,936,6,604,1),(30,203,6,605,1),(31,266,7,701,1),(32,724,7,702,1),(33,529,7,703,1),(34,958,7,704,1),(35,NULL,7,705,1),(36,NULL,8,801,1),(37,NULL,8,802,1),(38,479,8,803,1),(39,111,8,804,1),(40,662,8,805,1),(41,NULL,9,901,1),(42,943,9,902,1),(43,214,9,903,1),(44,8,9,904,1),(45,NULL,9,905,1),(46,NULL,10,1001,1),(47,NULL,10,1002,1),(48,NULL,10,1003,1),(49,NULL,10,1004,1),(50,497,10,1005,1),(51,510,11,1101,1),(52,NULL,11,1102,1),(53,NULL,11,1103,1),(54,559,11,1104,1),(55,NULL,1,101,2),(56,828,1,102,2),(57,197,1,103,2),(58,NULL,1,104,2),(59,NULL,1,105,2),(60,NULL,2,201,2),(61,NULL,2,202,2),(62,230,2,203,2),(63,NULL,2,204,2),(64,NULL,2,205,2),(65,937,3,301,2),(66,900,3,302,2),(67,636,3,303,2),(68,63,3,304,2),(69,NULL,3,305,2),(70,NULL,4,401,2),(71,433,4,402,2),(72,286,4,403,2),(73,NULL,4,404,2),(74,NULL,4,405,2),(75,36,5,501,2),(76,744,5,502,2),(77,125,5,503,2),(78,302,5,504,2),(79,NULL,5,505,2),(80,NULL,6,601,2),(81,866,6,602,2),(82,NULL,6,603,2),(83,NULL,6,604,2),(84,426,6,605,2),(85,663,7,701,2),(86,669,7,702,2),(87,733,7,703,2),(88,766,7,704,2),(89,438,7,705,2),(90,120,8,801,2),(91,258,8,802,2),(92,NULL,8,803,2),(93,682,8,804,2),(94,213,8,805,2),(95,183,9,901,2),(96,298,9,902,2),(97,33,9,903,2),(98,NULL,9,904,2),(99,823,9,905,2),(100,NULL,10,1001,2),(101,938,10,1002,2),(102,643,10,1003,2),(103,NULL,10,1004,2),(104,NULL,10,1005,2),(105,975,11,1101,2),(106,822,11,1102,2),(107,290,11,1103,2),(108,NULL,11,1104,2),(109,943,11,1105,2),(110,484,12,1201,2),(111,189,12,1202,2),(112,524,12,1203,2),(113,309,12,1204,2),(114,NULL,12,1205,2),(115,557,13,1301,2),(116,NULL,13,1302,2),(117,NULL,13,1303,2),(118,976,13,1304,2),(119,717,13,1305,2),(120,583,14,1401,2),(121,518,14,1402,2),(122,737,14,1403,2),(123,NULL,14,1404,2),(124,197,14,1405,2),(125,392,15,1501,2),(126,749,15,1502,2),(127,452,15,1503,2),(128,NULL,15,1504,2),(129,874,15,1505,2),(130,NULL,16,1601,2),(131,215,16,1602,2),(132,NULL,16,1603,2),(133,742,16,1604,2),(134,NULL,16,1605,2),(135,65,17,1701,2),(136,204,17,1702,2),(137,336,1,101,3),(138,387,1,102,3),(139,998,1,103,3),(140,804,1,104,3),(141,524,1,105,3),(142,8,2,201,3),(143,NULL,2,202,3),(144,179,2,203,3),(145,630,2,204,3),(146,451,2,205,3),(147,413,3,301,3),(148,30,3,302,3),(149,943,3,303,3),(150,792,3,304,3),(151,NULL,3,305,3),(152,NULL,4,401,3),(153,NULL,4,402,3),(154,97,4,403,3),(155,698,4,404,3),(156,769,4,405,3),(157,466,5,501,3),(158,NULL,5,502,3),(159,97,5,503,3),(160,114,5,504,3),(161,104,5,505,3),(162,358,6,601,3),(163,445,6,602,3),(164,NULL,6,603,3),(165,71,6,604,3),(166,160,6,605,3),(167,35,7,701,3),(168,233,7,702,3),(169,195,7,703,3),(170,376,7,704,3),(171,843,7,705,3),(172,65,8,801,3),(173,75,8,802,3),(174,NULL,8,803,3),(175,905,8,804,3),(176,35,8,805,3),(177,NULL,9,901,3),(178,NULL,9,902,3),(179,274,9,903,3),(180,NULL,9,904,3),(181,497,9,905,3),(182,990,10,1001,3),(183,588,10,1002,3),(184,612,10,1003,3),(185,484,10,1004,3),(186,816,10,1005,3),(187,292,11,1101,3),(188,136,11,1102,3),(189,258,11,1103,3),(190,506,1,101,4),(191,710,1,102,4),(192,NULL,1,103,4),(193,671,1,104,4),(194,35,1,105,4),(195,194,2,201,4),(196,94,2,202,4),(197,NULL,2,203,4),(198,NULL,2,204,4),(199,234,2,205,4),(200,NULL,3,301,4),(201,NULL,3,302,4),(202,609,3,303,4),(203,NULL,3,304,4),(204,881,3,305,4),(205,234,4,401,4),(206,339,4,402,4),(207,504,4,403,4),(208,417,4,404,4),(209,252,4,405,4),(210,NULL,5,501,4),(211,527,5,502,4),(212,784,5,503,4),(213,885,5,504,4),(214,564,5,505,4),(215,NULL,6,601,4),(216,358,6,602,4),(217,702,6,603,4),(218,NULL,6,604,4),(219,408,6,605,4),(220,NULL,7,701,4),(221,356,7,702,4),(222,NULL,7,703,4),(223,553,7,704,4),(224,NULL,7,705,4),(225,626,8,801,4),(226,NULL,8,802,4),(227,419,8,803,4),(228,573,8,804,4),(229,NULL,8,805,4),(230,955,9,901,4),(231,957,9,902,4),(232,968,9,903,4),(233,678,9,904,4),(234,454,9,905,4),(235,272,10,1001,4),(236,NULL,10,1002,4),(237,260,10,1003,4),(238,678,10,1004,4),(239,NULL,10,1005,4),(240,950,11,1101,4),(241,672,11,1102,4),(242,481,11,1103,4),(243,NULL,11,1104,4),(244,87,11,1105,4),(245,NULL,12,1201,4),(246,558,12,1202,4),(247,NULL,12,1203,4),(248,342,12,1204,4),(249,702,12,1205,4),(250,336,13,1301,4),(251,479,13,1302,4),(252,832,13,1303,4),(253,546,13,1304,4),(254,NULL,13,1305,4),(255,614,14,1401,4),(256,29,14,1402,4),(257,NULL,14,1403,4),(258,485,14,1404,4),(259,NULL,14,1405,4),(260,984,15,1501,4),(261,519,15,1502,4),(262,346,15,1503,4),(263,817,15,1504,4),(264,556,15,1505,4),(265,749,16,1601,4),(266,856,16,1602,4),(267,20,16,1603,4),(268,NULL,16,1604,4),(269,329,16,1605,4),(270,NULL,17,1701,4),(271,NULL,17,1702,4),(272,NULL,17,1703,4),(273,NULL,17,1704,4),(274,NULL,17,1705,4),(275,NULL,18,1801,4),(276,323,18,1802,4),(277,368,18,1803,4),(278,12,18,1804,4),(279,NULL,18,1805,4),(280,NULL,19,1901,4),(281,902,19,1902,4),(282,912,19,1903,4),(283,875,19,1904,4),(284,NULL,19,1905,4),(285,NULL,1,101,5),(286,291,1,102,5),(287,966,1,103,5),(288,614,1,104,5),(289,969,1,105,5),(290,146,2,201,5),(291,492,2,202,5),(292,NULL,2,203,5),(293,863,2,204,5),(294,393,2,205,5),(295,817,1,101,6),(296,688,1,102,6),(297,223,1,103,6),(298,606,1,104,6),(299,873,1,105,6),(300,556,2,201,6),(301,NULL,2,202,6),(302,60,2,203,6),(303,140,2,204,6),(304,961,2,205,6),(305,NULL,3,301,6),(306,100,3,302,6),(307,657,3,303,6),(308,67,3,304,6),(309,491,3,305,6),(310,NULL,4,401,6),(311,288,4,402,6),(312,325,4,403,6),(313,852,4,404,6),(314,NULL,4,405,6),(315,170,5,501,6),(316,317,5,502,6),(317,NULL,5,503,6),(318,NULL,5,504,6),(319,131,5,505,6),(320,966,6,601,6),(321,734,6,602,6),(322,NULL,6,603,6),(323,598,6,604,6),(324,913,6,605,6),(325,485,7,701,6),(326,245,7,702,6),(327,NULL,7,703,6),(328,20,7,704,6),(329,69,7,705,6),(330,259,8,801,6),(331,141,8,802,6),(332,NULL,8,803,6),(333,NULL,8,804,6),(334,737,8,805,6),(335,NULL,9,901,6),(336,NULL,9,902,6),(337,NULL,9,903,6),(338,NULL,9,904,6),(339,307,9,905,6),(340,932,10,1001,6),(341,951,10,1002,6),(342,NULL,10,1003,6),(343,501,10,1004,6),(344,278,10,1005,6),(345,326,11,1101,6),(346,NULL,11,1102,6),(347,779,11,1103,6),(348,763,11,1104,6),(349,992,11,1105,6),(350,439,12,1201,6),(351,348,12,1202,6),(352,781,12,1203,6),(353,934,12,1204,6),(354,NULL,12,1205,6),(355,431,13,1301,6),(356,194,13,1302,6),(357,NULL,13,1303,6),(358,27,13,1304,6),(359,NULL,13,1305,6),(360,NULL,14,1401,6),(361,985,14,1402,6),(362,953,14,1403,6),(363,NULL,14,1404,6),(364,505,14,1405,6),(365,927,15,1501,6),(366,760,15,1502,6),(367,728,15,1503,6),(368,265,15,1504,6),(369,531,15,1505,6),(370,438,16,1601,6),(371,NULL,16,1602,6),(372,959,16,1603,6),(373,48,16,1604,6),(374,NULL,16,1605,6),(375,46,17,1701,6),(376,621,17,1702,6),(377,583,17,1703,6),(378,NULL,17,1704,6),(379,914,17,1705,6),(380,930,18,1801,6),(381,NULL,18,1802,6),(382,NULL,18,1803,6),(383,518,18,1804,6),(384,537,18,1805,6),(385,951,19,1901,6),(386,886,19,1902,6),(387,137,1,101,7),(388,746,1,102,7),(389,NULL,1,103,7),(390,430,1,104,7),(391,751,1,105,7),(392,NULL,2,201,7),(393,NULL,2,202,7),(394,65,2,203,7),(395,154,2,204,7),(396,515,2,205,7),(397,NULL,3,301,7),(398,871,3,302,7),(399,658,3,303,7),(400,306,3,304,7),(401,285,3,305,7),(402,752,4,401,7),(403,NULL,4,402,7),(404,620,4,403,7),(405,400,4,404,7),(406,630,4,405,7),(407,149,5,501,7),(408,832,5,502,7),(409,225,5,503,7),(410,NULL,5,504,7),(411,447,5,505,7),(412,131,6,601,7),(413,665,6,602,7),(414,969,6,603,7),(415,NULL,6,604,7),(416,483,6,605,7),(417,NULL,7,701,7),(418,926,7,702,7),(419,120,7,703,7),(420,792,7,704,7),(421,688,7,705,7),(422,199,8,801,7),(423,222,8,802,7),(424,NULL,8,803,7),(425,NULL,8,804,7),(426,438,8,805,7),(427,902,9,901,7),(428,637,9,902,7),(429,340,9,903,7),(430,NULL,9,904,7),(431,673,9,905,7),(432,278,10,1001,7),(433,NULL,10,1002,7),(434,NULL,10,1003,7),(435,138,10,1004,7),(436,894,10,1005,7),(437,NULL,11,1101,7),(438,NULL,11,1102,7),(439,NULL,11,1103,7),(440,451,11,1104,7),(441,NULL,11,1105,7),(442,624,12,1201,7),(443,NULL,12,1202,7),(444,NULL,12,1203,7),(445,782,12,1204,7),(446,418,12,1205,7),(447,NULL,13,1301,7),(448,638,13,1302,7),(449,801,13,1303,7),(450,492,13,1304,7),(451,76,13,1305,7),(452,NULL,14,1401,7),(453,174,14,1402,7),(454,NULL,14,1403,7),(455,605,14,1404,7),(456,NULL,14,1405,7),(457,988,15,1501,7),(458,510,15,1502,7),(459,NULL,15,1503,7),(460,NULL,15,1504,7),(461,672,15,1505,7),(462,275,16,1601,7),(463,600,16,1602,7),(464,NULL,16,1603,7),(465,652,16,1604,7),(466,358,16,1605,7),(467,569,17,1701,7),(468,NULL,17,1702,7),(469,259,17,1703,7),(470,NULL,17,1704,7),(471,861,17,1705,7),(472,966,18,1801,7),(473,NULL,18,1802,7),(474,38,18,1803,7),(475,157,18,1804,7),(476,NULL,18,1805,7),(477,632,19,1901,7),(478,NULL,19,1902,7),(479,NULL,19,1903,7),(480,415,19,1904,7),(481,795,19,1905,7),(482,NULL,20,2001,7),(483,NULL,20,2002,7),(484,631,20,2003,7),(485,792,20,2004,7),(486,10,20,2005,7),(487,NULL,1,101,8),(488,546,1,102,8),(489,86,1,103,8),(490,549,1,104,8),(491,751,1,105,8),(492,NULL,2,201,8),(493,89,2,202,8),(494,NULL,2,203,8),(495,NULL,2,204,8),(496,138,2,205,8),(497,997,3,301,8),(498,621,3,302,8),(499,NULL,3,303,8),(500,604,3,304,8),(501,935,3,305,8),(502,444,4,401,8),(503,725,4,402,8),(504,235,4,403,8),(505,930,4,404,8),(506,810,4,405,8),(507,NULL,5,501,8),(508,291,5,502,8),(509,NULL,5,503,8),(510,NULL,5,504,8),(511,963,5,505,8),(512,199,6,601,8),(513,NULL,6,602,8),(514,913,6,603,8),(515,NULL,6,604,8),(516,NULL,6,605,8),(517,789,7,701,8),(518,NULL,7,702,8),(519,607,7,703,8),(520,52,7,704,8),(521,777,7,705,8),(522,NULL,8,801,8),(523,418,8,802,8),(524,NULL,8,803,8),(525,846,8,804,8),(526,465,8,805,8),(527,104,9,901,8),(528,NULL,9,902,8),(529,879,9,903,8),(530,NULL,9,904,8),(531,346,9,905,8),(532,826,10,1001,8),(533,NULL,10,1002,8),(534,141,10,1003,8),(535,38,10,1004,8),(536,243,10,1005,8),(537,NULL,11,1101,8),(538,NULL,11,1102,8),(539,NULL,11,1103,8),(540,246,11,1104,8),(541,139,11,1105,8),(542,929,12,1201,8),(543,867,12,1202,8),(544,NULL,12,1203,8),(545,541,12,1204,8),(546,779,12,1205,8),(547,NULL,13,1301,8),(548,943,13,1302,8),(549,569,13,1303,8),(550,390,13,1304,8),(551,990,13,1305,8),(552,560,14,1401,8),(553,535,14,1402,8),(554,281,1,101,9),(555,343,1,102,9),(556,678,1,103,9),(557,997,1,104,9),(558,699,1,105,9),(559,606,2,201,9),(560,424,2,202,9),(561,685,2,203,9),(562,NULL,2,204,9),(563,220,2,205,9),(564,NULL,3,301,9),(565,NULL,3,302,9),(566,890,3,303,9),(567,791,3,304,9),(568,95,3,305,9),(569,450,4,401,9),(570,752,4,402,9),(571,NULL,4,403,9),(572,NULL,4,404,9),(573,536,4,405,9),(574,498,5,501,9),(575,411,5,502,9),(576,690,5,503,9),(577,948,5,504,9),(578,290,5,505,9),(579,NULL,6,601,9),(580,NULL,6,602,9),(581,657,6,603,9),(582,247,6,604,9),(583,37,6,605,9),(584,739,7,701,9),(585,882,7,702,9),(586,134,7,703,9),(587,413,7,704,9),(588,NULL,7,705,9),(589,701,8,801,9),(590,75,8,802,9),(591,243,8,803,9),(592,349,8,804,9),(593,NULL,8,805,9),(594,NULL,9,901,9),(595,787,9,902,9),(596,967,9,903,9),(597,196,9,904,9),(598,156,9,905,9),(599,867,10,1001,9),(600,769,10,1002,9),(601,NULL,10,1003,9),(602,325,10,1004,9),(603,267,10,1005,9),(604,NULL,11,1101,9),(605,NULL,11,1102,9),(606,204,11,1103,9),(607,640,11,1104,9),(608,NULL,11,1105,9),(609,NULL,12,1201,9),(610,42,12,1202,9),(611,NULL,12,1203,9),(612,NULL,12,1204,9),(613,772,12,1205,9),(614,461,13,1301,9),(615,369,13,1302,9),(616,NULL,1,101,10),(617,NULL,1,102,10),(618,48,1,103,10),(619,67,1,104,10),(620,NULL,1,105,10),(621,NULL,2,201,10),(622,180,2,202,10),(623,NULL,2,203,10),(624,714,2,204,10),(625,486,2,205,10),(626,100,3,301,10),(627,168,3,302,10),(628,381,3,303,10),(629,NULL,3,304,10),(630,910,3,305,10),(631,NULL,4,401,10),(632,NULL,4,402,10),(633,484,4,403,10),(634,NULL,4,404,10),(635,NULL,4,405,10),(636,NULL,5,501,10),(637,NULL,5,502,10),(638,984,5,503,10),(639,699,5,504,10),(640,543,5,505,10),(641,942,6,601,10),(642,229,6,602,10),(643,NULL,6,603,10),(644,331,6,604,10),(645,NULL,6,605,10),(646,NULL,7,701,10),(647,290,7,702,10),(648,494,7,703,10),(649,596,7,704,10),(650,NULL,7,705,10),(651,NULL,8,801,10),(652,849,8,802,10),(653,NULL,8,803,10),(654,191,8,804,10),(655,NULL,8,805,10),(656,946,1,101,11),(657,14,1,102,11),(658,116,1,103,11),(659,307,1,104,11),(660,719,1,105,11),(661,1002,2,201,11),(662,834,2,202,11),(663,447,2,203,11),(664,NULL,2,204,11),(665,216,2,205,11),(666,NULL,3,301,11),(667,315,3,302,11),(668,167,3,303,11),(669,812,3,304,11),(670,216,3,305,11),(671,NULL,4,401,11),(672,379,4,402,11),(673,592,4,403,11),(674,918,4,404,11),(675,958,4,405,11),(676,NULL,5,501,11),(677,NULL,5,502,11),(678,NULL,5,503,11),(679,301,5,504,11),(680,783,5,505,11),(681,731,6,601,11),(682,727,6,602,11),(683,923,6,603,11),(684,NULL,6,604,11),(685,928,6,605,11),(686,985,1,101,12),(687,645,1,102,12),(688,NULL,1,103,12),(689,308,1,104,12),(690,326,1,105,12),(691,NULL,2,201,12),(692,893,2,202,12),(693,221,2,203,12),(694,985,2,204,12),(695,148,2,205,12),(696,NULL,3,301,12),(697,271,3,302,12),(698,385,3,303,12),(699,NULL,3,304,12),(700,102,3,305,12),(701,496,4,401,12),(702,931,4,402,12),(703,791,4,403,12),(704,NULL,4,404,12),(705,577,4,405,12),(706,NULL,5,501,12),(707,889,5,502,12),(708,812,5,503,12),(709,NULL,5,504,12),(710,NULL,5,505,12),(711,100,6,601,12),(712,267,6,602,12),(713,NULL,6,603,12),(714,662,6,604,12),(715,136,6,605,12),(716,431,7,701,12),(717,56,7,702,12),(718,NULL,7,703,12),(719,471,7,704,12),(720,718,7,705,12),(721,778,8,801,12),(722,988,8,802,12),(723,805,8,803,12),(724,468,8,804,12),(725,NULL,8,805,12),(726,NULL,9,901,12),(727,NULL,9,902,12),(728,NULL,9,903,12),(729,697,9,904,12),(730,549,9,905,12),(731,396,1,101,13),(732,491,1,102,13),(733,NULL,1,103,13),(734,122,1,104,13),(735,534,1,105,13),(736,164,2,201,13),(737,489,2,202,13),(738,94,2,203,13),(739,NULL,2,204,13),(740,258,2,205,13),(741,NULL,3,301,13),(742,NULL,3,302,13),(743,581,3,303,13),(744,871,3,304,13),(745,341,3,305,13),(746,NULL,4,401,13),(747,182,4,402,13),(748,NULL,4,403,13),(749,NULL,4,404,13),(750,333,4,405,13),(751,762,5,501,13),(752,913,5,502,13),(753,602,5,503,13),(754,133,5,504,13),(755,NULL,5,505,13),(756,NULL,6,601,13),(757,NULL,6,602,13),(758,325,6,603,13),(759,NULL,6,604,13),(760,855,6,605,13),(761,650,7,701,13),(762,934,7,702,13),(763,NULL,7,703,13),(764,NULL,7,704,13),(765,48,7,705,13),(766,616,8,801,13),(767,248,8,802,13),(768,467,8,803,13),(769,237,8,804,13),(770,NULL,8,805,13),(771,560,9,901,13),(772,980,9,902,13),(773,NULL,9,903,13),(774,NULL,9,904,13),(775,NULL,9,905,13),(776,NULL,10,1001,13),(777,792,10,1002,13),(778,612,10,1003,13),(779,643,10,1004,13),(780,81,10,1005,13),(781,209,11,1101,13),(782,NULL,11,1102,13),(783,NULL,11,1103,13),(784,894,11,1104,13),(785,387,11,1105,13),(786,677,12,1201,13),(787,697,1,101,14),(788,NULL,1,102,14),(789,270,1,103,14),(790,387,1,104,14),(791,759,1,105,14),(792,NULL,2,201,14),(793,NULL,2,202,14),(794,NULL,2,203,14),(795,NULL,2,204,14),(796,632,2,205,14),(797,622,3,301,14),(798,NULL,3,302,14),(799,23,3,303,14),(800,447,3,304,14),(801,NULL,3,305,14),(802,512,4,401,14),(803,877,4,402,14),(804,NULL,4,403,14),(805,NULL,4,404,14),(806,260,4,405,14),(807,566,5,501,14),(808,NULL,5,502,14),(809,700,5,503,14),(810,NULL,5,504,14),(811,NULL,5,505,14),(812,804,6,601,14),(813,NULL,6,602,14),(814,963,6,603,14),(815,249,6,604,14),(816,204,6,605,14),(817,982,7,701,14),(818,NULL,7,702,14),(819,NULL,7,703,14),(820,627,7,704,14),(821,NULL,7,705,14),(822,274,8,801,14),(823,420,8,802,14),(824,831,8,803,14),(825,501,8,804,14),(826,990,8,805,14),(827,NULL,9,901,14),(828,462,9,902,14),(829,820,9,903,14),(830,556,9,904,14),(831,NULL,9,905,14),(832,532,10,1001,14),(833,536,10,1002,14),(834,NULL,10,1003,14),(835,434,10,1004,14),(836,NULL,1,101,15),(837,NULL,1,102,15),(838,134,1,103,15),(839,897,1,104,15),(840,NULL,1,105,15),(841,NULL,2,201,15),(842,42,2,202,15),(843,NULL,2,203,15),(844,NULL,2,204,15),(845,261,2,205,15),(846,741,3,301,15),(847,NULL,3,302,15),(848,192,3,303,15),(849,155,3,304,15),(850,210,3,305,15),(851,NULL,1,101,16),(852,NULL,1,102,16),(853,NULL,1,103,16),(854,270,1,104,16),(855,417,1,105,16),(856,896,2,201,16),(857,464,2,202,16),(858,283,2,203,16),(859,24,2,204,16),(860,NULL,2,205,16),(861,674,3,301,16),(862,NULL,3,302,16),(863,400,3,303,16),(864,496,3,304,16),(865,431,3,305,16),(866,964,4,401,16),(867,88,4,402,16),(868,303,4,403,16),(869,838,4,404,16),(870,595,4,405,16),(871,776,5,501,16),(872,NULL,5,502,16),(873,87,5,503,16),(874,611,5,504,16),(875,672,5,505,16),(876,915,6,601,16),(877,265,6,602,16),(878,NULL,6,603,16),(879,176,6,604,16),(880,NULL,6,605,16),(881,488,7,701,16),(882,580,7,702,16),(883,944,7,703,16),(884,543,7,704,16),(885,NULL,7,705,16),(886,102,8,801,16),(887,25,8,802,16),(888,325,8,803,16),(889,NULL,8,804,16),(890,875,8,805,16),(891,284,9,901,16),(892,613,9,902,16),(893,304,9,903,16),(894,742,9,904,16),(895,326,9,905,16),(896,NULL,10,1001,16),(897,NULL,10,1002,16),(898,NULL,10,1003,16),(899,NULL,10,1004,16),(900,739,10,1005,16),(901,885,11,1101,16),(902,881,11,1102,16),(903,229,11,1103,16),(904,201,11,1104,16),(905,NULL,11,1105,16),(906,361,12,1201,16),(907,233,12,1202,16),(908,NULL,12,1203,16),(909,NULL,12,1204,16),(910,410,12,1205,16),(911,232,13,1301,16),(912,NULL,13,1302,16),(913,156,13,1303,16),(914,235,13,1304,16),(915,533,13,1305,16),(916,675,14,1401,16),(917,577,1,101,17),(918,540,1,102,17),(919,602,1,103,17),(920,611,1,104,17),(921,333,1,105,17),(922,435,2,201,17),(923,NULL,2,202,17),(924,516,2,203,17),(925,514,2,204,17),(926,NULL,2,205,17),(927,348,3,301,17),(928,NULL,3,302,17),(929,868,3,303,17),(930,83,3,304,17),(931,388,3,305,17),(932,712,4,401,17),(933,930,4,402,17),(934,537,4,403,17),(935,NULL,4,404,17),(936,365,4,405,17),(937,560,5,501,17),(938,376,5,502,17),(939,616,5,503,17),(940,576,5,504,17),(941,376,5,505,17),(942,876,6,601,17),(943,NULL,6,602,17),(944,NULL,6,603,17),(945,NULL,6,604,17),(946,NULL,6,605,17),(947,520,7,701,17),(948,454,7,702,17),(949,NULL,7,703,17),(950,NULL,7,704,17),(951,NULL,7,705,17),(952,954,8,801,17),(953,253,8,802,17),(954,492,8,803,17),(955,174,8,804,17),(956,NULL,8,805,17),(957,821,9,901,17),(958,956,9,902,17),(959,NULL,9,903,17),(960,358,9,904,17),(961,511,9,905,17),(962,520,10,1001,17),(963,NULL,10,1002,17),(964,NULL,10,1003,17),(965,NULL,10,1004,17),(966,NULL,10,1005,17),(967,878,11,1101,17),(968,857,11,1102,17),(969,616,11,1103,17),(970,869,11,1104,17),(971,576,11,1105,17),(972,214,12,1201,17),(973,796,12,1202,17),(974,582,12,1203,17),(975,176,12,1204,17),(976,617,12,1205,17),(977,355,13,1301,17),(978,616,13,1302,17),(979,746,13,1303,17),(980,829,13,1304,17),(981,810,13,1305,17),(982,790,14,1401,17),(983,316,14,1402,17),(984,350,14,1403,17),(985,NULL,14,1404,17),(986,NULL,14,1405,17),(987,529,15,1501,17),(988,59,15,1502,17),(989,797,15,1503,17),(990,220,15,1504,17),(991,NULL,1,101,18),(992,896,1,102,18),(993,NULL,1,103,18),(994,167,1,104,18),(995,60,1,105,18),(996,717,2,201,18),(997,425,2,202,18),(998,365,2,203,18),(999,NULL,2,204,18),(1000,829,2,205,18),(1001,NULL,3,301,18),(1002,113,3,302,18),(1003,242,3,303,18),(1004,547,3,304,18),(1005,895,3,305,18),(1006,752,4,401,18),(1007,507,4,402,18),(1008,NULL,4,403,18),(1009,535,4,404,18),(1010,NULL,4,405,18),(1011,NULL,5,501,18),(1012,561,5,502,18),(1013,219,5,503,18),(1014,NULL,5,504,18),(1015,199,5,505,18),(1016,NULL,6,601,18),(1017,581,6,602,18),(1018,873,6,603,18),(1019,851,6,604,18),(1020,751,6,605,18),(1021,NULL,7,701,18),(1022,891,7,702,18),(1023,693,7,703,18),(1024,30,7,704,18),(1025,NULL,7,705,18),(1026,107,8,801,18),(1027,894,8,802,18),(1028,NULL,8,803,18),(1029,899,8,804,18),(1030,NULL,8,805,18),(1031,314,9,901,18),(1032,683,9,902,18),(1033,NULL,9,903,18),(1034,753,9,904,18),(1035,840,9,905,18),(1036,NULL,10,1001,18),(1037,416,10,1002,18),(1038,46,10,1003,18),(1039,483,10,1004,18),(1040,210,10,1005,18),(1041,123,11,1101,18),(1042,859,11,1102,18),(1043,912,11,1103,18),(1044,NULL,11,1104,18),(1045,391,11,1105,18),(1046,675,12,1201,18),(1047,550,12,1202,18),(1048,NULL,12,1203,18),(1049,571,12,1204,18),(1050,79,12,1205,18),(1051,244,13,1301,18),(1052,998,13,1302,18),(1053,55,13,1303,18),(1054,140,13,1304,18),(1055,454,13,1305,18),(1056,867,14,1401,18),(1057,962,14,1402,18),(1058,488,14,1403,18),(1059,NULL,14,1404,18),(1060,371,14,1405,18),(1061,554,15,1501,18),(1062,300,15,1502,18),(1063,NULL,15,1503,18),(1064,NULL,15,1504,18),(1065,99,15,1505,18),(1066,288,16,1601,18),(1067,NULL,16,1602,18),(1068,572,16,1603,18),(1069,240,16,1604,18),(1070,996,16,1605,18),(1071,346,1,101,19),(1072,NULL,1,102,19),(1073,352,1,103,19),(1074,NULL,1,104,19),(1075,710,1,105,19),(1076,374,1,101,20),(1077,NULL,1,102,20),(1078,488,1,103,20),(1079,NULL,1,104,20),(1080,884,1,105,20),(1081,603,2,201,20),(1082,100,2,202,20),(1083,965,2,203,20),(1084,891,2,204,20),(1085,310,2,205,20),(1086,NULL,3,301,20),(1087,NULL,3,302,20),(1088,NULL,3,303,20),(1089,NULL,3,304,20),(1090,905,3,305,20),(1091,549,4,401,20),(1092,542,4,402,20),(1093,NULL,4,403,20),(1094,890,4,404,20),(1095,996,4,405,20),(1096,679,5,501,20),(1097,920,5,502,20),(1098,888,5,503,20),(1099,NULL,5,504,20),(1100,NULL,5,505,20),(1101,975,6,601,20),(1102,350,6,602,20),(1103,152,6,603,20),(1104,237,6,604,20),(1105,174,6,605,20),(1106,NULL,7,701,20),(1107,NULL,7,702,20),(1108,844,7,703,20),(1109,NULL,7,704,20),(1110,27,1,101,21),(1111,811,1,102,21),(1112,874,1,103,21),(1113,989,1,104,21),(1114,162,1,105,21),(1115,512,2,201,21),(1116,NULL,2,202,21),(1117,NULL,2,203,21),(1118,125,2,204,21),(1119,287,2,205,21),(1120,262,3,301,21),(1121,17,3,302,21),(1122,186,3,303,21),(1123,NULL,3,304,21),(1124,NULL,3,305,21),(1125,305,4,401,21),(1126,864,4,402,21),(1127,574,4,403,21),(1128,95,4,404,21),(1129,NULL,4,405,21),(1130,907,5,501,21),(1131,916,5,502,21),(1132,559,5,503,21),(1133,947,5,504,21),(1134,295,5,505,21),(1135,NULL,6,601,21),(1136,202,6,602,21),(1137,909,6,603,21),(1138,945,6,604,21),(1139,739,6,605,21),(1140,551,7,701,21),(1141,347,7,702,21),(1142,363,7,703,21),(1143,768,7,704,21),(1144,923,7,705,21),(1145,450,8,801,21),(1146,282,8,802,21),(1147,NULL,8,803,21),(1148,NULL,8,804,21),(1149,NULL,8,805,21),(1150,NULL,9,901,21),(1151,33,9,902,21),(1152,750,9,903,21),(1153,722,9,904,21),(1154,717,9,905,21),(1155,268,10,1001,21),(1156,843,10,1002,21),(1157,362,10,1003,21),(1158,NULL,10,1004,21),(1159,NULL,10,1005,21),(1160,315,11,1101,21),(1161,266,11,1102,21),(1162,611,11,1103,21),(1163,NULL,11,1104,21),(1164,529,11,1105,21),(1165,289,12,1201,21),(1166,NULL,12,1202,21),(1167,655,12,1203,21),(1168,529,12,1204,21),(1169,460,12,1205,21),(1170,93,13,1301,21),(1171,621,13,1302,21),(1172,NULL,13,1303,21),(1173,NULL,13,1304,21),(1174,841,13,1305,21),(1175,842,14,1401,21),(1176,21,14,1402,21),(1177,NULL,14,1403,21),(1178,438,14,1404,21),(1179,657,14,1405,21),(1180,541,15,1501,21),(1181,544,15,1502,21),(1182,NULL,15,1503,21),(1183,238,15,1504,21),(1184,359,15,1505,21),(1185,836,16,1601,21),(1186,NULL,16,1602,21),(1187,699,16,1603,21),(1188,NULL,16,1604,21),(1189,357,16,1605,21),(1190,995,17,1701,21),(1191,NULL,1,101,22),(1192,598,1,102,22),(1193,246,1,103,22),(1194,897,1,104,22),(1195,594,1,105,22),(1196,455,1,101,23),(1197,108,1,102,23),(1198,765,1,103,23),(1199,512,1,104,23),(1200,215,1,105,23),(1201,882,2,201,23),(1202,NULL,2,202,23),(1203,696,2,203,23),(1204,938,2,204,23),(1205,770,2,205,23),(1206,589,3,301,23),(1207,775,3,302,23),(1208,784,3,303,23),(1209,62,3,304,23),(1210,612,3,305,23),(1211,NULL,4,401,23),(1212,425,4,402,23),(1213,NULL,4,403,23),(1214,NULL,4,404,23),(1215,996,4,405,23),(1216,513,5,501,23),(1217,827,5,502,23),(1218,745,5,503,23),(1219,487,5,504,23),(1220,130,5,505,23),(1221,219,6,601,23),(1222,NULL,6,602,23),(1223,NULL,6,603,23),(1224,959,6,604,23),(1225,247,6,605,23),(1226,964,7,701,23),(1227,NULL,7,702,23),(1228,324,7,703,23),(1229,171,7,704,23),(1230,427,7,705,23),(1231,87,8,801,23),(1232,NULL,8,802,23),(1233,878,8,803,23),(1234,NULL,8,804,23),(1235,NULL,8,805,23),(1236,NULL,9,901,23),(1237,248,9,902,23),(1238,586,9,903,23),(1239,663,9,904,23),(1240,541,9,905,23),(1241,NULL,10,1001,23),(1242,934,10,1002,23),(1243,80,10,1003,23),(1244,142,10,1004,23),(1245,21,10,1005,23),(1246,219,11,1101,23),(1247,826,11,1102,23),(1248,338,11,1103,23),(1249,NULL,11,1104,23),(1250,734,11,1105,23),(1251,NULL,1,101,24),(1252,903,1,102,24),(1253,620,1,103,24),(1254,NULL,1,104,24),(1255,706,1,105,24),(1256,762,2,201,24),(1257,480,2,202,24),(1258,302,2,203,24),(1259,385,2,204,24),(1260,598,2,205,24),(1261,652,3,301,24),(1262,61,3,302,24),(1263,801,3,303,24),(1264,692,3,304,24),(1265,570,3,305,24),(1266,62,4,401,24),(1267,486,4,402,24),(1268,659,4,403,24),(1269,683,4,404,24),(1270,711,4,405,24),(1271,14,5,501,24),(1272,NULL,5,502,24),(1273,674,5,503,24),(1274,783,5,504,24),(1275,516,5,505,24),(1276,NULL,6,601,24),(1277,NULL,6,602,24),(1278,157,6,603,24),(1279,186,6,604,24),(1280,NULL,6,605,24),(1281,156,7,701,24),(1282,407,7,702,24),(1283,773,7,703,24),(1284,84,7,704,24),(1285,NULL,7,705,24),(1286,NULL,8,801,24),(1287,NULL,8,802,24),(1288,NULL,8,803,24),(1289,554,8,804,24),(1290,33,8,805,24),(1291,474,9,901,24),(1292,939,9,902,24),(1293,NULL,9,903,24),(1294,472,9,904,24),(1295,124,9,905,24),(1296,588,10,1001,24),(1297,NULL,10,1002,24),(1298,252,10,1003,24),(1299,732,10,1004,24),(1300,NULL,10,1005,24),(1301,748,11,1101,24),(1302,703,11,1102,24),(1303,578,11,1103,24),(1304,744,11,1104,24),(1305,NULL,11,1105,24),(1306,NULL,12,1201,24),(1307,NULL,12,1202,24),(1308,158,12,1203,24),(1309,116,12,1204,24),(1310,340,12,1205,24),(1311,725,13,1301,24),(1312,880,13,1302,24),(1313,592,13,1303,24),(1314,19,13,1304,24),(1315,70,13,1305,24),(1316,NULL,14,1401,24),(1317,514,14,1402,24),(1318,612,14,1403,24),(1319,322,14,1404,24),(1320,423,14,1405,24),(1321,994,15,1501,24),(1322,296,15,1502,24),(1323,NULL,15,1503,24),(1324,350,15,1504,24),(1325,14,1,101,25),(1326,159,1,102,25),(1327,82,1,103,25),(1328,211,1,104,25),(1329,742,1,105,25),(1330,691,2,201,25),(1331,347,2,202,25),(1332,674,2,203,25),(1333,781,2,204,25),(1334,449,2,205,25),(1335,643,3,301,25),(1336,NULL,3,302,25),(1337,493,3,303,25),(1338,866,3,304,25),(1339,NULL,3,305,25),(1340,140,4,401,25),(1341,689,4,402,25),(1342,490,4,403,25),(1343,NULL,4,404,25),(1344,203,4,405,25),(1345,780,5,501,25),(1346,869,5,502,25),(1347,481,5,503,25),(1348,NULL,5,504,25),(1349,837,5,505,25),(1350,46,6,601,25),(1351,412,6,602,25),(1352,641,6,603,25),(1353,915,6,604,25),(1354,450,6,605,25),(1355,NULL,7,701,25),(1356,715,7,702,25),(1357,NULL,7,703,25),(1358,240,7,704,25),(1359,NULL,7,705,25),(1360,267,8,801,25),(1361,NULL,8,802,25),(1362,210,8,803,25),(1363,478,8,804,25),(1364,NULL,8,805,25),(1365,501,9,901,25),(1366,857,9,902,25),(1367,591,9,903,25),(1368,NULL,9,904,25),(1369,129,9,905,25),(1370,562,10,1001,25),(1371,251,10,1002,25),(1372,NULL,10,1003,25),(1373,837,10,1004,25),(1374,206,10,1005,25),(1375,878,11,1101,25),(1376,734,11,1102,25),(1377,735,11,1103,25),(1378,NULL,11,1104,25),(1379,218,11,1105,25),(1380,235,12,1201,25),(1381,949,12,1202,25),(1382,819,12,1203,25),(1383,NULL,12,1204,25),(1384,NULL,12,1205,25),(1385,557,13,1301,25),(1386,709,13,1302,25),(1387,853,13,1303,25),(1388,222,13,1304,25),(1389,10,13,1305,25),(1390,537,14,1401,25),(1391,617,14,1402,25),(1392,208,14,1403,25),(1393,628,14,1404,25),(1394,NULL,14,1405,25),(1395,39,15,1501,25),(1396,764,15,1502,25),(1397,743,15,1503,25),(1398,NULL,15,1504,25),(1399,723,15,1505,25),(1400,667,16,1601,25),(1401,NULL,16,1602,25),(1402,805,16,1603,25),(1403,458,16,1604,25),(1404,1003,16,1605,25),(1405,NULL,17,1701,25),(1406,676,17,1702,25),(1407,162,17,1703,25),(1408,NULL,17,1704,25),(1409,23,17,1705,25),(1410,251,1,101,26),(1411,767,1,102,26),(1412,723,1,103,26),(1413,NULL,1,104,26),(1414,NULL,1,105,26),(1415,478,2,201,26),(1416,809,2,202,26),(1417,794,2,203,26),(1418,54,2,204,26),(1419,NULL,2,205,26),(1420,219,3,301,26),(1421,234,3,302,26),(1422,NULL,3,303,26),(1423,957,3,304,26),(1424,278,3,305,26),(1425,NULL,4,401,26),(1426,NULL,4,402,26),(1427,313,4,403,26),(1428,NULL,4,404,26),(1429,NULL,4,405,26),(1430,843,5,501,26),(1431,532,5,502,26),(1432,NULL,5,503,26),(1433,749,5,504,26),(1434,283,5,505,26),(1435,415,6,601,26),(1436,NULL,6,602,26),(1437,642,6,603,26),(1438,NULL,6,604,26),(1439,NULL,6,605,26),(1440,503,7,701,26),(1441,NULL,7,702,26),(1442,NULL,7,703,26),(1443,NULL,7,704,26),(1444,NULL,7,705,26),(1445,670,8,801,26),(1446,551,8,802,26),(1447,NULL,8,803,26),(1448,729,8,804,26),(1449,188,8,805,26),(1450,550,9,901,26),(1451,914,9,902,26),(1452,419,9,903,26),(1453,615,9,904,26),(1454,573,9,905,26),(1455,622,10,1001,26),(1456,739,10,1002,26),(1457,NULL,10,1003,26),(1458,161,10,1004,26),(1459,118,10,1005,26),(1460,267,11,1101,26),(1461,617,11,1102,26),(1462,NULL,11,1103,26),(1463,981,11,1104,26),(1464,895,11,1105,26),(1465,168,12,1201,26),(1466,856,12,1202,26),(1467,NULL,12,1203,26),(1468,578,12,1204,26),(1469,889,12,1205,26),(1470,247,13,1301,26),(1471,935,13,1302,26),(1472,39,13,1303,26),(1473,919,13,1304,26),(1474,951,13,1305,26),(1475,NULL,14,1401,26),(1476,475,14,1402,26),(1477,NULL,14,1403,26),(1478,625,14,1404,26),(1479,146,14,1405,26),(1480,21,15,1501,26),(1481,NULL,15,1502,26),(1482,379,15,1503,26),(1483,NULL,15,1504,26),(1484,807,15,1505,26),(1485,NULL,16,1601,26),(1486,875,16,1602,26),(1487,225,16,1603,26),(1488,NULL,16,1604,26),(1489,120,16,1605,26),(1490,548,17,1701,26),(1491,371,17,1702,26),(1492,692,17,1703,26),(1493,NULL,17,1704,26),(1494,NULL,17,1705,26),(1495,NULL,18,1801,26),(1496,NULL,18,1802,26),(1497,399,18,1803,26),(1498,NULL,18,1804,26),(1499,925,18,1805,26),(1500,NULL,1,101,27),(1501,521,1,102,27),(1502,400,1,103,27),(1503,249,1,104,27),(1504,NULL,1,105,27),(1505,NULL,2,201,27),(1506,878,2,202,27),(1507,NULL,2,203,27),(1508,NULL,2,204,27),(1509,NULL,2,205,27),(1510,44,3,301,27),(1511,648,3,302,27),(1512,288,3,303,27),(1513,133,3,304,27),(1514,655,3,305,27),(1515,957,4,401,27),(1516,940,4,402,27),(1517,111,4,403,27),(1518,169,4,404,27),(1519,548,4,405,27),(1520,94,5,501,27),(1521,285,5,502,27),(1522,854,5,503,27),(1523,711,5,504,27),(1524,90,5,505,27),(1525,135,6,601,27),(1526,NULL,6,602,27),(1527,564,6,603,27),(1528,NULL,6,604,27),(1529,736,6,605,27),(1530,NULL,7,701,27),(1531,NULL,7,702,27),(1532,567,7,703,27),(1533,NULL,7,704,27),(1534,378,7,705,27),(1535,808,8,801,27),(1536,105,8,802,27),(1537,647,8,803,27),(1538,65,8,804,27),(1539,707,8,805,27),(1540,301,9,901,27),(1541,NULL,9,902,27),(1542,446,9,903,27),(1543,964,9,904,27),(1544,424,9,905,27),(1545,NULL,10,1001,27),(1546,899,10,1002,27),(1547,NULL,10,1003,27),(1548,NULL,10,1004,27),(1549,60,10,1005,27),(1550,642,11,1101,27),(1551,148,11,1102,27),(1552,785,11,1103,27),(1553,735,11,1104,27),(1554,330,11,1105,27),(1555,172,12,1201,27),(1556,83,12,1202,27),(1557,812,1,101,28),(1558,929,1,102,28),(1559,712,1,103,28),(1560,96,1,104,28),(1561,NULL,1,105,28),(1562,641,2,201,28),(1563,NULL,2,202,28),(1564,83,2,203,28),(1565,NULL,2,204,28),(1566,NULL,2,205,28),(1567,87,3,301,28),(1568,111,3,302,28),(1569,36,3,303,28),(1570,920,3,304,28),(1571,275,3,305,28),(1572,NULL,4,401,28),(1573,310,4,402,28),(1574,147,4,403,28),(1575,NULL,4,404,28),(1576,447,4,405,28),(1577,50,5,501,28),(1578,228,5,502,28),(1579,426,5,503,28),(1580,692,5,504,28),(1581,164,5,505,28),(1582,NULL,6,601,28),(1583,NULL,6,602,28),(1584,763,6,603,28),(1585,NULL,6,604,28),(1586,NULL,6,605,28),(1587,177,7,701,28),(1588,NULL,7,702,28),(1589,356,7,703,28),(1590,262,7,704,28),(1591,NULL,7,705,28),(1592,NULL,8,801,28),(1593,424,8,802,28),(1594,908,8,803,28),(1595,NULL,8,804,28),(1596,NULL,8,805,28),(1597,495,9,901,28),(1598,971,9,902,28),(1599,826,9,903,28),(1600,974,9,904,28),(1601,277,9,905,28),(1602,182,10,1001,28),(1603,NULL,10,1002,28),(1604,843,10,1003,28),(1605,170,10,1004,28),(1606,884,1,101,29),(1607,NULL,1,102,29),(1608,NULL,1,103,29),(1609,175,1,104,29),(1610,386,1,105,29),(1611,NULL,2,201,29),(1612,NULL,2,202,29),(1613,NULL,2,203,29),(1614,354,2,204,29),(1615,207,2,205,29),(1616,NULL,3,301,29),(1617,641,3,302,29),(1618,NULL,3,303,29),(1619,NULL,3,304,29),(1620,NULL,3,305,29),(1621,NULL,4,401,29),(1622,1001,4,402,29),(1623,NULL,4,403,29),(1624,570,4,404,29),(1625,441,4,405,29),(1626,NULL,5,501,29),(1627,23,5,502,29),(1628,556,5,503,29),(1629,54,5,504,29),(1630,717,5,505,29),(1631,47,6,601,29),(1632,NULL,6,602,29),(1633,981,6,603,29),(1634,NULL,6,604,29),(1635,251,6,605,29),(1636,NULL,7,701,29),(1637,755,7,702,29),(1638,386,7,703,29),(1639,733,7,704,29),(1640,421,7,705,29),(1641,271,8,801,29),(1642,877,8,802,29),(1643,NULL,8,803,29),(1644,610,8,804,29),(1645,670,8,805,29),(1646,246,9,901,29),(1647,NULL,9,902,29),(1648,NULL,9,903,29),(1649,NULL,9,904,29),(1650,534,9,905,29),(1651,NULL,10,1001,29),(1652,480,1,101,30),(1653,413,1,102,30),(1654,822,1,103,30),(1655,228,1,104,30),(1656,NULL,1,105,30),(1657,633,2,201,30),(1658,92,2,202,30),(1659,NULL,2,203,30),(1660,NULL,2,204,30),(1661,NULL,2,205,30),(1662,523,3,301,30),(1663,965,3,302,30),(1664,585,3,303,30),(1665,924,3,304,30),(1666,760,3,305,30),(1667,977,4,401,30),(1668,NULL,4,402,30),(1669,973,4,403,30),(1670,NULL,4,404,30),(1671,830,4,405,30),(1672,NULL,5,501,30),(1673,573,5,502,30),(1674,207,5,503,30),(1675,NULL,5,504,30),(1676,810,5,505,30),(1677,77,6,601,30),(1678,479,6,602,30),(1679,NULL,6,603,30),(1680,NULL,6,604,30),(1681,802,6,605,30),(1682,302,7,701,30),(1683,NULL,7,702,30),(1684,407,7,703,30),(1685,49,7,704,30),(1686,NULL,7,705,30),(1687,271,8,801,30),(1688,NULL,8,802,30),(1689,938,8,803,30),(1690,NULL,8,804,30),(1691,NULL,8,805,30),(1692,736,9,901,30),(1693,766,9,902,30),(1694,803,9,903,30),(1695,NULL,9,904,30),(1696,163,9,905,30),(1697,347,10,1001,30),(1698,NULL,10,1002,30),(1699,550,10,1003,30),(1700,216,1,101,31),(1701,782,1,102,31),(1702,428,1,103,31),(1703,NULL,1,104,31),(1704,737,1,105,31),(1705,NULL,2,201,31),(1706,887,2,202,31),(1707,444,2,203,31),(1708,380,2,204,31),(1709,872,2,205,31),(1710,265,3,301,31),(1711,753,3,302,31),(1712,904,3,303,31),(1713,165,3,304,31),(1714,850,3,305,31),(1715,628,4,401,31),(1716,170,4,402,31),(1717,140,4,403,31),(1718,41,4,404,31),(1719,827,4,405,31),(1720,409,5,501,31),(1721,305,5,502,31),(1722,489,5,503,31),(1723,112,5,504,31),(1724,638,5,505,31),(1725,45,6,601,31),(1726,NULL,6,602,31),(1727,NULL,6,603,31),(1728,169,6,604,31),(1729,460,6,605,31),(1730,774,7,701,31),(1731,NULL,7,702,31),(1732,430,7,703,31),(1733,633,7,704,31),(1734,111,7,705,31),(1735,704,8,801,31),(1736,280,8,802,31),(1737,549,8,803,31),(1738,NULL,8,804,31),(1739,443,8,805,31),(1740,25,9,901,31),(1741,964,9,902,31),(1742,846,9,903,31),(1743,NULL,9,904,31),(1744,263,9,905,31),(1745,678,10,1001,31),(1746,372,10,1002,31),(1747,146,10,1003,31),(1748,455,10,1004,31),(1749,712,10,1005,31),(1750,862,11,1101,31),(1751,NULL,11,1102,31),(1752,544,11,1103,31),(1753,NULL,11,1104,31),(1754,NULL,11,1105,31),(1755,93,12,1201,31),(1756,695,12,1202,31),(1757,NULL,12,1203,31),(1758,735,12,1204,31),(1759,440,12,1205,31),(1760,530,13,1301,31),(1761,NULL,13,1302,31),(1762,353,13,1303,31),(1763,NULL,13,1304,31),(1764,315,13,1305,31),(1765,507,14,1401,31),(1766,242,14,1402,31),(1767,655,1,101,32),(1768,308,1,102,32),(1769,774,1,103,32),(1770,811,1,104,32),(1771,NULL,1,105,32),(1772,59,2,201,32),(1773,NULL,2,202,32),(1774,NULL,2,203,32),(1775,390,2,204,32),(1776,563,2,205,32),(1777,829,3,301,32),(1778,602,3,302,32),(1779,874,3,303,32),(1780,NULL,3,304,32),(1781,876,3,305,32),(1782,672,4,401,32),(1783,NULL,4,402,32),(1784,421,4,403,32),(1785,274,4,404,32),(1786,618,4,405,32),(1787,267,5,501,32),(1788,NULL,5,502,32),(1789,NULL,5,503,32),(1790,148,5,504,32),(1791,NULL,5,505,32),(1792,437,6,601,32),(1793,278,6,602,32),(1794,256,6,603,32),(1795,NULL,6,604,32),(1796,834,6,605,32),(1797,788,7,701,32),(1798,NULL,7,702,32),(1799,991,7,703,32),(1800,NULL,7,704,32),(1801,237,7,705,32),(1802,751,8,801,32),(1803,159,8,802,32),(1804,457,8,803,32),(1805,338,8,804,32),(1806,NULL,8,805,32),(1807,349,9,901,32),(1808,NULL,9,902,32),(1809,549,9,903,32),(1810,74,9,904,32),(1811,705,9,905,32),(1812,253,10,1001,32),(1813,202,10,1002,32),(1814,NULL,10,1003,32),(1815,263,10,1004,32),(1816,514,10,1005,32),(1817,NULL,11,1101,32),(1818,NULL,11,1102,32),(1819,678,11,1103,32),(1820,396,11,1104,32),(1821,390,11,1105,32),(1822,NULL,12,1201,32),(1823,392,12,1202,32),(1824,267,12,1203,32),(1825,139,12,1204,32),(1826,250,12,1205,32),(1827,NULL,13,1301,32),(1828,NULL,13,1302,32),(1829,470,13,1303,32),(1830,394,13,1304,32),(1831,440,13,1305,32),(1832,899,14,1401,32),(1833,651,14,1402,32),(1834,448,14,1403,32),(1835,648,14,1404,32),(1836,318,14,1405,32),(1837,183,15,1501,32),(1838,942,15,1502,32),(1839,NULL,15,1503,32),(1840,NULL,15,1504,32),(1841,9,15,1505,32),(1842,313,16,1601,32),(1843,NULL,16,1602,32),(1844,380,16,1603,32),(1845,150,16,1604,32),(1846,510,16,1605,32),(1847,NULL,17,1701,32),(1848,NULL,17,1702,32),(1849,917,17,1703,32),(1850,NULL,17,1704,32),(1851,223,17,1705,32),(1852,NULL,18,1801,32),(1853,821,18,1802,32),(1854,NULL,18,1803,32),(1855,469,18,1804,32),(1856,901,18,1805,32),(1857,809,19,1901,32),(1858,NULL,19,1902,32),(1859,NULL,19,1903,32),(1860,511,19,1904,32),(1861,113,19,1905,32),(1862,166,20,2001,32),(1863,NULL,20,2002,32),(1864,75,20,2003,32),(1865,574,20,2004,32),(1866,48,1,101,33),(1867,625,1,102,33),(1868,NULL,1,103,33),(1869,627,1,104,33),(1870,NULL,1,105,33),(1871,192,2,201,33),(1872,310,2,202,33),(1873,629,2,203,33),(1874,119,2,204,33),(1875,NULL,2,205,33),(1876,NULL,3,301,33),(1877,855,3,302,33),(1878,476,3,303,33),(1879,NULL,3,304,33),(1880,NULL,3,305,33),(1881,896,4,401,33),(1882,627,4,402,33),(1883,307,4,403,33),(1884,NULL,4,404,33),(1885,7,4,405,33),(1886,188,5,501,33),(1887,648,5,502,33),(1888,NULL,5,503,33),(1889,NULL,5,504,33),(1890,244,5,505,33),(1891,NULL,6,601,33),(1892,NULL,6,602,33),(1893,NULL,6,603,33),(1894,353,6,604,33),(1895,395,6,605,33),(1896,686,7,701,33),(1897,NULL,7,702,33),(1898,NULL,7,703,33),(1899,854,7,704,33),(1900,251,7,705,33),(1901,241,8,801,33),(1902,NULL,8,802,33),(1903,480,8,803,33),(1904,265,8,804,33),(1905,NULL,8,805,33),(1906,NULL,9,901,33),(1907,904,9,902,33),(1908,NULL,9,903,33),(1909,945,9,904,33),(1910,356,9,905,33),(1911,NULL,10,1001,33),(1912,NULL,10,1002,33),(1913,NULL,10,1003,33),(1914,769,10,1004,33),(1915,43,10,1005,33),(1916,481,11,1101,33),(1917,241,11,1102,33),(1918,781,11,1103,33),(1919,295,11,1104,33),(1920,503,11,1105,33),(1921,NULL,12,1201,33),(1922,37,12,1202,33),(1923,NULL,12,1203,33),(1924,NULL,12,1204,33),(1925,NULL,12,1205,33),(1926,193,13,1301,33),(1927,70,13,1302,33),(1928,NULL,13,1303,33),(1929,317,13,1304,33),(1930,941,13,1305,33),(1931,NULL,14,1401,33),(1932,156,14,1402,33),(1933,373,14,1403,33),(1934,889,14,1404,33),(1935,NULL,14,1405,33),(1936,NULL,15,1501,33),(1937,16,15,1502,33),(1938,101,15,1503,33),(1939,697,15,1504,33),(1940,NULL,15,1505,33),(1941,151,16,1601,33),(1942,717,16,1602,33),(1943,1005,16,1603,33),(1944,NULL,16,1604,33),(1945,185,16,1605,33),(1946,851,17,1701,33),(1947,987,17,1702,33),(1948,NULL,17,1703,33),(1949,644,17,1704,33),(1950,750,17,1705,33),(1951,NULL,18,1801,33),(1952,937,18,1802,33),(1953,NULL,18,1803,33),(1954,326,18,1804,33),(1955,629,18,1805,33),(1956,941,19,1901,33),(1957,1005,19,1902,33),(1958,163,19,1903,33),(1959,NULL,19,1904,33),(1960,NULL,19,1905,33),(1961,926,20,2001,33),(1962,373,20,2002,33),(1963,762,20,2003,33),(1964,NULL,20,2004,33),(1965,NULL,1,101,34),(1966,434,1,102,34),(1967,770,1,103,34),(1968,621,1,104,34),(1969,NULL,1,105,34),(1970,60,2,201,34),(1971,109,2,202,34),(1972,801,2,203,34),(1973,165,2,204,34),(1974,NULL,2,205,34),(1975,645,3,301,34),(1976,66,3,302,34),(1977,746,3,303,34),(1978,655,3,304,34),(1979,NULL,3,305,34),(1980,207,4,401,34),(1981,79,4,402,34),(1982,284,4,403,34),(1983,436,4,404,34),(1984,487,4,405,34),(1985,271,5,501,34),(1986,NULL,5,502,34),(1987,NULL,1,101,35),(1988,181,1,102,35),(1989,526,1,103,35),(1990,902,1,104,35),(1991,502,1,105,35),(1992,203,2,201,35),(1993,NULL,2,202,35),(1994,595,2,203,35),(1995,726,2,204,35),(1996,593,2,205,35),(1997,NULL,3,301,35),(1998,784,3,302,35),(1999,715,3,303,35),(2000,NULL,3,304,35),(2001,NULL,3,305,35),(2002,868,4,401,35),(2003,215,4,402,35),(2004,903,4,403,35),(2005,366,4,404,35),(2006,326,4,405,35),(2007,846,5,501,35),(2008,646,5,502,35),(2009,308,5,503,35),(2010,NULL,5,504,35),(2011,549,5,505,35),(2012,NULL,6,601,35),(2013,20,6,602,35),(2014,851,6,603,35),(2015,NULL,6,604,35),(2016,829,6,605,35),(2017,488,7,701,35),(2018,36,7,702,35),(2019,584,7,703,35),(2020,960,7,704,35),(2021,839,7,705,35),(2022,NULL,8,801,35),(2023,NULL,8,802,35),(2024,NULL,8,803,35),(2025,NULL,8,804,35),(2026,NULL,8,805,35),(2027,618,9,901,35),(2028,961,9,902,35),(2029,NULL,9,903,35),(2030,150,9,904,35),(2031,NULL,9,905,35),(2032,NULL,10,1001,35),(2033,142,10,1002,35),(2034,477,10,1003,35),(2035,NULL,10,1004,35),(2036,780,10,1005,35),(2037,62,11,1101,35),(2038,372,11,1102,35),(2039,290,11,1103,35),(2040,547,11,1104,35),(2041,459,11,1105,35),(2042,216,12,1201,35),(2043,NULL,12,1202,35),(2044,594,12,1203,35),(2045,NULL,12,1204,35),(2046,84,12,1205,35),(2047,NULL,13,1301,35),(2048,209,13,1302,35),(2049,555,13,1303,35),(2050,NULL,13,1304,35),(2051,85,13,1305,35),(2052,922,14,1401,35),(2053,737,1,101,36),(2054,NULL,1,102,36),(2055,401,1,103,36),(2056,NULL,1,104,36),(2057,734,1,105,36),(2058,22,2,201,36),(2059,137,2,202,36),(2060,728,2,203,36),(2061,900,2,204,36),(2062,NULL,2,205,36),(2063,NULL,3,301,36),(2064,242,3,302,36),(2065,188,3,303,36),(2066,NULL,3,304,36),(2067,NULL,3,305,36),(2068,166,4,401,36),(2069,NULL,4,402,36),(2070,990,4,403,36),(2071,75,4,404,36),(2072,490,4,405,36),(2073,NULL,5,501,36),(2074,309,5,502,36),(2075,991,5,503,36),(2076,212,5,504,36),(2077,285,5,505,36),(2078,621,6,601,36),(2079,236,6,602,36),(2080,NULL,6,603,36),(2081,608,6,604,36),(2082,NULL,6,605,36),(2083,879,7,701,36),(2084,60,7,702,36),(2085,49,7,703,36),(2086,NULL,7,704,36),(2087,996,7,705,36),(2088,NULL,8,801,36),(2089,575,8,802,36),(2090,NULL,8,803,36),(2091,930,8,804,36),(2092,627,8,805,36),(2093,NULL,9,901,36),(2094,366,9,902,36),(2095,NULL,9,903,36),(2096,NULL,9,904,36),(2097,993,9,905,36),(2098,912,10,1001,36),(2099,9,10,1002,36),(2100,563,10,1003,36),(2101,544,10,1004,36),(2102,NULL,10,1005,36),(2103,349,11,1101,36),(2104,81,11,1102,36),(2105,NULL,11,1103,36),(2106,920,11,1104,36),(2107,759,11,1105,36),(2108,64,12,1201,36),(2109,NULL,12,1202,36),(2110,NULL,12,1203,36),(2111,104,12,1204,36),(2112,37,12,1205,36),(2113,331,13,1301,36),(2114,NULL,13,1302,36),(2115,533,13,1303,36),(2116,219,13,1304,36),(2117,438,13,1305,36),(2118,194,14,1401,36),(2119,954,14,1402,36),(2120,525,14,1403,36),(2121,768,14,1404,36),(2122,639,14,1405,36),(2123,879,15,1501,36),(2124,NULL,15,1502,36),(2125,974,15,1503,36),(2126,23,15,1504,36),(2127,NULL,15,1505,36),(2128,758,16,1601,36),(2129,NULL,16,1602,36),(2130,58,16,1603,36),(2131,809,16,1604,36),(2132,NULL,16,1605,36),(2133,NULL,1,101,37),(2134,637,1,102,37),(2135,951,1,103,37),(2136,752,1,104,37),(2137,495,1,105,37),(2138,656,2,201,37),(2139,NULL,2,202,37),(2140,395,2,203,37),(2141,244,2,204,37),(2142,NULL,2,205,37),(2143,30,3,301,37),(2144,350,3,302,37),(2145,101,3,303,37),(2146,219,3,304,37),(2147,777,3,305,37),(2148,825,4,401,37),(2149,53,4,402,37),(2150,NULL,4,403,37),(2151,124,4,404,37),(2152,48,4,405,37),(2153,NULL,5,501,37),(2154,785,5,502,37),(2155,848,5,503,37),(2156,638,5,504,37),(2157,618,5,505,37),(2158,NULL,6,601,37),(2159,715,6,602,37),(2160,601,6,603,37),(2161,19,6,604,37),(2162,144,6,605,37),(2163,62,7,701,37),(2164,637,7,702,37),(2165,35,7,703,37),(2166,NULL,7,704,37),(2167,694,7,705,37),(2168,NULL,8,801,37),(2169,NULL,8,802,37),(2170,561,8,803,37),(2171,NULL,8,804,37),(2172,813,8,805,37),(2173,548,9,901,37),(2174,NULL,9,902,37),(2175,839,9,903,37),(2176,616,9,904,37),(2177,280,9,905,37),(2178,183,10,1001,37),(2179,NULL,10,1002,37),(2180,466,10,1003,37),(2181,NULL,10,1004,37),(2182,103,10,1005,37),(2183,NULL,11,1101,37),(2184,NULL,11,1102,37),(2185,571,11,1103,37),(2186,592,11,1104,37),(2187,NULL,11,1105,37),(2188,NULL,12,1201,37),(2189,194,12,1202,37),(2190,879,12,1203,37),(2191,145,12,1204,37),(2192,13,12,1205,37),(2193,916,13,1301,37),(2194,523,13,1302,37),(2195,70,13,1303,37),(2196,21,13,1304,37),(2197,673,13,1305,37),(2198,388,14,1401,37),(2199,631,14,1402,37),(2200,550,14,1403,37),(2201,352,14,1404,37),(2202,595,14,1405,37),(2203,288,15,1501,37),(2204,NULL,15,1502,37),(2205,153,15,1503,37),(2206,983,15,1504,37),(2207,NULL,15,1505,37),(2208,51,16,1601,37),(2209,54,16,1602,37),(2210,88,16,1603,37),(2211,NULL,16,1604,37),(2212,NULL,16,1605,37),(2213,NULL,17,1701,37),(2214,612,17,1702,37),(2215,484,17,1703,37),(2216,NULL,17,1704,37),(2217,NULL,17,1705,37),(2218,677,18,1801,37),(2219,883,18,1802,37),(2220,NULL,18,1803,37),(2221,935,18,1804,37),(2222,590,18,1805,37),(2223,442,19,1901,37),(2224,318,19,1902,37),(2225,422,19,1903,37),(2226,434,19,1904,37),(2227,126,19,1905,37),(2228,646,20,2001,37),(2229,NULL,20,2002,37),(2230,NULL,1,101,38),(2231,NULL,1,102,38),(2232,952,1,103,38),(2233,NULL,1,104,38),(2234,703,1,105,38),(2235,316,2,201,38),(2236,604,2,202,38),(2237,122,2,203,38),(2238,187,2,204,38),(2239,22,2,205,38),(2240,128,3,301,38),(2241,526,3,302,38),(2242,391,3,303,38),(2243,895,3,304,38),(2244,261,3,305,38),(2245,860,4,401,38),(2246,NULL,4,402,38),(2247,NULL,4,403,38),(2248,NULL,4,404,38),(2249,NULL,4,405,38),(2250,224,5,501,38),(2251,58,5,502,38),(2252,NULL,5,503,38),(2253,996,5,504,38),(2254,943,5,505,38),(2255,268,6,601,38),(2256,774,6,602,38),(2257,579,6,603,38),(2258,578,6,604,38),(2259,NULL,6,605,38),(2260,297,7,701,38),(2261,839,7,702,38),(2262,662,7,703,38),(2263,932,7,704,38),(2264,NULL,7,705,38),(2265,74,8,801,38),(2266,748,8,802,38),(2267,22,8,803,38),(2268,1003,8,804,38),(2269,NULL,8,805,38),(2270,NULL,9,901,38),(2271,510,9,902,38),(2272,886,9,903,38),(2273,105,9,904,38),(2274,NULL,9,905,38),(2275,956,10,1001,38),(2276,NULL,10,1002,38),(2277,NULL,1,101,39),(2278,105,1,102,39),(2279,537,1,103,39),(2280,155,1,104,39),(2281,290,1,105,39),(2282,NULL,2,201,39),(2283,1006,2,202,39),(2284,NULL,2,203,39),(2285,NULL,2,204,39),(2286,448,2,205,39),(2287,337,3,301,39),(2288,986,3,302,39),(2289,726,3,303,39),(2290,NULL,3,304,39),(2291,316,3,305,39),(2292,454,4,401,39),(2293,725,4,402,39),(2294,356,4,403,39),(2295,NULL,4,404,39),(2296,NULL,4,405,39),(2297,525,5,501,39),(2298,953,5,502,39),(2299,404,5,503,39),(2300,778,5,504,39),(2301,305,5,505,39),(2302,40,6,601,39),(2303,634,6,602,39),(2304,NULL,6,603,39),(2305,730,6,604,39),(2306,NULL,6,605,39),(2307,NULL,7,701,39),(2308,72,7,702,39),(2309,469,7,703,39),(2310,78,7,704,39),(2311,285,7,705,39),(2312,31,8,801,39),(2313,806,8,802,39),(2314,157,8,803,39),(2315,62,8,804,39),(2316,391,8,805,39),(2317,693,1,101,40),(2318,515,1,102,40),(2319,108,1,103,40),(2320,400,1,104,40),(2321,889,1,105,40),(2322,NULL,2,201,40),(2323,NULL,2,202,40),(2324,450,2,203,40),(2325,335,2,204,40),(2326,NULL,2,205,40),(2327,232,3,301,40),(2328,39,3,302,40),(2329,NULL,3,303,40),(2330,458,3,304,40),(2331,748,3,305,40),(2332,952,1,101,41),(2333,804,1,102,41),(2334,677,1,103,41),(2335,351,1,104,41),(2336,NULL,1,105,41),(2337,890,2,201,41),(2338,203,2,202,41),(2339,NULL,2,203,41),(2340,NULL,2,204,41),(2341,581,2,205,41),(2342,527,3,301,41),(2343,433,3,302,41),(2344,185,3,303,41),(2345,423,3,304,41),(2346,699,3,305,41),(2347,363,4,401,41),(2348,523,4,402,41),(2349,205,4,403,41),(2350,NULL,4,404,41),(2351,707,4,405,41),(2352,565,5,501,41),(2353,795,5,502,41),(2354,814,5,503,41),(2355,836,5,504,41),(2356,NULL,5,505,41),(2357,376,6,601,41),(2358,709,6,602,41),(2359,740,6,603,41),(2360,324,6,604,41),(2361,NULL,6,605,41),(2362,679,7,701,41),(2363,550,7,702,41),(2364,41,7,703,41),(2365,928,7,704,41),(2366,NULL,7,705,41),(2367,895,8,801,41),(2368,649,8,802,41),(2369,275,8,803,41),(2370,945,8,804,41),(2371,NULL,8,805,41),(2372,NULL,9,901,41),(2373,9,9,902,41),(2374,794,9,903,41),(2375,NULL,9,904,41),(2376,536,9,905,41),(2377,NULL,10,1001,41),(2378,NULL,10,1002,41),(2379,669,10,1003,41),(2380,NULL,10,1004,41),(2381,NULL,10,1005,41),(2382,830,11,1101,41),(2383,NULL,11,1102,41),(2384,NULL,11,1103,41),(2385,NULL,11,1104,41),(2386,NULL,11,1105,41),(2387,856,12,1201,41),(2388,955,12,1202,41),(2389,368,12,1203,41),(2390,480,12,1204,41),(2391,42,12,1205,41),(2392,NULL,13,1301,41),(2393,NULL,13,1302,41),(2394,513,13,1303,41),(2395,592,13,1304,41),(2396,345,13,1305,41),(2397,NULL,14,1401,41),(2398,345,14,1402,41),(2399,818,14,1403,41),(2400,462,14,1404,41),(2401,677,14,1405,41),(2402,917,15,1501,41),(2403,NULL,15,1502,41),(2404,329,15,1503,41),(2405,787,15,1504,41),(2406,999,15,1505,41),(2407,456,16,1601,41),(2408,290,16,1602,41),(2409,820,1,101,42),(2410,185,1,102,42),(2411,41,1,103,42),(2412,913,1,104,42),(2413,832,1,105,42),(2414,760,2,201,42),(2415,539,2,202,42),(2416,173,2,203,42),(2417,NULL,2,204,42),(2418,108,1,101,43),(2419,594,1,102,43),(2420,395,1,103,43),(2421,281,1,104,43),(2422,32,1,105,43),(2423,941,2,201,43),(2424,NULL,2,202,43),(2425,558,2,203,43),(2426,486,2,204,43),(2427,647,2,205,43),(2428,641,3,301,43),(2429,NULL,3,302,43),(2430,416,3,303,43),(2431,NULL,3,304,43),(2432,662,3,305,43),(2433,735,4,401,43),(2434,234,4,402,43),(2435,NULL,4,403,43),(2436,NULL,4,404,43),(2437,117,4,405,43),(2438,998,5,501,43),(2439,NULL,5,502,43),(2440,212,5,503,43),(2441,NULL,5,504,43),(2442,NULL,5,505,43),(2443,NULL,6,601,43),(2444,474,6,602,43),(2445,NULL,1,101,44),(2446,NULL,1,102,44),(2447,NULL,1,103,44),(2448,126,1,104,44),(2449,NULL,1,105,44),(2450,639,2,201,44),(2451,44,2,202,44),(2452,733,2,203,44),(2453,568,2,204,44),(2454,513,2,205,44),(2455,NULL,3,301,44),(2456,311,3,302,44),(2457,748,3,303,44),(2458,684,3,304,44),(2459,636,3,305,44),(2460,683,4,401,44),(2461,280,4,402,44),(2462,NULL,4,403,44),(2463,721,4,404,44),(2464,13,4,405,44),(2465,335,5,501,44),(2466,949,5,502,44),(2467,14,5,503,44),(2468,72,5,504,44),(2469,821,5,505,44),(2470,336,6,601,44),(2471,NULL,6,602,44),(2472,NULL,6,603,44),(2473,815,6,604,44),(2474,815,6,605,44),(2475,488,7,701,44),(2476,162,7,702,44),(2477,34,7,703,44),(2478,NULL,7,704,44),(2479,210,7,705,44),(2480,NULL,8,801,44),(2481,60,8,802,44),(2482,24,8,803,44),(2483,NULL,8,804,44),(2484,83,8,805,44),(2485,NULL,9,901,44),(2486,375,9,902,44),(2487,800,9,903,44),(2488,103,9,904,44),(2489,NULL,9,905,44),(2490,931,10,1001,44),(2491,NULL,10,1002,44),(2492,115,10,1003,44),(2493,361,10,1004,44),(2494,NULL,10,1005,44),(2495,NULL,11,1101,44),(2496,82,11,1102,44),(2497,395,11,1103,44),(2498,640,11,1104,44),(2499,167,11,1105,44),(2500,654,12,1201,44),(2501,98,12,1202,44),(2502,NULL,12,1203,44),(2503,1003,12,1204,44),(2504,NULL,12,1205,44),(2505,332,13,1301,44),(2506,547,13,1302,44),(2507,938,13,1303,44),(2508,88,13,1304,44),(2509,762,13,1305,44),(2510,446,14,1401,44),(2511,NULL,14,1402,44),(2512,422,14,1403,44),(2513,584,14,1404,44),(2514,NULL,14,1405,44),(2515,709,15,1501,44),(2516,905,15,1502,44),(2517,858,15,1503,44),(2518,NULL,15,1504,44),(2519,182,15,1505,44),(2520,131,16,1601,44),(2521,NULL,16,1602,44),(2522,384,16,1603,44),(2523,470,16,1604,44),(2524,550,16,1605,44),(2525,229,17,1701,44),(2526,455,17,1702,44),(2527,NULL,17,1703,44),(2528,NULL,17,1704,44),(2529,63,17,1705,44),(2530,NULL,18,1801,44),(2531,350,18,1802,44),(2532,818,18,1803,44),(2533,529,18,1804,44),(2534,458,1,101,45),(2535,128,1,102,45),(2536,833,1,103,45),(2537,225,1,104,45),(2538,430,1,105,45),(2539,432,2,201,45),(2540,355,2,202,45),(2541,NULL,2,203,45),(2542,888,2,204,45),(2543,618,2,205,45),(2544,264,3,301,45),(2545,951,3,302,45),(2546,869,3,303,45),(2547,NULL,3,304,45),(2548,NULL,3,305,45),(2549,658,4,401,45),(2550,613,4,402,45),(2551,221,4,403,45),(2552,501,4,404,45),(2553,980,4,405,45),(2554,15,5,501,45),(2555,NULL,5,502,45),(2556,627,5,503,45),(2557,NULL,5,504,45),(2558,NULL,5,505,45),(2559,NULL,6,601,45),(2560,NULL,6,602,45),(2561,136,6,603,45),(2562,471,6,604,45),(2563,440,6,605,45),(2564,140,7,701,45),(2565,NULL,7,702,45),(2566,NULL,7,703,45),(2567,359,7,704,45),(2568,414,7,705,45),(2569,833,8,801,45),(2570,NULL,8,802,45),(2571,NULL,8,803,45),(2572,458,8,804,45),(2573,529,8,805,45),(2574,696,9,901,45),(2575,NULL,9,902,45),(2576,55,9,903,45),(2577,485,9,904,45),(2578,26,9,905,45),(2579,NULL,10,1001,45),(2580,255,10,1002,45),(2581,NULL,10,1003,45),(2582,382,10,1004,45),(2583,944,10,1005,45),(2584,NULL,11,1101,45),(2585,522,11,1102,45),(2586,NULL,11,1103,45),(2587,484,11,1104,45),(2588,890,11,1105,45),(2589,635,12,1201,45),(2590,776,12,1202,45),(2591,132,12,1203,45),(2592,813,12,1204,45),(2593,220,12,1205,45),(2594,NULL,13,1301,45),(2595,196,13,1302,45),(2596,453,13,1303,45),(2597,320,13,1304,45),(2598,982,13,1305,45),(2599,NULL,14,1401,45),(2600,NULL,14,1402,45),(2601,94,14,1403,45),(2602,809,14,1404,45),(2603,369,14,1405,45),(2604,116,15,1501,45),(2605,808,15,1502,45),(2606,842,15,1503,45),(2607,807,15,1504,45),(2608,893,15,1505,45),(2609,889,16,1601,45),(2610,981,16,1602,45),(2611,299,16,1603,45),(2612,776,16,1604,45),(2613,NULL,16,1605,45),(2614,68,17,1701,45),(2615,348,17,1702,45),(2616,967,17,1703,45),(2617,273,17,1704,45),(2618,NULL,17,1705,45),(2619,58,18,1801,45),(2620,713,18,1802,45),(2621,279,18,1803,45),(2622,234,18,1804,45),(2623,NULL,18,1805,45),(2624,754,1,101,46),(2625,802,1,102,46),(2626,321,1,103,46),(2627,653,1,104,46),(2628,186,1,105,46),(2629,NULL,2,201,46),(2630,NULL,2,202,46),(2631,672,2,203,46),(2632,562,2,204,46),(2633,586,2,205,46),(2634,755,3,301,46),(2635,660,3,302,46),(2636,71,3,303,46),(2637,676,3,304,46),(2638,NULL,3,305,46),(2639,633,4,401,46),(2640,56,4,402,46),(2641,975,4,403,46),(2642,212,4,404,46),(2643,453,4,405,46),(2644,30,1,101,47),(2645,862,1,102,47),(2646,NULL,1,103,47),(2647,NULL,1,104,47),(2648,553,1,105,47),(2649,345,2,201,47),(2650,855,2,202,47),(2651,458,2,203,47),(2652,12,2,204,47),(2653,NULL,2,205,47),(2654,231,3,301,47),(2655,918,3,302,47),(2656,440,3,303,47),(2657,1005,3,304,47),(2658,NULL,3,305,47),(2659,NULL,4,401,47),(2660,623,4,402,47),(2661,NULL,4,403,47),(2662,429,4,404,47),(2663,408,1,101,48),(2664,330,1,102,48),(2665,478,1,103,48),(2666,463,1,104,48),(2667,233,1,105,48),(2668,NULL,2,201,48),(2669,328,2,202,48),(2670,NULL,2,203,48),(2671,NULL,2,204,48),(2672,NULL,2,205,48),(2673,103,3,301,48),(2674,944,3,302,48),(2675,404,3,303,48),(2676,848,3,304,48),(2677,NULL,3,305,48),(2678,686,4,401,48),(2679,776,4,402,48),(2680,726,4,403,48),(2681,NULL,4,404,48),(2682,NULL,4,405,48),(2683,98,5,501,48),(2684,NULL,5,502,48),(2685,586,5,503,48),(2686,213,5,504,48),(2687,NULL,5,505,48),(2688,842,6,601,48),(2689,506,6,602,48),(2690,510,6,603,48),(2691,641,6,604,48),(2692,397,6,605,48),(2693,197,7,701,48),(2694,904,7,702,48),(2695,538,7,703,48),(2696,NULL,7,704,48),(2697,NULL,7,705,48),(2698,872,8,801,48),(2699,882,8,802,48),(2700,NULL,8,803,48),(2701,NULL,8,804,48),(2702,722,8,805,48),(2703,127,9,901,48),(2704,103,1,101,49),(2705,NULL,1,102,49),(2706,198,1,103,49),(2707,NULL,1,104,49),(2708,851,1,105,49),(2709,430,2,201,49),(2710,226,2,202,49),(2711,207,2,203,49),(2712,NULL,2,204,49),(2713,720,2,205,49),(2714,401,3,301,49),(2715,726,3,302,49),(2716,681,3,303,49),(2717,NULL,3,304,49),(2718,NULL,3,305,49),(2719,NULL,4,401,49),(2720,501,4,402,49),(2721,787,4,403,49),(2722,NULL,4,404,49),(2723,84,4,405,49),(2724,NULL,5,501,49),(2725,764,5,502,49),(2726,806,5,503,49),(2727,NULL,5,504,49),(2728,237,5,505,49),(2729,980,6,601,49),(2730,295,6,602,49),(2731,92,6,603,49),(2732,94,6,604,49),(2733,NULL,6,605,49),(2734,337,7,701,49),(2735,451,1,101,50),(2736,631,1,102,50),(2737,887,1,103,50),(2738,764,1,104,50),(2739,NULL,1,105,50),(2740,318,2,201,50),(2741,614,2,202,50),(2742,NULL,2,203,50),(2743,142,2,204,50),(2744,655,2,205,50),(2745,NULL,3,301,50),(2746,NULL,3,302,50),(2747,282,3,303,50),(2748,NULL,3,304,50),(2749,720,3,305,50),(2750,NULL,4,401,50),(2751,970,4,402,50),(2752,865,4,403,50),(2753,231,4,404,50),(2754,90,4,405,50),(2755,122,5,501,50),(2756,NULL,5,502,50),(2757,584,5,503,50),(2758,NULL,5,504,50),(2759,NULL,5,505,50),(2760,NULL,6,601,50),(2761,NULL,6,602,50),(2762,57,6,603,50),(2763,222,6,604,50),(2764,NULL,6,605,50),(2765,348,7,701,50),(2766,716,7,702,50),(2767,426,7,703,50),(2768,500,7,704,50),(2769,239,7,705,50),(2770,170,8,801,50),(2771,808,8,802,50),(2772,18,8,803,50),(2773,201,8,804,50),(2774,343,8,805,50),(2775,NULL,9,901,50),(2776,341,9,902,50),(2777,NULL,9,903,50),(2778,879,9,904,50),(2779,567,9,905,50),(2780,933,10,1001,50),(2781,793,10,1002,50),(2782,398,10,1003,50),(2783,980,10,1004,50),(2784,427,10,1005,50),(2785,NULL,11,1101,50),(2786,568,11,1102,50),(2787,NULL,11,1103,50),(2788,NULL,11,1104,50),(2789,NULL,11,1105,50),(2790,122,12,1201,50),(2791,NULL,12,1202,50),(2792,921,12,1203,50),(2793,NULL,12,1204,50),(2794,NULL,12,1205,50),(2795,NULL,13,1301,50),(2796,NULL,13,1302,50),(2797,NULL,13,1303,50),(2798,175,13,1304,50),(2799,652,13,1305,50),(2800,421,14,1401,50),(2801,111,14,1402,50),(2802,979,14,1403,50),(2803,513,14,1404,50),(2804,130,14,1405,50),(2805,351,15,1501,50),(2806,NULL,15,1502,50),(2807,766,15,1503,50),(2808,969,15,1504,50),(2809,904,15,1505,50),(2810,184,16,1601,50),(2811,889,16,1602,50),(2812,NULL,16,1603,50),(2813,327,16,1604,50),(2814,765,16,1605,50),(2815,775,17,1701,50),(2816,19,17,1702,50),(2817,587,17,1703,50),(2818,15,17,1704,50),(2819,NULL,17,1705,50),(2820,481,18,1801,50),(2821,NULL,18,1802,50),(2822,627,18,1803,50),(2823,65,18,1804,50),(2824,946,18,1805,50),(2825,662,19,1901,50),(2826,948,1,101,51),(2827,944,1,102,51),(2828,336,1,103,51),(2829,NULL,1,104,51),(2830,312,1,105,51),(2831,801,2,201,51),(2832,NULL,2,202,51),(2833,NULL,2,203,51),(2834,NULL,2,204,51),(2835,454,2,205,51),(2836,28,3,301,51),(2837,NULL,3,302,51),(2838,877,3,303,51),(2839,367,3,304,51),(2840,194,1,101,52),(2841,149,1,102,52),(2842,NULL,1,103,52),(2843,NULL,1,104,52),(2844,381,1,105,52),(2845,1004,2,201,52),(2846,521,2,202,52),(2847,718,2,203,52),(2848,NULL,2,204,52),(2849,343,2,205,52),(2850,815,3,301,52),(2851,NULL,3,302,52),(2852,838,3,303,52),(2853,629,3,304,52),(2854,325,3,305,52),(2855,NULL,4,401,52),(2856,691,4,402,52),(2857,43,4,403,52),(2858,482,4,404,52),(2859,184,4,405,52),(2860,NULL,5,501,52),(2861,402,5,502,52),(2862,517,5,503,52),(2863,NULL,5,504,52),(2864,NULL,5,505,52),(2865,497,6,601,52),(2866,89,6,602,52),(2867,52,6,603,52),(2868,NULL,6,604,52),(2869,880,6,605,52),(2870,387,7,701,52),(2871,858,7,702,52),(2872,744,7,703,52),(2873,911,7,704,52),(2874,44,7,705,52),(2875,798,8,801,52),(2876,37,8,802,52),(2877,NULL,8,803,52),(2878,118,8,804,52),(2879,NULL,8,805,52),(2880,680,9,901,52),(2881,NULL,9,902,52),(2882,881,9,903,52),(2883,NULL,1,101,53),(2884,708,1,102,53),(2885,593,1,103,53),(2886,408,1,104,53),(2887,43,1,105,53),(2888,877,2,201,53),(2889,211,2,202,53),(2890,533,2,203,53),(2891,962,2,204,53),(2892,195,2,205,53),(2893,NULL,3,301,53),(2894,383,3,302,53),(2895,394,3,303,53),(2896,159,3,304,53),(2897,NULL,3,305,53),(2898,747,4,401,53),(2899,404,4,402,53),(2900,305,4,403,53),(2901,NULL,4,404,53),(2902,NULL,4,405,53),(2903,452,5,501,53),(2904,652,5,502,53),(2905,NULL,5,503,53),(2906,485,5,504,53),(2907,352,5,505,53),(2908,NULL,6,601,53),(2909,156,6,602,53),(2910,927,6,603,53),(2911,675,6,604,53),(2912,814,6,605,53),(2913,405,7,701,53),(2914,25,7,702,53),(2915,NULL,7,703,53),(2916,257,7,704,53),(2917,844,7,705,53),(2918,9,8,801,53),(2919,908,8,802,53),(2920,268,8,803,53),(2921,178,8,804,53),(2922,643,8,805,53),(2923,389,9,901,53),(2924,NULL,9,902,53),(2925,7,9,903,53),(2926,86,9,904,53),(2927,372,9,905,53),(2928,563,10,1001,53),(2929,860,10,1002,53),(2930,406,10,1003,53),(2931,NULL,10,1004,53),(2932,974,10,1005,53),(2933,NULL,11,1101,53),(2934,121,11,1102,53),(2935,698,11,1103,53),(2936,586,11,1104,53),(2937,181,11,1105,53),(2938,885,12,1201,53),(2939,NULL,12,1202,53),(2940,312,12,1203,53),(2941,206,12,1204,53),(2942,678,12,1205,53),(2943,NULL,13,1301,53),(2944,148,13,1302,53),(2945,NULL,13,1303,53),(2946,679,13,1304,53),(2947,NULL,13,1305,53),(2948,268,14,1401,53),(2949,NULL,14,1402,53),(2950,327,14,1403,53),(2951,NULL,14,1404,53),(2952,191,14,1405,53),(2953,288,1,101,54),(2954,311,1,102,54),(2955,908,1,103,54),(2956,478,1,104,54),(2957,872,1,105,54),(2958,820,2,201,54),(2959,19,2,202,54),(2960,802,2,203,54),(2961,539,2,204,54),(2962,872,2,205,54),(2963,171,3,301,54),(2964,673,3,302,54),(2965,772,3,303,54),(2966,425,3,304,54),(2967,NULL,3,305,54),(2968,NULL,4,401,54),(2969,472,4,402,54),(2970,335,4,403,54),(2971,792,4,404,54),(2972,297,4,405,54),(2973,249,5,501,54),(2974,NULL,5,502,54),(2975,NULL,5,503,54),(2976,NULL,5,504,54),(2977,924,5,505,54),(2978,NULL,6,601,54),(2979,NULL,6,602,54),(2980,162,6,603,54),(2981,NULL,6,604,54),(2982,452,6,605,54),(2983,423,7,701,54),(2984,830,7,702,54),(2985,NULL,7,703,54),(2986,870,7,704,54),(2987,433,7,705,54),(2988,NULL,8,801,54),(2989,NULL,8,802,54),(2990,NULL,8,803,54),(2991,526,8,804,54),(2992,141,8,805,54),(2993,NULL,9,901,54),(2994,521,9,902,54),(2995,165,9,903,54),(2996,470,9,904,54),(2997,959,9,905,54),(2998,NULL,10,1001,54),(2999,330,10,1002,54),(3000,397,10,1003,54),(3001,231,10,1004,54),(3002,760,10,1005,54),(3003,510,11,1101,54),(3004,NULL,11,1102,54),(3005,NULL,11,1103,54),(3006,NULL,11,1104,54),(3007,563,11,1105,54),(3008,462,12,1201,54),(3009,477,12,1202,54),(3010,665,12,1203,54),(3011,NULL,12,1204,54),(3012,352,12,1205,54),(3013,386,13,1301,54),(3014,368,1,101,55),(3015,779,1,102,55),(3016,NULL,1,103,55),(3017,NULL,1,104,55),(3018,90,1,105,55),(3019,950,2,201,55),(3020,52,2,202,55),(3021,NULL,2,203,55),(3022,NULL,2,204,55),(3023,11,2,205,55),(3024,NULL,3,301,55),(3025,231,3,302,55),(3026,NULL,3,303,55),(3027,599,3,304,55),(3028,600,3,305,55),(3029,NULL,4,401,55),(3030,NULL,4,402,55),(3031,188,4,403,55),(3032,994,4,404,55),(3033,NULL,4,405,55),(3034,16,5,501,55),(3035,NULL,5,502,55),(3036,151,5,503,55),(3037,610,5,504,55),(3038,304,5,505,55),(3039,655,6,601,55),(3040,167,6,602,55),(3041,NULL,6,603,55),(3042,NULL,6,604,55),(3043,NULL,6,605,55),(3044,964,7,701,55),(3045,NULL,7,702,55),(3046,217,7,703,55),(3047,906,7,704,55),(3048,541,7,705,55),(3049,66,8,801,55),(3050,NULL,8,802,55),(3051,757,8,803,55),(3052,695,8,804,55),(3053,180,8,805,55),(3054,500,9,901,55),(3055,NULL,9,902,55),(3056,694,9,903,55),(3057,596,9,904,55),(3058,847,9,905,55),(3059,544,10,1001,55),(3060,NULL,10,1002,55),(3061,NULL,10,1003,55),(3062,467,10,1004,55),(3063,NULL,1,101,56),(3064,674,1,102,56),(3065,245,1,103,56),(3066,97,1,104,56),(3067,937,1,105,56),(3068,NULL,2,201,56),(3069,1000,2,202,56),(3070,NULL,2,203,56),(3071,NULL,2,204,56),(3072,40,2,205,56),(3073,345,3,301,56),(3074,373,1,101,57),(3075,377,1,102,57),(3076,NULL,1,103,57),(3077,344,1,104,57),(3078,935,1,105,57),(3079,NULL,2,201,57),(3080,780,2,202,57),(3081,NULL,2,203,57),(3082,887,2,204,57),(3083,877,2,205,57),(3084,807,3,301,57),(3085,636,3,302,57),(3086,973,3,303,57),(3087,NULL,3,304,57),(3088,786,3,305,57),(3089,NULL,4,401,57),(3090,138,1,101,58),(3091,911,1,102,58),(3092,NULL,1,103,58),(3093,827,1,104,58),(3094,NULL,1,105,58),(3095,955,2,201,58),(3096,NULL,2,202,58),(3097,NULL,1,101,59),(3098,NULL,1,102,59),(3099,NULL,1,103,59),(3100,NULL,1,104,59),(3101,499,1,105,59),(3102,NULL,2,201,59),(3103,351,2,202,59),(3104,506,2,203,59),(3105,545,2,204,59),(3106,NULL,2,205,59),(3107,164,3,301,59),(3108,NULL,3,302,59),(3109,732,3,303,59),(3110,NULL,3,304,59),(3111,NULL,3,305,59),(3112,662,4,401,59),(3113,246,4,402,59),(3114,376,4,403,59),(3115,326,4,404,59),(3116,345,4,405,59),(3117,NULL,5,501,59),(3118,NULL,5,502,59),(3119,319,5,503,59),(3120,52,5,504,59),(3121,304,5,505,59),(3122,NULL,6,601,59),(3123,NULL,6,602,59),(3124,403,6,603,59),(3125,NULL,6,604,59),(3126,516,6,605,59),(3127,992,7,701,59),(3128,531,7,702,59),(3129,596,7,703,59),(3130,542,7,704,59),(3131,869,7,705,59),(3132,800,8,801,59),(3133,NULL,8,802,59),(3134,734,8,803,59),(3135,NULL,8,804,59),(3136,19,8,805,59),(3137,498,9,901,59),(3138,NULL,9,902,59),(3139,NULL,9,903,59),(3140,NULL,9,904,59),(3141,661,9,905,59),(3142,519,10,1001,59),(3143,463,10,1002,59),(3144,NULL,10,1003,59),(3145,473,10,1004,59),(3146,967,10,1005,59),(3147,589,11,1101,59),(3148,712,11,1102,59),(3149,NULL,11,1103,59),(3150,836,11,1104,59),(3151,625,11,1105,59),(3152,451,12,1201,59),(3153,61,12,1202,59),(3154,189,12,1203,59),(3155,NULL,12,1204,59),(3156,927,12,1205,59),(3157,32,13,1301,59),(3158,520,13,1302,59),(3159,459,13,1303,59),(3160,899,13,1304,59),(3161,782,13,1305,59),(3162,211,14,1401,59),(3163,173,14,1402,59),(3164,NULL,14,1403,59),(3165,417,14,1404,59),(3166,404,14,1405,59),(3167,NULL,15,1501,59),(3168,172,15,1502,59),(3169,NULL,15,1503,59),(3170,316,15,1504,59),(3171,301,1,101,60),(3172,NULL,1,102,60),(3173,738,1,103,60),(3174,978,1,104,60),(3175,959,1,105,60),(3176,767,2,201,60),(3177,61,2,202,60),(3178,560,2,203,60),(3179,NULL,2,204,60),(3180,88,2,205,60),(3181,NULL,3,301,60),(3182,NULL,3,302,60),(3183,822,3,303,60),(3184,NULL,3,304,60),(3185,178,3,305,60),(3186,702,4,401,60),(3187,230,4,402,60),(3188,646,4,403,60),(3189,NULL,4,404,60),(3190,329,4,405,60),(3191,117,5,501,60),(3192,NULL,5,502,60),(3193,NULL,5,503,60),(3194,558,5,504,60),(3195,NULL,5,505,60),(3196,864,6,601,60),(3197,387,6,602,60),(3198,914,6,603,60),(3199,NULL,6,604,60),(3200,NULL,6,605,60),(3201,582,7,701,60),(3202,NULL,7,702,60),(3203,NULL,7,703,60),(3204,151,7,704,60),(3205,320,7,705,60),(3206,29,8,801,60),(3207,564,8,802,60),(3208,601,8,803,60),(3209,976,8,804,60),(3210,499,8,805,60),(3211,723,9,901,60),(3212,736,9,902,60),(3213,410,9,903,60),(3214,803,9,904,60),(3215,907,9,905,60),(3216,NULL,10,1001,60),(3217,942,10,1002,60),(3218,612,10,1003,60),(3219,227,10,1004,60),(3220,927,10,1005,60),(3221,698,11,1101,60),(3222,365,11,1102,60),(3223,NULL,11,1103,60),(3224,397,11,1104,60),(3225,261,11,1105,60),(3226,229,12,1201,60),(3227,NULL,12,1202,60),(3228,896,12,1203,60),(3229,799,12,1204,60),(3230,NULL,12,1205,60),(3231,455,13,1301,60),(3232,146,13,1302,60),(3233,980,13,1303,60),(3234,NULL,13,1304,60),(3235,NULL,13,1305,60),(3236,499,14,1401,60),(3237,NULL,14,1402,60),(3238,73,14,1403,60),(3239,802,14,1404,60),(3240,995,14,1405,60),(3241,161,15,1501,60),(3242,NULL,15,1502,60),(3243,423,15,1503,60),(3244,NULL,15,1504,60),(3245,336,15,1505,60),(3246,NULL,16,1601,60),(3247,NULL,16,1602,60),(3248,307,16,1603,60),(3249,83,16,1604,60),(3250,471,16,1605,60),(3251,831,17,1701,60),(3252,666,17,1702,60),(3253,235,17,1703,60),(3254,40,17,1704,60),(3255,85,17,1705,60),(3256,824,18,1801,60),(3257,NULL,18,1802,60),(3258,NULL,18,1803,60),(3259,NULL,18,1804,60),(3260,359,18,1805,60),(3261,NULL,19,1901,60),(3262,227,19,1902,60),(3263,NULL,19,1903,60),(3264,NULL,19,1904,60),(3265,484,19,1905,60),(3266,780,20,2001,60),(3267,NULL,20,2002,60),(3268,140,20,2003,60),(3269,909,20,2004,60),(3270,NULL,20,2005,60),(3271,388,1,101,61),(3272,399,1,102,61),(3273,849,1,103,61),(3274,328,1,104,61),(3275,NULL,1,105,61),(3276,NULL,2,201,61),(3277,296,2,202,61),(3278,467,2,203,61),(3279,NULL,2,204,61),(3280,NULL,2,205,61),(3281,336,3,301,61),(3282,473,3,302,61),(3283,NULL,3,303,61),(3284,724,3,304,61),(3285,27,3,305,61),(3286,152,4,401,61),(3287,173,4,402,61),(3288,471,4,403,61),(3289,889,4,404,61),(3290,161,4,405,61),(3291,NULL,5,501,61),(3292,835,5,502,61),(3293,444,5,503,61),(3294,490,5,504,61),(3295,706,5,505,61),(3296,389,6,601,61),(3297,855,6,602,61),(3298,NULL,6,603,61),(3299,369,6,604,61),(3300,689,6,605,61),(3301,84,7,701,61),(3302,338,7,702,61),(3303,716,7,703,61),(3304,544,7,704,61),(3305,NULL,7,705,61),(3306,573,8,801,61),(3307,892,8,802,61),(3308,724,8,803,61),(3309,965,8,804,61),(3310,486,8,805,61),(3311,528,9,901,61),(3312,NULL,9,902,61),(3313,531,9,903,61),(3314,413,9,904,61),(3315,492,9,905,61),(3316,254,10,1001,61),(3317,669,10,1002,61),(3318,501,10,1003,61),(3319,NULL,10,1004,61),(3320,843,10,1005,61),(3321,634,11,1101,61),(3322,377,11,1102,61),(3323,91,11,1103,61),(3324,504,11,1104,61),(3325,154,11,1105,61),(3326,671,12,1201,61),(3327,NULL,12,1202,61),(3328,NULL,12,1203,61),(3329,NULL,12,1204,61),(3330,296,12,1205,61),(3331,NULL,13,1301,61),(3332,787,13,1302,61),(3333,NULL,13,1303,61),(3334,NULL,13,1304,61),(3335,342,13,1305,61),(3336,NULL,14,1401,61),(3337,NULL,14,1402,61),(3338,687,14,1403,61),(3339,NULL,14,1404,61),(3340,61,14,1405,61),(3341,510,15,1501,61),(3342,NULL,15,1502,61),(3343,903,15,1503,61),(3344,NULL,15,1504,61),(3345,113,15,1505,61),(3346,509,1,101,62),(3347,660,1,102,62),(3348,556,1,103,62),(3349,721,1,104,62),(3350,NULL,1,105,62),(3351,238,2,201,62),(3352,NULL,2,202,62),(3353,NULL,2,203,62),(3354,431,2,204,62),(3355,759,2,205,62),(3356,617,3,301,62),(3357,383,3,302,62),(3358,551,3,303,62),(3359,170,3,304,62),(3360,187,3,305,62),(3361,756,4,401,62),(3362,833,4,402,62),(3363,134,4,403,62),(3364,754,4,404,62),(3365,308,4,405,62),(3366,633,5,501,62),(3367,140,5,502,62),(3368,748,5,503,62),(3369,43,5,504,62),(3370,694,5,505,62),(3371,343,6,601,62),(3372,NULL,6,602,62),(3373,384,6,603,62),(3374,83,6,604,62),(3375,143,6,605,62),(3376,978,7,701,62),(3377,360,7,702,62),(3378,209,7,703,62),(3379,575,7,704,62),(3380,506,7,705,62),(3381,448,8,801,62),(3382,NULL,8,802,62),(3383,334,8,803,62),(3384,NULL,8,804,62),(3385,747,8,805,62),(3386,528,9,901,62),(3387,NULL,9,902,62),(3388,77,9,903,62),(3389,259,9,904,62),(3390,805,9,905,62),(3391,NULL,10,1001,62),(3392,1003,10,1002,62),(3393,NULL,10,1003,62),(3394,993,1,101,63),(3395,955,1,102,63),(3396,585,1,103,63),(3397,895,1,104,63),(3398,NULL,1,105,63),(3399,455,2,201,63),(3400,860,2,202,63),(3401,NULL,2,203,63),(3402,295,2,204,63),(3403,68,2,205,63),(3404,121,3,301,63),(3405,837,3,302,63),(3406,167,3,303,63),(3407,870,3,304,63),(3408,582,3,305,63),(3409,835,4,401,63),(3410,NULL,4,402,63),(3411,878,4,403,63),(3412,632,4,404,63),(3413,NULL,4,405,63),(3414,190,5,501,63),(3415,NULL,5,502,63),(3416,210,5,503,63),(3417,NULL,5,504,63),(3418,NULL,5,505,63),(3419,281,6,601,63),(3420,745,6,602,63),(3421,NULL,6,603,63),(3422,961,6,604,63),(3423,551,6,605,63),(3424,261,7,701,63),(3425,283,7,702,63),(3426,618,7,703,63),(3427,67,7,704,63),(3428,151,7,705,63),(3429,664,8,801,63),(3430,17,8,802,63),(3431,168,8,803,63),(3432,NULL,8,804,63),(3433,684,8,805,63),(3434,NULL,9,901,63),(3435,671,1,101,64),(3436,NULL,1,102,64),(3437,NULL,1,103,64),(3438,166,1,104,64),(3439,NULL,1,105,64),(3440,387,2,201,64),(3441,NULL,2,202,64),(3442,NULL,2,203,64),(3443,703,2,204,64),(3444,409,2,205,64),(3445,157,3,301,64),(3446,NULL,3,302,64),(3447,NULL,3,303,64),(3448,42,3,304,64),(3449,NULL,3,305,64),(3450,254,4,401,64),(3451,934,4,402,64),(3452,982,4,403,64),(3453,383,4,404,64),(3454,974,4,405,64),(3455,NULL,5,501,64),(3456,NULL,5,502,64),(3457,103,5,503,64),(3458,NULL,5,504,64),(3459,707,5,505,64),(3460,962,6,601,64),(3461,538,6,602,64),(3462,619,6,603,64),(3463,73,6,604,64),(3464,NULL,6,605,64),(3465,532,7,701,64),(3466,672,7,702,64),(3467,773,7,703,64),(3468,NULL,7,704,64),(3469,222,7,705,64),(3470,NULL,8,801,64),(3471,485,8,802,64),(3472,293,8,803,64),(3473,NULL,8,804,64),(3474,NULL,8,805,64),(3475,NULL,9,901,64),(3476,NULL,9,902,64),(3477,668,9,903,64),(3478,843,9,904,64),(3479,807,9,905,64),(3480,875,10,1001,64),(3481,NULL,10,1002,64),(3482,927,10,1003,64),(3483,354,10,1004,64),(3484,NULL,10,1005,64),(3485,540,11,1101,64),(3486,NULL,11,1102,64),(3487,808,11,1103,64),(3488,NULL,11,1104,64),(3489,676,11,1105,64),(3490,NULL,12,1201,64),(3491,100,12,1202,64),(3492,NULL,12,1203,64),(3493,771,1,101,65),(3494,200,1,102,65),(3495,835,1,103,65),(3496,NULL,1,104,65),(3497,924,1,105,65),(3498,49,2,201,65),(3499,NULL,2,202,65),(3500,NULL,1,101,66),(3501,NULL,1,102,66),(3502,NULL,1,103,66),(3503,714,1,104,66),(3504,825,1,105,66),(3505,725,2,201,66),(3506,127,2,202,66),(3507,NULL,2,203,66),(3508,67,2,204,66),(3509,NULL,2,205,66),(3510,NULL,3,301,66),(3511,176,3,302,66),(3512,558,3,303,66),(3513,NULL,3,304,66),(3514,106,3,305,66),(3515,620,4,401,66),(3516,12,4,402,66),(3517,828,4,403,66),(3518,348,4,404,66),(3519,439,4,405,66),(3520,322,5,501,66),(3521,261,5,502,66),(3522,51,5,503,66),(3523,929,5,504,66),(3524,924,1,101,67),(3525,352,1,102,67),(3526,NULL,1,103,67),(3527,NULL,1,104,67),(3528,503,1,105,67),(3529,NULL,2,201,67),(3530,NULL,2,202,67),(3531,NULL,2,203,67),(3532,NULL,2,204,67),(3533,262,2,205,67),(3534,NULL,3,301,67),(3535,122,3,302,67),(3536,966,3,303,67),(3537,896,3,304,67),(3538,NULL,3,305,67),(3539,370,4,401,67),(3540,373,4,402,67),(3541,NULL,4,403,67),(3542,751,4,404,67),(3543,218,4,405,67),(3544,241,5,501,67),(3545,796,5,502,67),(3546,818,5,503,67),(3547,NULL,5,504,67),(3548,NULL,5,505,67),(3549,782,6,601,67),(3550,858,6,602,67),(3551,346,6,603,67),(3552,158,6,604,67),(3553,NULL,6,605,67),(3554,337,7,701,67),(3555,410,7,702,67),(3556,NULL,7,703,67),(3557,294,7,704,67),(3558,NULL,7,705,67),(3559,961,8,801,67),(3560,956,8,802,67),(3561,111,8,803,67),(3562,816,8,804,67),(3563,570,8,805,67),(3564,586,9,901,67),(3565,275,9,902,67),(3566,729,9,903,67),(3567,398,9,904,67),(3568,893,9,905,67),(3569,362,10,1001,67),(3570,269,10,1002,67),(3571,76,10,1003,67),(3572,149,10,1004,67),(3573,727,10,1005,67),(3574,428,11,1101,67),(3575,NULL,11,1102,67),(3576,910,11,1103,67),(3577,NULL,11,1104,67),(3578,990,11,1105,67),(3579,276,12,1201,67),(3580,886,12,1202,67),(3581,405,12,1203,67),(3582,601,12,1204,67),(3583,476,12,1205,67),(3584,585,13,1301,67),(3585,881,13,1302,67),(3586,269,13,1303,67),(3587,NULL,13,1304,67),(3588,963,13,1305,67),(3589,NULL,14,1401,67),(3590,728,14,1402,67),(3591,456,1,101,68),(3592,797,1,102,68),(3593,NULL,1,103,68),(3594,NULL,1,104,68),(3595,812,1,105,68),(3596,NULL,2,201,68),(3597,696,2,202,68),(3598,484,2,203,68),(3599,911,2,204,68),(3600,NULL,2,205,68),(3601,17,3,301,68),(3602,96,3,302,68),(3603,605,3,303,68),(3604,NULL,3,304,68),(3605,258,3,305,68),(3606,773,4,401,68),(3607,761,4,402,68),(3608,NULL,4,403,68),(3609,196,4,404,68),(3610,425,4,405,68),(3611,NULL,5,501,68),(3612,145,5,502,68),(3613,174,5,503,68),(3614,NULL,5,504,68),(3615,94,5,505,68),(3616,NULL,6,601,68),(3617,269,6,602,68),(3618,NULL,6,603,68),(3619,NULL,6,604,68),(3620,70,6,605,68),(3621,664,1,101,69),(3622,761,1,102,69),(3623,355,1,103,69),(3624,NULL,1,104,69),(3625,898,1,105,69),(3626,NULL,2,201,69),(3627,789,2,202,69),(3628,340,2,203,69),(3629,469,2,204,69),(3630,368,2,205,69),(3631,NULL,3,301,69),(3632,181,3,302,69),(3633,NULL,3,303,69),(3634,698,3,304,69),(3635,136,3,305,69),(3636,NULL,4,401,69),(3637,NULL,4,402,69),(3638,317,4,403,69),(3639,NULL,4,404,69),(3640,885,4,405,69),(3641,885,5,501,69),(3642,24,5,502,69),(3643,NULL,5,503,69),(3644,412,5,504,69),(3645,552,5,505,69),(3646,NULL,6,601,69),(3647,538,6,602,69),(3648,625,6,603,69),(3649,346,6,604,69),(3650,110,6,605,69),(3651,NULL,7,701,69),(3652,NULL,7,702,69),(3653,82,7,703,69),(3654,NULL,7,704,69),(3655,717,7,705,69),(3656,NULL,8,801,69),(3657,NULL,8,802,69),(3658,NULL,8,803,69),(3659,NULL,8,804,69),(3660,635,8,805,69),(3661,769,9,901,69),(3662,395,9,902,69),(3663,465,9,903,69),(3664,NULL,9,904,69),(3665,NULL,9,905,69),(3666,277,10,1001,69),(3667,328,10,1002,69),(3668,237,10,1003,69),(3669,603,10,1004,69),(3670,491,10,1005,69),(3671,NULL,11,1101,69),(3672,895,11,1102,69),(3673,825,11,1103,69),(3674,462,1,101,70),(3675,374,1,102,70),(3676,678,1,103,70),(3677,309,1,104,70),(3678,NULL,1,105,70),(3679,268,2,201,70),(3680,NULL,2,202,70),(3681,NULL,2,203,70),(3682,789,2,204,70),(3683,NULL,2,205,70),(3684,832,3,301,70),(3685,146,3,302,70),(3686,NULL,3,303,70),(3687,685,3,304,70),(3688,NULL,3,305,70),(3689,872,4,401,70),(3690,NULL,4,402,70),(3691,NULL,4,403,70),(3692,NULL,5,501,70);
/*!40000 ALTER TABLE `condo_unit` ENABLE KEYS */;
UNLOCK TABLES;

--
-- Table structure for table `email_recipients`
--

DROP TABLE IF EXISTS `email_recipients`;
/*!40101 SET @saved_cs_client     = @@character_set_client */;
/*!40101 SET character_set_client = utf8 */;
CREATE TABLE `email_recipients` (
  `emailid` int NOT NULL,
  `userid` int NOT NULL,
  `opened` tinyint(1) NOT NULL DEFAULT '0',
  KEY `emailid` (`emailid`),
  KEY `userid` (`userid`),
  CONSTRAINT `email_recipients_ibfk_1` FOREIGN KEY (`emailid`) REFERENCES `emails` (`emailid`),
  CONSTRAINT `email_recipients_ibfk_2` FOREIGN KEY (`userid`) REFERENCES `users` (`id`)
) ENGINE=InnoDB DEFAULT CHARSET=utf8 COLLATE=utf8_unicode_ci;
/*!40101 SET character_set_client = @saved_cs_client */;

--
-- Dumping data for table `email_recipients`
--

LOCK TABLES `email_recipients` WRITE;
/*!40000 ALTER TABLE `email_recipients` DISABLE KEYS */;
INSERT INTO `email_recipients` VALUES (6,1,0),(6,4,0),(6,5,0),(6,7,0),(6,6,0),(7,4,0),(7,5,0),(7,6,0),(7,2,0),(7,1,0),(8,1,0),(8,4,0),(8,5,0),(8,7,0),(8,6,0),(9,67,0),(9,136,0),(10,1,0),(11,937,0),(11,943,0),(12,932,0),(12,943,0);
/*!40000 ALTER TABLE `email_recipients` ENABLE KEYS */;
UNLOCK TABLES;

--
-- Table structure for table `emails`
--

DROP TABLE IF EXISTS `emails`;
/*!40101 SET @saved_cs_client     = @@character_set_client */;
/*!40101 SET character_set_client = utf8 */;
CREATE TABLE `emails` (
  `emailid` int NOT NULL AUTO_INCREMENT,
  `userid` int NOT NULL,
  `subject` varchar(255) COLLATE utf8_unicode_ci DEFAULT NULL,
  `content` text COLLATE utf8_unicode_ci,
  `senton` timestamp NOT NULL DEFAULT CURRENT_TIMESTAMP,
  PRIMARY KEY (`emailid`),
  KEY `userid` (`userid`),
  CONSTRAINT `emails_ibfk_1` FOREIGN KEY (`userid`) REFERENCES `users` (`id`)
) ENGINE=InnoDB AUTO_INCREMENT=13 DEFAULT CHARSET=utf8 COLLATE=utf8_unicode_ci;
/*!40101 SET character_set_client = @saved_cs_client */;

--
-- Dumping data for table `emails`
--

LOCK TABLES `emails` WRITE;
/*!40000 ALTER TABLE `emails` DISABLE KEYS */;
INSERT INTO `emails` VALUES (4,1,'THIS IS NOT FUN','OH MY GOD, let this test work!!!!!!!!!!','2020-12-06 05:15:23'),(5,1,'another test','another test man this is brutal','2020-12-06 05:16:31'),(6,1,'FINAL TEST','LAST TEST!!!!','2020-12-06 05:17:36'),(7,1,'Big test','TEST\n\n\n\n\n\n\n\n\n\n\n\n\n\n\n\n\n\n\n\n\n\n\n\n\n\n\n\n\n\n\n\n\n\n\n\n\n\n\n\n\n\n\n\n\n\n\n\n\n\n\n\n\n\n\n\n\n\n\n\n\n\n\n\n\n\n\n\n\n\n\n\n\n\n\n\n\n\n\n\n\n\n\n\n\n\n\n\n\n\n\n\n\n\n\nbig test attempt','2020-12-06 05:50:57'),(8,1,'RE: FINAL TEST','this is a reply all\n        \n        \n-----------------------------------------------------\n  LAST TEST!!!!\n-----------------------------------------------------\n            ','2020-12-08 03:38:40'),(9,1,'FW: FINAL TEST','This is a forward\n        \n        \n-----------------------------------------------------\n  LAST TEST!!!!\n-----------------------------------------------------\n            ','2020-12-08 03:40:44'),(10,1,'RE: RE: FINAL TEST','replying to myself\n\n\n-----------------------------------------------------\n  this is a reply all\n          \n          \n  -----------------------------------------------------\n    LAST TEST!!!!\n  -----------------------------------------------------\n              \n-----------------------------------------------------\n ','2020-12-08 03:41:43'),(11,7,'FW: RE: FINAL TEST','Forwarding this email to a different person\n\n\n-----------------------------------------------------\n  this is a reply all\n          \n          \n  -----------------------------------------------------\n    LAST TEST!!!!\n  -----------------------------------------------------\n              ','2020-12-08 21:03:21'),(12,7,'','New test email','2020-12-09 20:12:07');
/*!40000 ALTER TABLE `emails` ENABLE KEYS */;
UNLOCK TABLES;

--
-- Table structure for table `group_membership`
--

DROP TABLE IF EXISTS `group_membership`;
/*!40101 SET @saved_cs_client     = @@character_set_client */;
/*!40101 SET character_set_client = utf8 */;
CREATE TABLE `group_membership` (
  `userid` int NOT NULL,
  `groupid` int NOT NULL,
  `roleid` int DEFAULT NULL,
  `joined` timestamp NOT NULL DEFAULT CURRENT_TIMESTAMP,
  PRIMARY KEY (`userid`,`groupid`),
  KEY `groupid` (`groupid`),
  KEY `roleid` (`roleid`),
  CONSTRAINT `group_membership_ibfk_1` FOREIGN KEY (`userid`) REFERENCES `users` (`id`),
  CONSTRAINT `group_membership_ibfk_2` FOREIGN KEY (`groupid`) REFERENCES `con_group` (`id`),
  CONSTRAINT `group_membership_ibfk_3` FOREIGN KEY (`roleid`) REFERENCES `group_role_def` (`id`)
) ENGINE=InnoDB DEFAULT CHARSET=utf8 COLLATE=utf8_unicode_ci;
/*!40101 SET character_set_client = @saved_cs_client */;

--
-- Dumping data for table `group_membership`
--

LOCK TABLES `group_membership` WRITE;
/*!40000 ALTER TABLE `group_membership` DISABLE KEYS */;
INSERT INTO `group_membership` VALUES (1,9,2,'2020-12-02 04:18:22'),(1,10,2,'2020-12-03 03:14:50'),(1,11,2,'2020-12-04 23:39:36'),(1,12,2,'2020-12-05 00:55:53'),(1,14,2,'2020-12-09 20:04:54'),(2,9,2,'2020-12-05 19:05:30'),(6,13,2,'2020-12-09 15:29:22'),(7,15,2,'2020-12-10 02:59:48'),(43,14,2,'2020-12-09 20:06:43'),(101,9,2,'2020-12-08 20:30:27'),(151,9,1,'2020-12-08 20:47:43'),(185,9,2,'2020-12-08 20:30:27'),(188,9,2,'2020-12-08 20:47:43'),(371,9,1,'2020-12-08 20:25:59'),(372,9,1,'2020-12-08 20:24:12');
/*!40000 ALTER TABLE `group_membership` ENABLE KEYS */;
UNLOCK TABLES;

--
-- Table structure for table `group_role_def`
--

DROP TABLE IF EXISTS `group_role_def`;
/*!40101 SET @saved_cs_client     = @@character_set_client */;
/*!40101 SET character_set_client = utf8 */;
CREATE TABLE `group_role_def` (
  `id` int NOT NULL AUTO_INCREMENT,
  `name` text COLLATE utf8_unicode_ci NOT NULL,
  `description` text COLLATE utf8_unicode_ci,
  PRIMARY KEY (`id`)
) ENGINE=InnoDB AUTO_INCREMENT=3 DEFAULT CHARSET=utf8 COLLATE=utf8_unicode_ci;
/*!40101 SET character_set_client = @saved_cs_client */;

--
-- Dumping data for table `group_role_def`
--

LOCK TABLES `group_role_def` WRITE;
/*!40000 ALTER TABLE `group_role_def` DISABLE KEYS */;
INSERT INTO `group_role_def` VALUES (1,'member','Member of group can see the groups, access posts, email its members'),(2,'admin','Admin of group can add others to groups, delete other from group, delete group');
/*!40000 ALTER TABLE `group_role_def` ENABLE KEYS */;
UNLOCK TABLES;

--
-- Table structure for table `roles`
--

DROP TABLE IF EXISTS `roles`;
/*!40101 SET @saved_cs_client     = @@character_set_client */;
/*!40101 SET character_set_client = utf8 */;
CREATE TABLE `roles` (
  `id` int NOT NULL AUTO_INCREMENT,
  `name` text COLLATE utf8_unicode_ci NOT NULL,
  `description` text COLLATE utf8_unicode_ci,
  PRIMARY KEY (`id`)
) ENGINE=InnoDB AUTO_INCREMENT=4 DEFAULT CHARSET=utf8 COLLATE=utf8_unicode_ci;
/*!40101 SET character_set_client = @saved_cs_client */;

--
-- Dumping data for table `roles`
--

LOCK TABLES `roles` WRITE;
/*!40000 ALTER TABLE `roles` DISABLE KEYS */;
INSERT INTO `roles` VALUES (1,'superuser','SUPER USER CAN DO ANYTHING'),(2,'assadmin','Condo association admin can only make changes specific to their condo association'),(3,'standard','Standard user can only affect their own profile');
/*!40000 ALTER TABLE `roles` ENABLE KEYS */;
UNLOCK TABLES;

--
-- Table structure for table `user_roles`
--

DROP TABLE IF EXISTS `user_roles`;
/*!40101 SET @saved_cs_client     = @@character_set_client */;
/*!40101 SET character_set_client = utf8 */;
CREATE TABLE `user_roles` (
  `userid` int NOT NULL AUTO_INCREMENT,
  `associationid` int NOT NULL,
  `roleid` int NOT NULL,
  PRIMARY KEY (`userid`,`associationid`),
  KEY `associationid` (`associationid`),
  KEY `roleid` (`roleid`),
  CONSTRAINT `user_roles_ibfk_1` FOREIGN KEY (`userid`) REFERENCES `users` (`id`),
  CONSTRAINT `user_roles_ibfk_2` FOREIGN KEY (`associationid`) REFERENCES `condo_association` (`id`),
  CONSTRAINT `user_roles_ibfk_3` FOREIGN KEY (`roleid`) REFERENCES `roles` (`id`)
) ENGINE=InnoDB AUTO_INCREMENT=1007 DEFAULT CHARSET=utf8 COLLATE=utf8_unicode_ci;
/*!40101 SET character_set_client = @saved_cs_client */;

--
-- Dumping data for table `user_roles`
--

LOCK TABLES `user_roles` WRITE;
/*!40000 ALTER TABLE `user_roles` DISABLE KEYS */;
INSERT INTO `user_roles` VALUES (1,1,1),(4,1,1),(5,1,1),(6,1,1),(2,1,1),(3,1,2),(7,6,2),(7,15,2),(8,2,2),(8,4,2),(9,3,2),(9,13,2),(10,8,2),(10,20,2),(12,5,2),(12,17,2),(13,7,2),(13,18,2),(14,12,2),(15,10,2),(15,11,2),(17,4,2),(17,22,2),(19,16,2),(19,22,2),(20,11,2),(21,16,2),(23,21,2),(25,15,2),(25,20,2),(27,22,2),(30,19,2),(38,9,2),(41,7,2),(42,15,2),(46,7,2),(48,14,2),(58,11,2),(60,21,2),(86,9,2),(87,16,2),(90,10,2),(90,13,2),(90,21,2),(94,4,2),(94,18,2),(95,10,2),(100,13,2),(101,6,2),(112,20,2),(119,6,2),(121,15,2),(158,5,2),(167,12,2),(176,17,2),(199,8,2),(226,18,2),(230,3,2),(243,9,2),(244,19,2),(284,17,2),(300,19,2),(309,3,2),(336,5,2),(369,8,2),(379,12,2),(586,2,2),(653,2,2),(792,14,2),(913,14,2),(9,15,3),(11,13,3),(14,7,3),(14,18,3),(14,20,3),(16,6,3),(16,13,3),(17,17,3),(18,10,3),(19,7,3),(19,10,3),(20,5,3),(20,7,3),(21,7,3),(21,11,3),(21,22,3),(22,15,3),(23,15,3),(23,20,3),(24,17,3),(24,18,3),(24,21,3),(25,17,3),(26,11,3),(27,7,3),(27,8,3),(28,20,3),(29,5,3),(29,13,3),(30,4,3),(30,5,3),(30,7,3),(31,11,3),(32,15,3),(32,22,3),(33,3,3),(33,7,3),(33,22,3),(34,18,3),(35,4,3),(35,5,3),(35,7,3),(36,3,3),(36,4,3),(36,11,3),(37,6,3),(37,7,3),(37,10,3),(37,15,3),(38,8,3),(39,2,3),(39,11,3),(39,20,3),(40,11,3),(40,13,3),(40,21,3),(41,3,3),(41,20,3),(42,3,3),(42,10,3),(42,16,3),(43,3,3),(43,6,3),(43,7,3),(43,15,3),(44,2,3),(44,7,3),(44,18,3),(44,21,3),(45,20,3),(46,19,3),(46,20,3),(47,21,3),(48,6,3),(48,7,3),(48,11,3),(49,7,3),(49,15,3),(50,4,3),(51,7,3),(51,17,3),(52,7,3),(52,9,3),(52,13,3),(52,22,3),(53,7,3),(54,7,3),(54,11,3),(54,21,3),(55,11,3),(55,19,3),(56,2,3),(56,13,3),(57,10,3),(58,15,3),(59,13,3),(59,18,3),(60,7,3),(60,15,3),(60,18,3),(60,19,3),(60,22,3),(61,7,3),(61,8,3),(61,13,3),(61,22,3),(62,7,3),(62,11,3),(62,16,3),(63,3,3),(63,18,3),(64,15,3),(65,3,3),(65,4,3),(65,8,3),(65,10,3),(65,21,3),(66,13,3),(66,22,3),(67,7,3),(67,11,3),(67,17,3),(68,11,3),(68,17,3),(69,7,3),(70,4,3),(70,6,3),(70,7,3),(71,2,3),(71,4,3),(72,11,3),(72,18,3),(73,13,3),(73,15,3),(74,13,3),(74,15,3),(75,4,3),(75,10,3),(75,13,3),(75,15,3),(76,5,3),(76,8,3),(77,3,3),(77,7,3),(78,11,3),(79,19,3),(79,22,3),(80,16,3),(81,14,3),(81,15,3),(82,18,3),(82,20,3),(82,21,3),(83,3,3),(83,4,3),(83,13,3),(83,18,3),(83,21,3),(84,7,3),(84,8,3),(84,11,3),(84,18,3),(85,11,3),(85,13,3),(86,15,3),(87,4,3),(87,5,3),(87,17,3),(88,7,3),(88,13,3),(88,17,3),(88,18,3),(89,7,3),(89,9,3),(91,8,3),(92,7,3),(92,18,3),(93,20,3),(93,22,3),(94,5,3),(94,11,3),(94,14,3),(94,21,3),(95,22,3),(96,4,3),(97,4,3),(97,21,3),(98,15,3),(98,18,3),(99,19,3),(100,7,3),(100,11,3),(100,15,3),(100,21,3),(101,7,3),(102,13,3),(102,17,3),(103,7,3),(103,15,3),(103,18,3),(104,4,3),(104,9,3),(104,15,3),(105,11,3),(105,15,3),(105,21,3),(106,17,3),(107,19,3),(108,2,3),(108,15,3),(108,16,3),(109,22,3),(110,21,3),(111,2,3),(111,4,3),(111,5,3),(111,10,3),(111,20,3),(111,21,3),(113,8,3),(113,13,3),(113,19,3),(114,4,3),(115,18,3),(116,7,3),(116,11,3),(116,12,3),(117,13,3),(117,15,3),(118,7,3),(118,11,3),(120,3,3),(120,8,3),(120,11,3),(121,17,3),(122,5,3),(122,10,3),(122,14,3),(122,15,3),(123,2,3),(123,19,3),(124,7,3),(125,3,3),(125,22,3),(126,7,3),(126,18,3),(127,15,3),(127,17,3),(128,11,3),(128,15,3),(129,20,3),(130,10,3),(130,16,3),(131,7,3),(131,8,3),(131,18,3),(132,11,3),(133,14,3),(133,21,3),(134,3,3),(134,10,3),(134,16,3),(135,21,3),(136,4,3),(136,11,3),(136,13,3),(136,21,3),(137,8,3),(137,15,3),(138,8,3),(138,9,3),(138,18,3),(139,9,3),(139,13,3),(140,3,3),(140,7,3),(140,11,3),(140,13,3),(140,19,3),(140,20,3),(141,7,3),(141,9,3),(141,16,3),(142,10,3),(142,11,3),(142,16,3),(143,3,3),(144,7,3),(145,4,3),(145,7,3),(146,4,3),(146,6,3),(146,11,3),(146,13,3),(146,20,3),(147,4,3),(148,13,3),(148,15,3),(148,21,3),(149,5,3),(149,7,3),(149,8,3),(150,11,3),(150,13,3),(151,6,3),(151,13,3),(151,17,3),(152,8,3),(152,21,3),(153,7,3),(154,8,3),(155,11,3),(155,16,3),(156,6,3),(156,7,3),(156,10,3),(156,15,3),(156,17,3),(157,7,3),(157,8,3),(157,11,3),(157,15,3),(158,7,3),(159,13,3),(159,15,3),(159,20,3),(160,4,3),(161,8,3),(161,11,3),(161,13,3),(162,16,3),(162,18,3),(162,20,3),(162,22,3),(163,6,3),(163,7,3),(164,4,3),(164,14,3),(164,22,3),(165,16,3),(165,20,3),(165,22,3),(166,13,3),(166,15,3),(167,13,3),(167,17,3),(167,18,3),(167,19,3),(168,11,3),(168,17,3),(169,20,3),(169,21,3),(170,3,3),(170,4,3),(170,7,3),(170,10,3),(170,20,3),(171,16,3),(172,21,3),(172,22,3),(173,7,3),(173,8,3),(173,22,3),(174,4,3),(174,8,3),(174,18,3),(174,21,3),(175,10,3),(175,21,3),(176,18,3),(177,4,3),(178,13,3),(178,15,3),(179,4,3),(180,11,3),(180,13,3),(181,11,3),(181,15,3),(181,21,3),(182,4,3),(182,14,3),(182,18,3),(183,3,3),(183,7,3),(183,13,3),(184,7,3),(184,10,3),(185,3,3),(185,6,3),(185,7,3),(186,2,3),(186,7,3),(186,22,3),(187,3,3),(187,15,3),(188,6,3),(188,11,3),(188,13,3),(188,15,3),(189,3,3),(189,22,3),(190,17,3),(191,11,3),(191,15,3),(192,6,3),(192,16,3),(193,6,3),(194,5,3),(194,7,3),(194,15,3),(195,4,3),(195,15,3),(196,4,3),(196,10,3),(196,11,3),(197,3,3),(197,15,3),(198,18,3),(199,9,3),(199,19,3),(200,15,3),(201,10,3),(201,17,3),(202,13,3),(202,22,3),(203,2,3),(203,3,3),(203,11,3),(203,20,3),(204,3,3),(204,10,3),(204,15,3),(205,3,3),(206,15,3),(206,20,3),(207,7,3),(207,18,3),(207,21,3),(207,22,3),(208,20,3),(209,3,3),(209,11,3),(209,14,3),(210,16,3),(210,17,3),(210,18,3),(210,19,3),(210,20,3),(211,15,3),(211,20,3),(211,22,3),(212,2,3),(212,15,3),(213,3,3),(213,15,3),(214,2,3),(214,18,3),(215,3,3),(215,11,3),(215,16,3),(216,11,3),(216,12,3),(216,20,3),(217,13,3),(218,5,3),(218,20,3),(219,7,3),(219,11,3),(219,15,3),(219,16,3),(219,19,3),(220,10,3),(220,11,3),(220,18,3),(221,11,3),(221,13,3),(222,8,3),(222,10,3),(222,15,3),(222,20,3),(223,7,3),(223,13,3),(224,15,3),(225,8,3),(225,11,3),(227,13,3),(228,4,3),(228,7,3),(229,11,3),(229,13,3),(229,17,3),(229,18,3),(230,13,3),(231,5,3),(231,10,3),(231,13,3),(231,16,3),(232,2,3),(232,17,3),(233,4,3),(233,15,3),(233,17,3),(234,5,3),(234,11,3),(234,15,3),(235,9,3),(235,13,3),(235,17,3),(235,20,3),(236,15,3),(237,13,3),(237,14,3),(237,18,3),(237,21,3),(238,3,3),(238,22,3),(239,10,3),(240,19,3),(240,20,3),(241,5,3),(241,6,3),(242,15,3),(242,19,3),(242,20,3),(243,10,3),(244,6,3),(244,7,3),(245,7,3),(245,21,3),(246,9,3),(246,12,3),(246,21,3),(246,22,3),(247,10,3),(247,11,3),(247,16,3),(248,14,3),(248,16,3),(249,15,3),(249,16,3),(249,21,3),(250,13,3),(251,6,3),(251,11,3),(251,20,3),(251,21,3),(252,5,3),(252,7,3),(253,13,3),(253,18,3),(254,8,3),(254,15,3),(255,11,3),(256,13,3),(257,15,3),(258,3,3),(258,4,3),(258,14,3),(259,3,3),(259,7,3),(259,8,3),(260,5,3),(260,15,3),(261,13,3),(261,15,3),(261,16,3),(261,17,3),(262,4,3),(262,5,3),(262,22,3),(263,13,3),(263,20,3),(264,11,3),(265,6,3),(265,7,3),(265,17,3),(265,20,3),(266,2,3),(266,22,3),(267,10,3),(267,11,3),(267,13,3),(267,20,3),(268,4,3),(268,15,3),(268,22,3),(269,4,3),(269,5,3),(270,15,3),(270,17,3),(271,7,3),(271,13,3),(271,21,3),(271,22,3),(272,5,3),(273,11,3),(274,4,3),(274,13,3),(274,15,3),(275,3,3),(275,4,3),(275,5,3),(275,8,3),(276,5,3),(277,4,3),(277,21,3),(278,7,3),(278,8,3),(278,11,3),(278,13,3),(279,11,3),(280,7,3),(280,18,3),(280,20,3),(281,10,3),(281,15,3),(281,17,3),(282,10,3),(282,22,3),(283,11,3),(283,17,3),(284,22,3),(285,8,3),(285,11,3),(285,15,3),(285,21,3),(286,3,3),(287,22,3),(288,7,3),(288,16,3),(288,19,3),(288,21,3),(289,22,3),(290,3,3),(290,10,3),(290,11,3),(291,6,3),(291,9,3),(292,4,3),(293,15,3),(294,5,3),(295,6,3),(295,17,3),(295,18,3),(295,22,3),(296,7,3),(296,8,3),(297,15,3),(297,16,3),(298,3,3),(299,11,3),(301,12,3),(301,13,3),(301,21,3),(302,3,3),(302,7,3),(303,17,3),(304,13,3),(304,17,3),(304,22,3),(305,11,3),(305,15,3),(305,20,3),(305,22,3),(306,8,3),(307,6,3),(307,7,3),(307,12,3),(307,13,3),(308,3,3),(308,11,3),(308,13,3),(309,4,3),(309,15,3),(310,4,3),(310,6,3),(310,21,3),(311,16,3),(311,18,3),(312,15,3),(312,20,3),(313,11,3),(313,13,3),(314,19,3),(315,12,3),(315,20,3),(315,22,3),(316,11,3),(316,15,3),(316,18,3),(316,22,3),(317,6,3),(317,7,3),(317,21,3),(318,7,3),(318,10,3),(318,13,3),(319,22,3),(320,11,3),(320,13,3),(321,2,3),(322,7,3),(322,17,3),(323,5,3),(324,3,3),(324,16,3),(325,7,3),(325,10,3),(325,14,3),(325,17,3),(326,6,3),(326,7,3),(326,11,3),(326,13,3),(326,17,3),(326,22,3),(327,10,3),(327,15,3),(328,8,3),(328,15,3),(328,21,3),(329,3,3),(329,5,3),(329,13,3),(330,15,3),(330,16,3),(330,21,3),(331,11,3),(331,15,3),(332,18,3),(333,14,3),(333,18,3),(334,3,3),(335,2,3),(335,16,3),(335,18,3),(336,4,3),(336,8,3),(336,13,3),(336,18,3),(336,20,3),(337,5,3),(337,11,3),(337,18,3),(338,8,3),(338,13,3),(338,16,3),(339,5,3),(340,7,3),(340,8,3),(340,21,3),(341,10,3),(341,14,3),(342,5,3),(342,8,3),(343,3,3),(343,7,3),(343,10,3),(344,16,3),(345,3,3),(345,5,3),(345,21,3),(345,22,3),(346,5,3),(346,9,3),(346,20,3),(346,21,3),(347,7,3),(347,20,3),(347,22,3),(348,7,3),(348,10,3),(348,11,3),(348,17,3),(348,18,3),(349,10,3),(349,13,3),(349,15,3),(350,7,3),(350,18,3),(350,21,3),(351,3,3),(351,10,3),(351,22,3),(352,5,3),(352,7,3),(352,15,3),(352,16,3),(352,20,3),(353,6,3),(353,20,3),(354,15,3),(354,21,3),(355,11,3),(355,18,3),(355,21,3),(356,4,3),(356,5,3),(356,6,3),(356,11,3),(357,22,3),(358,4,3),(358,5,3),(358,8,3),(358,18,3),(359,11,3),(359,13,3),(359,22,3),(360,3,3),(361,17,3),(361,18,3),(362,5,3),(362,22,3),(363,3,3),(363,22,3),(364,2,3),(365,13,3),(365,18,3),(365,19,3),(366,11,3),(366,15,3),(367,20,3),(368,3,3),(368,5,3),(368,13,3),(368,21,3),(369,10,3),(369,11,3),(370,5,3),(371,11,3),(371,19,3),(372,11,3),(372,15,3),(372,20,3),(373,5,3),(373,6,3),(373,16,3),(374,4,3),(374,21,3),(375,18,3),(376,3,3),(376,4,3),(376,18,3),(376,22,3),(377,8,3),(377,16,3),(378,21,3),(379,11,3),(380,13,3),(380,20,3),(381,7,3),(381,11,3),(382,11,3),(383,3,3),(383,15,3),(384,3,3),(384,18,3),(385,7,3),(385,13,3),(386,16,3),(386,21,3),(387,4,3),(387,7,3),(387,13,3),(387,14,3),(387,15,3),(388,7,3),(388,8,3),(388,18,3),(389,8,3),(389,15,3),(390,9,3),(390,13,3),(391,11,3),(391,15,3),(391,19,3),(392,3,3),(392,13,3),(393,6,3),(394,13,3),(394,15,3),(395,6,3),(395,7,3),(395,15,3),(395,18,3),(395,21,3),(396,13,3),(396,14,3),(397,13,3),(397,15,3),(397,16,3),(398,5,3),(398,10,3),(399,8,3),(399,11,3),(400,2,3),(400,8,3),(400,17,3),(400,21,3),(401,15,3),(401,18,3),(402,7,3),(403,22,3),(404,11,3),(404,15,3),(404,22,3),(405,5,3),(405,15,3),(406,15,3),(407,7,3),(408,5,3),(408,15,3),(409,15,3),(409,20,3),(410,5,3),(410,13,3),(410,17,3),(411,10,3),(412,20,3),(412,21,3),(413,4,3),(413,7,3),(413,8,3),(413,10,3),(414,11,3),(415,8,3),(415,11,3),(416,15,3),(416,19,3),(417,5,3),(417,17,3),(417,22,3),(418,8,3),(418,9,3),(419,5,3),(419,11,3),(420,15,3),(421,10,3),(421,13,3),(421,21,3),(422,7,3),(422,18,3),(423,3,3),(423,7,3),(423,13,3),(423,16,3),(424,4,3),(424,10,3),(424,21,3),(425,4,3),(425,16,3),(425,19,3),(426,3,3),(426,4,3),(426,10,3),(427,10,3),(427,16,3),(428,5,3),(428,20,3),(429,5,3),(430,8,3),(430,11,3),(430,18,3),(430,20,3),(431,3,3),(431,7,3),(431,13,3),(431,17,3),(432,11,3),(433,3,3),(433,16,3),(434,7,3),(434,15,3),(434,22,3),(435,18,3),(436,22,3),(437,13,3),(438,3,3),(438,7,3),(438,8,3),(438,15,3),(438,22,3),(439,7,3),(439,17,3),(440,5,3),(440,11,3),(440,13,3),(440,20,3),(441,21,3),(442,7,3),(443,20,3),(444,8,3),(444,9,3),(444,20,3),(445,4,3),(446,18,3),(446,21,3),(447,4,3),(447,8,3),(447,12,3),(447,15,3),(448,3,3),(448,11,3),(448,13,3),(449,20,3),(450,2,3),(450,10,3),(450,20,3),(450,22,3),(451,4,3),(451,8,3),(451,10,3),(451,22,3),(452,3,3),(452,15,3),(452,16,3),(453,2,3),(453,11,3),(454,5,3),(454,11,3),(454,18,3),(454,19,3),(454,20,3),(455,13,3),(455,16,3),(455,17,3),(455,18,3),(455,20,3),(456,3,3),(456,4,3),(457,13,3),(458,2,3),(458,5,3),(458,11,3),(458,20,3),(459,11,3),(459,22,3),(460,20,3),(460,22,3),(461,10,3),(462,3,3),(462,4,3),(462,15,3),(462,16,3),(463,15,3),(463,22,3),(464,17,3),(465,9,3),(465,21,3),(466,4,3),(466,7,3),(467,8,3),(467,13,3),(467,14,3),(468,13,3),(469,11,3),(469,13,3),(469,21,3),(470,13,3),(470,16,3),(470,18,3),(471,8,3),(471,11,3),(471,13,3),(472,7,3),(472,16,3),(473,8,3),(473,22,3),(474,7,3),(474,15,3),(475,11,3),(476,5,3),(476,6,3),(477,11,3),(477,16,3),(478,11,3),(478,15,3),(478,16,3),(478,20,3),(479,2,3),(479,5,3),(479,7,3),(480,3,3),(480,6,3),(480,7,3),(481,5,3),(481,6,3),(481,10,3),(481,20,3),(482,7,3),(483,8,3),(483,19,3),(484,3,3),(484,4,3),(484,7,3),(484,11,3),(484,13,3),(485,5,3),(485,7,3),(485,11,3),(485,15,3),(486,7,3),(486,8,3),(486,11,3),(486,15,3),(487,16,3),(487,22,3),(488,11,3),(488,17,3),(488,18,3),(488,19,3),(488,21,3),(489,14,3),(489,20,3),(490,8,3),(490,15,3),(490,20,3),(491,7,3),(491,14,3),(491,21,3),(492,6,3),(492,8,3),(492,18,3),(493,20,3),(494,11,3),(495,4,3),(495,7,3),(496,13,3),(496,17,3),(497,2,3),(497,4,3),(497,7,3),(498,10,3),(498,22,3),(499,13,3),(499,22,3),(500,10,3),(500,13,3),(501,7,3),(501,8,3),(501,11,3),(501,15,3),(501,18,3),(501,20,3),(502,11,3),(503,5,3),(503,6,3),(503,11,3),(504,5,3),(504,8,3),(505,2,3),(505,7,3),(506,3,3),(506,5,3),(506,15,3),(506,22,3),(507,19,3),(507,20,3),(508,2,3),(509,2,3),(509,3,3),(510,2,3),(510,8,3),(510,13,3),(510,15,3),(510,16,3),(511,13,3),(511,18,3),(512,15,3),(512,16,3),(512,22,3),(513,3,3),(513,10,3),(513,16,3),(513,18,3),(514,7,3),(514,13,3),(514,18,3),(515,2,3),(515,8,3),(516,7,3),(516,18,3),(516,22,3),(517,7,3),(518,3,3),(518,7,3),(519,5,3),(519,22,3),(520,18,3),(520,22,3),(521,7,3),(521,16,3),(521,21,3),(522,11,3),(523,3,3),(523,7,3),(524,3,3),(524,4,3),(525,11,3),(525,15,3),(526,11,3),(526,15,3),(526,16,3),(527,3,3),(527,5,3),(528,3,3),(528,8,3),(529,2,3),(529,11,3),(529,18,3),(529,22,3),(530,20,3),(531,7,3),(531,8,3),(531,22,3),(532,11,3),(532,15,3),(533,15,3),(533,17,3),(534,14,3),(534,21,3),(535,9,3),(535,19,3),(536,3,3),(536,10,3),(536,15,3),(537,7,3),(537,11,3),(537,18,3),(537,20,3),(538,15,3),(538,21,3),(539,7,3),(539,16,3),(540,15,3),(540,18,3),(541,9,3),(541,13,3),(541,16,3),(541,22,3),(542,21,3),(542,22,3),(543,11,3),(543,17,3),(544,8,3),(544,13,3),(544,15,3),(544,20,3),(544,22,3),(545,22,3),(546,5,3),(546,9,3),(547,11,3),(547,18,3),(547,19,3),(548,7,3),(548,11,3),(548,21,3),(549,9,3),(549,11,3),(549,13,3),(549,20,3),(549,21,3),(550,3,3),(550,7,3),(550,11,3),(550,18,3),(550,19,3),(551,3,3),(551,11,3),(551,17,3),(551,22,3),(552,21,3),(553,5,3),(554,7,3),(554,19,3),(555,2,3),(555,11,3),(556,3,3),(556,5,3),(556,7,3),(556,15,3),(556,21,3),(557,3,3),(557,20,3),(558,5,3),(558,13,3),(558,15,3),(558,17,3),(559,2,3),(559,22,3),(560,9,3),(560,13,3),(560,14,3),(560,18,3),(561,7,3),(561,19,3),(562,2,3),(562,20,3),(563,13,3),(563,15,3),(563,16,3),(564,5,3),(564,13,3),(564,21,3),(565,3,3),(566,15,3),(567,10,3),(567,21,3),(568,10,3),(568,18,3),(569,8,3),(569,9,3),(570,5,3),(570,7,3),(570,21,3),(571,7,3),(571,19,3),(572,19,3),(573,5,3),(573,7,3),(573,8,3),(573,11,3),(574,13,3),(574,22,3),(575,3,3),(575,15,3),(576,18,3),(577,13,3),(577,18,3),(578,7,3),(578,11,3),(578,15,3),(579,15,3),(580,17,3),(581,3,3),(581,14,3),(581,19,3),(582,13,3),(582,17,3),(582,18,3),(583,3,3),(583,7,3),(584,10,3),(584,11,3),(584,18,3),(585,5,3),(585,7,3),(585,17,3),(586,5,3),(586,15,3),(586,16,3),(587,10,3),(588,4,3),(588,7,3),(589,16,3),(589,22,3),(590,7,3),(591,20,3),(592,3,3),(592,7,3),(592,12,3),(593,11,3),(593,15,3),(594,11,3),(594,12,3),(594,15,3),(595,7,3),(595,11,3),(595,17,3),(596,11,3),(596,13,3),(596,22,3),(597,2,3),(598,7,3),(598,12,3),(599,13,3),(600,8,3),(600,13,3),(601,5,3),(601,7,3),(601,13,3),(602,13,3),(602,14,3),(602,18,3),(603,21,3),(604,9,3),(604,15,3),(605,4,3),(605,8,3),(606,7,3),(606,10,3),(607,9,3),(608,15,3),(609,5,3),(610,13,3),(610,21,3),(611,17,3),(611,18,3),(611,22,3),(612,4,3),(612,7,3),(612,13,3),(612,14,3),(612,16,3),(613,11,3),(613,17,3),(614,5,3),(614,6,3),(614,10,3),(615,11,3),(616,7,3),(616,14,3),(616,18,3),(617,3,3),(617,11,3),(617,18,3),(617,20,3),(618,7,3),(618,11,3),(618,13,3),(618,17,3),(619,15,3),(620,7,3),(620,8,3),(620,17,3),(621,7,3),(621,9,3),(621,15,3),(621,22,3),(622,11,3),(622,15,3),(623,2,3),(623,5,3),(624,8,3),(625,6,3),(625,11,3),(625,21,3),(625,22,3),(626,5,3),(627,6,3),(627,10,3),(627,11,3),(627,15,3),(628,2,3),(628,20,3),(629,6,3),(629,7,3),(630,4,3),(630,8,3),(631,7,3),(631,8,3),(631,10,3),(632,8,3),(632,15,3),(632,17,3),(633,2,3),(633,3,3),(633,7,3),(633,20,3),(634,8,3),(634,11,3),(635,11,3),(635,21,3),(636,3,3),(636,16,3),(636,18,3),(637,7,3),(637,8,3),(638,7,3),(638,8,3),(638,20,3),(639,15,3),(639,18,3),(640,10,3),(640,18,3),(641,4,3),(641,15,3),(641,20,3),(641,21,3),(642,11,3),(642,21,3),(643,3,3),(643,14,3),(643,15,3),(643,20,3),(644,6,3),(645,13,3),(645,22,3),(646,7,3),(646,11,3),(646,13,3),(647,15,3),(647,21,3),(648,6,3),(648,13,3),(648,21,3),(649,3,3),(650,14,3),(651,13,3),(652,7,3),(652,8,3),(652,10,3),(652,15,3),(654,18,3),(655,10,3),(655,13,3),(655,21,3),(655,22,3),(656,7,3),(657,7,3),(657,10,3),(657,22,3),(658,8,3),(658,11,3),(659,7,3),(660,2,3),(660,3,3),(661,22,3),(662,2,3),(662,10,3),(662,13,3),(662,15,3),(662,22,3),(663,3,3),(663,16,3),(664,17,3),(664,21,3),(665,8,3),(665,16,3),(666,13,3),(667,20,3),(668,15,3),(669,3,3),(669,8,3),(670,11,3),(670,21,3),(671,5,3),(671,8,3),(671,15,3),(672,2,3),(672,5,3),(672,8,3),(672,13,3),(672,15,3),(672,17,3),(673,7,3),(673,8,3),(673,16,3),(674,7,3),(674,17,3),(674,20,3),(674,21,3),(675,15,3),(675,17,3),(675,19,3),(676,2,3),(676,15,3),(676,20,3),(677,3,3),(677,7,3),(677,14,3),(678,4,3),(678,5,3),(678,10,3),(678,13,3),(678,15,3),(678,20,3),(679,3,3),(679,15,3),(679,21,3),(680,7,3),(681,18,3),(682,3,3),(683,7,3),(683,18,3),(683,19,3),(684,17,3),(684,18,3),(685,4,3),(685,10,3),(686,6,3),(686,15,3),(687,8,3),(688,7,3),(688,8,3),(689,8,3),(689,20,3),(690,10,3),(691,7,3),(691,20,3),(692,4,3),(692,7,3),(692,11,3),(693,2,3),(693,19,3),(694,3,3),(694,7,3),(694,13,3),(695,13,3),(695,20,3),(696,4,3),(696,11,3),(696,16,3),(697,6,3),(697,13,3),(697,15,3),(698,4,3),(698,13,3),(698,15,3),(698,21,3),(699,3,3),(699,10,3),(699,11,3),(699,22,3),(700,15,3),(701,10,3),(702,5,3),(702,13,3),(703,7,3),(703,15,3),(704,20,3),(705,13,3),(706,7,3),(706,8,3),(707,3,3),(707,15,3),(707,21,3),(708,15,3),(709,3,3),(709,18,3),(709,20,3),(710,5,3),(710,20,3),(711,7,3),(711,21,3),(712,4,3),(712,18,3),(712,20,3),(712,22,3),(713,11,3),(714,11,3),(714,17,3),(715,7,3),(715,11,3),(715,20,3),(716,8,3),(716,10,3),(717,3,3),(717,6,3),(717,19,3),(717,21,3),(717,22,3),(718,7,3),(718,13,3),(719,12,3),(720,10,3),(720,18,3),(721,3,3),(721,18,3),(722,15,3),(722,22,3),(723,11,3),(723,13,3),(723,20,3),(724,2,3),(724,8,3),(725,7,3),(725,9,3),(725,11,3),(725,17,3),(726,11,3),(726,15,3),(726,18,3),(727,5,3),(727,12,3),(728,5,3),(728,7,3),(728,15,3),(729,5,3),(729,11,3),(730,11,3),(731,12,3),(732,7,3),(732,22,3),(733,3,3),(733,18,3),(733,21,3),(734,7,3),(734,15,3),(734,16,3),(734,20,3),(734,22,3),(735,15,3),(735,20,3),(735,21,3),(736,7,3),(736,13,3),(736,21,3),(737,3,3),(737,7,3),(737,15,3),(737,20,3),(738,13,3),(739,10,3),(739,11,3),(739,17,3),(739,22,3),(740,3,3),(741,16,3),(742,3,3),(742,17,3),(742,20,3),(743,20,3),(744,3,3),(744,7,3),(745,16,3),(745,17,3),(746,8,3),(746,18,3),(746,22,3),(747,3,3),(747,15,3),(748,2,3),(748,3,3),(748,7,3),(748,15,3),(748,18,3),(749,3,3),(749,5,3),(749,11,3),(750,6,3),(750,22,3),(751,5,3),(751,8,3),(751,9,3),(751,13,3),(751,19,3),(752,7,3),(752,8,3),(752,10,3),(752,19,3),(753,19,3),(753,20,3),(754,2,3),(754,3,3),(755,2,3),(755,21,3),(756,3,3),(757,13,3),(758,15,3),(759,3,3),(759,15,3),(760,7,3),(760,16,3),(761,4,3),(761,21,3),(762,6,3),(762,7,3),(762,14,3),(762,18,3),(763,4,3),(763,7,3),(764,10,3),(764,18,3),(764,20,3),(765,10,3),(765,16,3),(766,3,3),(766,7,3),(766,10,3),(767,11,3),(767,13,3),(768,15,3),(768,22,3),(769,4,3),(769,6,3),(769,10,3),(769,21,3),(770,16,3),(770,22,3),(771,15,3),(772,10,3),(772,16,3),(773,4,3),(773,7,3),(773,15,3),(774,13,3),(774,15,3),(774,20,3),(775,10,3),(775,16,3),(776,11,3),(776,15,3),(776,17,3),(777,7,3),(777,9,3),(778,11,3),(778,13,3),(779,7,3),(779,9,3),(779,13,3),(780,11,3),(780,13,3),(780,16,3),(780,20,3),(781,2,3),(781,6,3),(781,7,3),(781,20,3),(782,5,3),(782,8,3),(782,20,3),(782,22,3),(783,7,3),(783,12,3),(784,5,3),(784,11,3),(784,16,3),(785,7,3),(785,21,3),(786,16,3),(787,3,3),(787,8,3),(787,10,3),(787,18,3),(788,13,3),(789,4,3),(789,9,3),(789,21,3),(790,18,3),(791,10,3),(791,13,3),(792,4,3),(792,8,3),(792,16,3),(793,10,3),(794,3,3),(794,11,3),(795,3,3),(795,8,3),(796,5,3),(796,18,3),(797,4,3),(797,18,3),(798,7,3),(799,13,3),(800,18,3),(800,22,3),(801,7,3),(801,8,3),(801,20,3),(801,22,3),(802,2,3),(802,7,3),(802,13,3),(802,16,3),(803,7,3),(803,13,3),(804,3,3),(804,4,3),(804,15,3),(805,3,3),(805,13,3),(805,20,3),(806,11,3),(806,18,3),(807,11,3),(807,15,3),(807,16,3),(808,10,3),(808,11,3),(808,15,3),(808,21,3),(809,11,3),(809,13,3),(809,15,3),(810,7,3),(810,9,3),(810,18,3),(811,13,3),(811,22,3),(812,4,3),(812,12,3),(812,13,3),(813,7,3),(813,11,3),(814,3,3),(814,15,3),(815,7,3),(815,18,3),(816,4,3),(816,5,3),(817,5,3),(817,7,3),(818,3,3),(818,5,3),(818,18,3),(819,20,3),(820,7,3),(820,15,3),(820,16,3),(821,13,3),(821,18,3),(822,3,3),(822,7,3),(822,13,3),(823,3,3),(824,13,3),(825,7,3),(825,17,3),(825,21,3),(826,4,3),(826,9,3),(826,16,3),(827,16,3),(827,18,3),(827,20,3),(828,3,3),(828,17,3),(829,11,3),(829,13,3),(829,18,3),(829,19,3),(830,3,3),(830,7,3),(830,16,3),(831,13,3),(831,15,3),(832,4,3),(832,5,3),(832,7,3),(832,8,3),(833,3,3),(833,11,3),(834,12,3),(834,13,3),(835,8,3),(835,15,3),(835,17,3),(836,3,3),(836,22,3),(837,2,3),(837,17,3),(837,20,3),(838,7,3),(838,17,3),(839,7,3),(839,11,3),(839,15,3),(840,19,3),(841,22,3),(842,2,3),(842,11,3),(842,15,3),(842,22,3),(843,4,3),(843,8,3),(843,11,3),(843,15,3),(843,22,3),(844,15,3),(844,21,3),(845,2,3),(846,9,3),(846,11,3),(846,20,3),(847,13,3),(848,7,3),(848,15,3),(849,8,3),(849,11,3),(850,20,3),(851,6,3),(851,11,3),(851,18,3),(851,19,3),(852,7,3),(853,20,3),(854,6,3),(854,21,3),(855,5,3),(855,6,3),(855,8,3),(855,14,3),(856,3,3),(856,5,3),(856,11,3),(857,18,3),(857,20,3),(858,5,3),(858,7,3),(858,18,3),(859,2,3),(859,19,3),(860,15,3),(860,17,3),(861,8,3),(862,5,3),(862,20,3),(863,6,3),(864,13,3),(864,22,3),(865,10,3),(866,3,3),(866,20,3),(867,9,3),(867,10,3),(867,19,3),(868,11,3),(868,18,3),(869,11,3),(869,18,3),(869,20,3),(869,22,3),(870,16,3),(870,17,3),(871,8,3),(871,14,3),(872,4,3),(872,15,3),(872,16,3),(872,20,3),(873,7,3),(873,19,3),(874,3,3),(874,13,3),(874,22,3),(875,5,3),(875,11,3),(875,15,3),(875,17,3),(876,13,3),(876,18,3),(877,15,3),(877,16,3),(877,20,3),(877,21,3),(878,16,3),(878,17,3),(878,18,3),(878,20,3),(878,21,3),(879,7,3),(879,9,3),(879,10,3),(879,15,3),(880,7,3),(881,5,3),(881,7,3),(881,17,3),(882,10,3),(882,15,3),(882,16,3),(883,7,3),(884,21,3),(885,5,3),(885,15,3),(885,17,3),(885,21,3),(886,5,3),(886,7,3),(886,15,3),(887,10,3),(887,16,3),(887,20,3),(888,11,3),(888,21,3),(889,2,3),(889,6,3),(889,8,3),(889,10,3),(889,11,3),(889,13,3),(890,3,3),(890,10,3),(890,11,3),(890,21,3),(891,2,3),(891,19,3),(891,21,3),(892,8,3),(893,5,3),(893,11,3),(893,13,3),(894,8,3),(894,14,3),(894,19,3),(895,3,3),(895,11,3),(895,15,3),(895,17,3),(895,19,3),(895,21,3),(896,5,3),(896,6,3),(896,13,3),(896,17,3),(896,19,3),(897,12,3),(897,16,3),(898,21,3),(899,13,3),(899,19,3),(899,21,3),(899,22,3),(900,3,3),(900,15,3),(901,13,3),(902,5,3),(902,8,3),(902,11,3),(903,2,3),(903,7,3),(903,8,3),(903,11,3),(904,6,3),(904,10,3),(904,15,3),(904,20,3),(905,4,3),(905,18,3),(905,21,3),(906,4,3),(906,13,3),(907,13,3),(907,22,3),(908,4,3),(908,15,3),(908,16,3),(909,13,3),(909,22,3),(910,5,3),(910,11,3),(911,4,3),(911,7,3),(911,18,3),(912,5,3),(912,15,3),(912,19,3),(913,7,3),(913,9,3),(914,2,3),(914,7,3),(914,11,3),(914,13,3),(915,17,3),(915,20,3),(916,7,3),(916,22,3),(917,3,3),(917,13,3),(918,5,3),(918,12,3),(919,11,3),(920,4,3),(920,15,3),(920,21,3),(921,10,3),(922,11,3),(923,12,3),(923,22,3),(924,5,3),(924,7,3),(924,15,3),(924,16,3),(925,11,3),(926,6,3),(926,8,3),(927,7,3),(927,13,3),(927,15,3),(927,22,3),(928,3,3),(928,12,3),(929,2,3),(929,4,3),(929,9,3),(929,17,3),(930,7,3),(930,9,3),(930,15,3),(930,18,3),(931,13,3),(931,18,3),(932,7,3),(932,15,3),(933,10,3),(934,7,3),(934,14,3),(934,15,3),(934,16,3),(935,7,3),(935,9,3),(935,11,3),(935,16,3),(936,2,3),(937,3,3),(937,6,3),(937,21,3),(938,3,3),(938,7,3),(938,16,3),(938,18,3),(939,7,3),(940,21,3),(941,6,3),(941,15,3),(942,11,3),(942,13,3),(943,2,3),(943,3,3),(943,4,3),(943,9,3),(943,15,3),(944,11,3),(944,15,3),(944,17,3),(944,20,3),(945,3,3),(945,6,3),(945,22,3),(946,2,3),(946,10,3),(946,12,3),(947,22,3),(948,10,3),(948,20,3),(949,18,3),(949,20,3),(950,5,3),(950,13,3),(951,7,3),(951,11,3),(952,3,3),(952,15,3),(953,7,3),(953,11,3),(954,15,3),(954,18,3),(955,3,3),(955,5,3),(955,17,3),(955,18,3),(956,5,3),(956,15,3),(956,18,3),(957,5,3),(957,11,3),(957,21,3),(958,2,3),(958,12,3),(959,7,3),(959,13,3),(959,16,3),(960,11,3),(961,5,3),(961,7,3),(961,11,3),(961,17,3),(962,15,3),(962,19,3),(963,5,3),(963,9,3),(963,15,3),(964,13,3),(964,16,3),(964,17,3),(964,20,3),(964,21,3),(965,7,3),(965,8,3),(965,21,3),(966,5,3),(966,6,3),(966,7,3),(966,8,3),(967,10,3),(967,11,3),(967,22,3),(968,5,3),(969,6,3),(969,8,3),(969,10,3),(970,10,3),(971,4,3),(972,2,3),(973,7,3),(973,16,3),(974,4,3),(974,15,3),(975,2,3),(975,3,3),(975,21,3),(976,3,3),(976,13,3),(977,7,3),(978,3,3),(978,13,3),(979,10,3),(980,10,3),(980,11,3),(980,13,3),(980,14,3),(980,18,3),(981,11,3),(981,21,3),(982,11,3),(982,15,3),(983,7,3),(984,5,3),(984,11,3),(985,7,3),(985,13,3),(986,11,3),(987,6,3),(988,8,3),(988,13,3),(989,2,3),(989,22,3),(990,4,3),(990,5,3),(990,9,3),(990,15,3),(991,13,3),(991,15,3),(992,7,3),(992,22,3),(993,15,3),(993,17,3),(994,7,3),(994,13,3),(995,13,3),(995,22,3),(996,15,3),(996,16,3),(996,19,3),(996,21,3),(997,9,3),(997,10,3),(998,4,3),(998,15,3),(998,19,3),(999,3,3),(1000,21,3),(1001,21,3),(1002,12,3),(1003,3,3),(1003,15,3),(1003,18,3),(1003,20,3),(1004,7,3),(1005,5,3),(1005,6,3),(1006,11,3);
/*!40000 ALTER TABLE `user_roles` ENABLE KEYS */;
UNLOCK TABLES;

--
-- Table structure for table `users`
--

DROP TABLE IF EXISTS `users`;
/*!40101 SET @saved_cs_client     = @@character_set_client */;
/*!40101 SET character_set_client = utf8 */;
CREATE TABLE `users` (
  `id` int NOT NULL AUTO_INCREMENT,
  `email` varchar(320) COLLATE utf8_unicode_ci NOT NULL,
  `firstname` varchar(255) COLLATE utf8_unicode_ci NOT NULL,
  `lastname` varchar(255) COLLATE utf8_unicode_ci NOT NULL,
  `password` varchar(500) COLLATE utf8_unicode_ci NOT NULL,
  `isactive` tinyint(1) NOT NULL DEFAULT '1',
  `createdon` timestamp NOT NULL DEFAULT CURRENT_TIMESTAMP,
  PRIMARY KEY (`id`)
) ENGINE=InnoDB AUTO_INCREMENT=1007 DEFAULT CHARSET=utf8 COLLATE=utf8_unicode_ci;
/*!40101 SET character_set_client = @saved_cs_client */;

--
-- Dumping data for table `users`
--

LOCK TABLES `users` WRITE;
/*!40000 ALTER TABLE `users` DISABLE KEYS */;
INSERT INTO `users` VALUES (1,'flying-piggott@hotmail.com','paul','piggott','$2y$10$GbX614L8ykIlqODQDDqgBelJGp2UJ50TVjOx1fBO2wK8RQRPU.Na6',1,'2020-11-12 04:14:48'),(2,'superuser@dummy.com','Super','User','$2y$10$RW32GdotEVj0VfdO0CSyvOtEGJA4skyKfFAldQ017ZEkoBQTkIRMe',1,'2020-11-12 04:16:43'),(3,'gaga','papa','please','$2y$10$ufi98YbYYb8BWoEsZ87Fee2NaOKZ5HZiVIp87h3hpOaF1ptswrZjm',1,'2020-11-12 04:54:44'),(4,'andrei@serban','Andrei','Serban','$2y$10$sHzMVXWMWPAGzWnbnPaW/OO6MfcAhpGh8AvvgtA1jbcntZSyncrWu',1,'2020-11-28 02:17:38'),(5,'tony@chraim','Tony','Chraim','$2y$10$76apYHg97YUt3bCgv0T06Ov8xmqw4FTbSQOkxz4dd9mkEzGSNVnPm',1,'2020-11-28 02:19:26'),(6,'mona@kia','Mona','Kia','$2y$10$5AcUaGNCtHNwN.EOfP9mouJkAZhYfwgl0R0HH7KQJGfXeFlmMoywm',1,'2020-11-28 02:20:54'),(7,'erik.ramos@outlook.com','Erik','Ramos','$2y$10$BydengWhJxsYqhwVNOmAJeflXmLc9aUcvJ9RmF7cSDNa2xCOaQ2B.',1,'2018-10-18 19:30:54'),(8,'mary.david@gmail.com','Mary','David','$2y$10$2nAMUhlHou2AYx/ARMP8VeDsCKTs0/5mvJr1CDoICehL8ZIcdNQcC',1,'2018-05-11 06:54:32'),(9,'dawn.murray@scpk.com','Dawn','Murray','$2y$10$I/VZSvONYQAhrlaA9Z9I1O5.Ct6TFiFTeamIXp2uB3.0.IDdVX0Ve',1,'2016-02-09 07:10:54'),(10,'austin.long@outlook.com','Austin','Long','$2y$10$KDcsIieBdEPfjIpVb1d3res9M77H14Xd0R2dIEBwWstQtTtXQFT6O',1,'2016-02-29 02:34:32'),(11,'nicole.smith@outlook.com','Nicole','Smith','$2y$10$7.eDtSSYPSU/344arvOft.CbF9gE8nU3BRtsmAINPSRKI3LhIg7p2',1,'2019-09-25 11:49:27'),(12,'rachel.payne@outlook.com','Rachel','Payne','$2y$10$4SSm1/uW59JxSAxB1gAkx.iHlETjA62pG.Be/AH0TmTh.QMD44AsO',1,'2017-10-24 09:05:27'),(13,'rebecca.lee@scpk.com','Rebecca','Lee','$2y$10$6Ov6Hu3DUhEzucqCSUvrKOP/OhyLuTlZWOaaUT9KU7rQd/4WdeCOe',1,'2020-05-25 12:58:10'),(14,'andrew.roman@yahoo.com','Andrew','Roman','$2y$10$t3GdeXzMXZs53fKUcNVhl.s.ZUWcHhNgWQNy.qcn8zBW/5WekrFrW',1,'2016-05-01 23:38:10'),(15,'vickie.baker@scpk.com','Vickie','Baker','$2y$10$wrH6kv3K13bmfGn3tWce5uvSuAeKuebI/5eJ59KPq2.FVxlB5bYFm',1,'2016-05-09 04:00:00'),(16,'sandra.thornton@gmail.com','Sandra','Thornton','$2y$10$TeHvovs./NhKEh8LtGW1PuDns897jvopUgzkUiAldXKa/uUPFfqOS',1,'2016-08-29 12:43:38'),(17,'troy.lin@scpk.com','Troy','Lin','$2y$10$fBRzxSs2kxhDlB0ao/7enO72Mey3dXFVRT1fLgqsWr0GXgKWcJz6C',1,'2016-04-04 12:00:00'),(18,'mercedes.valentine@gmail.com','Mercedes','Valentine','$2y$10$XwhXu0Fe4Cg2HtZax4ud9OdGVbXhu.Bk0/v5S40hJy15Wf/MLhW0m',1,'2019-03-06 10:12:07'),(19,'wanda.griffin@scpk.com','Wanda','Griffin','$2y$10$s.n/PU4.VCpwsM6KUM37DuzosE/UBAN6MaL7o7oVIChU9EboSzDL.',1,'2015-02-21 00:09:05'),(20,'james.summers@outlook.com','James','Summers','$2y$10$1qdWPxli3itWe5iJmixznuZ9ItXnGQ8AcU2vzLhgPqfUyinzOOG7G',1,'2017-01-29 22:27:16'),(21,'kevin.williams@outlook.com','Kevin','Williams','$2y$10$FVXL/DYkc3hKQJS./Bs0K.Kbjm9IAkPK/0fR0fX6wYKysUlOnSGD2',1,'2014-10-31 21:41:49'),(22,'alison.welch@outlook.com','Alison','Welch','$2y$10$6chOasSmcC0/w4ETJ8W/deE/Pjwg9QjpwaU2sRPpMn40rl4KU7Mgq',1,'2019-11-27 20:21:21'),(23,'kimberly.austin@scpk.com','Kimberly','Austin','$2y$10$yI/eZr6WhXEczre4WX8ix.2Cj6gUbUeDBfrcZRMDpkF77JMTOw9ge',1,'2016-02-03 00:52:43'),(24,'john.delgado@outlook.com','John','Delgado','$2y$10$Omxk7AOg.YYrVmAbmOjVJuerYQFM7M8gerwJu15VEIsIj6BbcS6L6',1,'2016-08-21 06:40:00'),(25,'michael.delacruz@scpk.com','Michael','Delacruz','$2y$10$2q/ZorxkC5xHvxBU3fR9Bup8ojEnNUMsTa46btyI0U5WwbfOcKSve',1,'2016-01-07 10:05:27'),(26,'peter.colon@gmail.com','Peter','Colon','$2y$10$eg6F60bkMjUuB9PgUzQ0Fen7nxy.EzumIYQvl2.x6Dc3jCNVKoBe2',1,'2019-08-04 20:40:44'),(27,'sally.anderson@gmail.com','Sally','Anderson','$2y$10$1GSt8k8J/Tpba1o2S8mpH.sChGMQTcZOUZDuNLQA3gMAxp/Agnl96',1,'2018-11-11 07:54:32'),(28,'amy.smith@scpk.com','Amy','Smith','$2y$10$1zbUma0VXybsw.1HICVb/.diedK4rS23VwnapYWCCxCq2mbmjcM1K',1,'2020-04-27 08:30:03'),(29,'kim.fletcher@outlook.com','Kim','Fletcher','$2y$10$JYxtn65hUYiUOzvw0Irny.Jj62dczBpwtjeRjRfAJ3pt3zDCqizni',1,'2016-07-31 05:56:21'),(30,'katie.jordan@outlook.com','Katie','Jordan','$2y$10$R3SugzMcc8pi/65TKEbwuOBaeQXjU2vZgIWQeDQ1j8lxx.uGG5VQy',1,'2017-01-02 05:14:32'),(31,'alexandra.vega@gmail.com','Alexandra','Vega','$2y$10$SDv8MaSz9aaByL9AMM3m7e/RFbyLOX9Qwi8jCKKSzjDHTYCdANilK',1,'2016-12-26 06:02:25'),(32,'michael.valencia@outlook.com','Michael','Valencia','$2y$10$xI1oC6PY8M01.SnyzbE64.0O31Gzi0n121yjLrO5hRYBWmWW4PXEu',1,'2019-10-27 06:54:32'),(33,'shannon.griffin@yahoo.com','Shannon','Griffin','$2y$10$FtsVB7IIrkuntEZo8f9Vj.cHG1xJZRaWRo1toLK8PAuOECENXxkci',1,'2017-02-04 03:32:43'),(34,'cheryl.le@outlook.com','Cheryl','Le','$2y$10$nu4BHP4UTuBCzniDqjJrLuHEMvJZq.HFExEbpzVpR2KE5RBJWBKkS',1,'2020-09-18 06:05:46'),(35,'mark.silva@outlook.com','Mark','Silva','$2y$10$unj7JMhS.axnpE3T.vPiiuLARPA2FzqciZ.j9an01/YkZB7ii0tai',1,'2017-11-21 12:01:49'),(36,'tricia.hoffman@yahoo.com','Tricia','Hoffman','$2y$10$wtbQ7Dj5qdB2oOpHRslVhe63IyC/HUR893IF4GL3RhFzxG8N0ApJ.',1,'2016-03-05 23:54:32'),(37,'ashley.gonzalez@outlook.com','Ashley','Gonzalez','$2y$10$H.gZIQ8OHQpvwvB5cj8e0eo5V4q1FDF3lSkqPjJ9dyTe3huGUI6v.',1,'2016-02-12 21:43:38'),(38,'stacy.hunt@yahoo.com','Stacy','Hunt','$2y$10$xjoqGQxNC02Dl.zaCIjvuu2G8brvGezRWVOrDihX7gAX2MlzhWlWy',1,'2016-04-22 23:38:10'),(39,'karl.montes@yahoo.com','Karl','Montes','$2y$10$IJ63DuIK5dvGCG.0HHxYMeoZxB9qs/0MvFcAvLr90DHUlgD9tYpfO',1,'2016-02-13 13:00:00'),(40,'erik.miller@yahoo.com','Erik','Miller','$2y$10$6GZ08cAbvIKbPNSXrtm6DOszAUKJ1zqxD2n0RfpYY59J/DtSP5fB2',1,'2016-05-01 08:21:49'),(41,'elizabeth.walsh@outlook.com','Elizabeth','Walsh','$2y$10$5wwPQap5IUIHtCA67jh22.fIi4acS3i/Crw9Mb2kh76O..mNXe7KK',1,'2015-11-24 15:10:54'),(42,'pamela.fowler@gmail.com','Pamela','Fowler','$2y$10$VYwLUCkjbut4DeH59UXag.NAJJg0jOFed9H2.2Qm9gxr77IACiv7q',1,'2015-03-15 01:34:32'),(43,'patricia.shah@outlook.com','Patricia','Shah','$2y$10$YhZ7Zww/NSmsCrESEcOEUOZ435R6bMefQvNTEhjCxHQevLjaZtyte',1,'2016-09-02 21:27:16'),(44,'john.alvarez@gmail.com','John','Alvarez','$2y$10$5B6idVcjcw4YYUPVQE2km.XR66ApkkRXHAsSSkXTtUju2KwF5mSkq',1,'2016-11-23 11:32:43'),(45,'cynthia.smith@outlook.com','Cynthia','Smith','$2y$10$k2K6yMk1msXHAZBepdXIiOksPFq1fv5Q68VHUNoQFs3yQ0Ii9ovdS',1,'2016-01-19 08:21:43'),(46,'lori.ferguson@scpk.com','Lori','Ferguson','$2y$10$vCMDJnyvruQP6DN9oZIy2.pAo.1VsC7DPAdB7wEHkcGB8v8SxT2TK',1,'2017-09-29 02:47:16'),(47,'pamela.malone@scpk.com','Pamela','Malone','$2y$10$T.Al1CLHMB4nmksmbEnIu.jZOUChQbaiMRfD6h3.5fDFXUPFV.FB2',1,'2018-12-13 19:04:08'),(48,'kyle.norris@gmail.com','Kyle','Norris','$2y$10$dtu9zHfM9hwEnKVFUHWu7.ir.PPiKOk65X8jfYvUJbSZrfbVnrJWK',1,'2016-10-14 06:54:32'),(49,'tina.mccoy@gmail.com','Tina','Mccoy','$2y$10$F9FK90/lAgycvt07mKr23uKMYsRYIXW1SIjeZFZDMwzBW5SgQGNvO',1,'2020-03-11 05:27:16'),(50,'sherry.green@scpk.com','Sherry','Green','$2y$10$AzrTbsh5AppnyGl1L69qzuItCMYS6bhws6zXdYe8wBmlkGjyx/vdS',1,'2020-10-29 19:34:35'),(51,'amy.harvey@yahoo.com','Amy','Harvey','$2y$10$Y4p9Ig2n9WFgEkxREsPx4uyPq9NR5w1kX5dCyR/ZX99t9dZkHBonO',1,'2020-05-10 16:36:21'),(52,'cristian.mendoza@outlook.com','Cristian','Mendoza','$2y$10$YFIRc8mWkGj57eFZW6vjEuLmrKZPE6BIkBrwskiLls2b7sZ26uLNi',1,'2016-04-02 10:32:43'),(53,'brittany.flores@yahoo.com','Brittany','Flores','$2y$10$R3qLXpYU4AQA0AbnF3YjUeNuzFs14.MjeozjMG1UeKWiB90ArsjMu',1,'2020-11-23 16:34:57'),(54,'joshua.fitzgerald@gmail.com','Joshua','Fitzgerald','$2y$10$uap7MUPuxr/YvoLcHfDRleTLIJptwtoTxlpJSNAooZrKut6B05nQy',1,'2016-06-27 20:00:00'),(55,'nicholas.villarreal@gmail.com','Nicholas','Villarreal','$2y$10$1qZcgbL6tQPr6yjbiCNZB.r91Efk7kJI8f3yW2BzE1S4TdIgVmSUS',1,'2018-09-01 12:43:38'),(56,'samantha.alexander@outlook.com','Samantha','Alexander','$2y$10$kuzcLprxbZ6D.DmiOj/Y.ujMXy1mML4tY7OircttFsvFN.59Q2sNa',1,'2018-05-24 22:25:27'),(57,'christina.ray@scpk.com','Christina','Ray','$2y$10$VcvUpcnxr2Tz0xbWAAc.4uvtvS4lDJ3gM/WCAajicuda9juOIMV1K',1,'2019-08-21 15:27:38'),(58,'lynn.lopez@gmail.com','Lynn','Lopez','$2y$10$KXmwPxsMqYIqHrpAW8Hix.4br8syDclAu7Qo2sdqnxrAb3UK3lcV.',1,'2018-03-30 20:29:05'),(59,'michael.alvarez@yahoo.com','Michael','Alvarez','$2y$10$Ufmgy78b15s6reQhvZ/Qte/wb49DR.cl/2/IFVJcuAtTRi8Ivg8s2',1,'2016-10-03 14:54:32'),(60,'daniel.mccarthy@outlook.com','Daniel','Mccarthy','$2y$10$Dk1q734QGm3vxlwCfN8PGeRJS.THiGT6zio38PnyleXfvU4EmnS4C',1,'2016-10-05 12:00:00'),(61,'andre.henry@yahoo.com','Andre','Henry','$2y$10$mnX/p5VDMta3D.PnOF5COORjXih5apkmI6DgLBJ4H.9kg3y5txHRy',1,'2016-04-09 21:27:16'),(62,'sara.murphy@gmail.com','Sara','Murphy','$2y$10$P7dOggzu7MCt7wEFQR9TaefHCjTsYbeJTomlOgiQA5SMtJXy5Ce2e',1,'2015-03-10 00:21:49'),(63,'melissa.rocha@gmail.com','Melissa','Rocha','$2y$10$bXHjjbE2hXVKliP/QWwB2.d5ex/Nm9D3tLAHbhsRn/UseYxAvYRMm',1,'2016-04-04 01:49:05'),(64,'april.robinson@scpk.com','April','Robinson','$2y$10$uQwwzJvBlfoKk9PU7NMEPOAv05TmmxNBgPLe3BYkudOymNeKpKLEi',1,'2020-05-02 22:12:09'),(65,'robert.randolph@yahoo.com','Robert','Randolph','$2y$10$h/EZrKkU1/dMRIXOUZ2X7eU2TQa0D3hBO60AGhruNK2zO2P5tEQ7W',1,'2015-11-03 17:21:49'),(66,'brittany.watson@yahoo.com','Brittany','Watson','$2y$10$cEWQ.MeNhVorSb7AvJUNYuMCudKb4GImfAIzOI.towKezVsIPmHJa',1,'2017-02-22 01:21:49'),(67,'jessica.velasquez@yahoo.com','Jessica','Velasquez','$2y$10$2m7xwgdQ8oNpxOEgeoDCn.l4HXkOzB1o0Ox//LkObWOCxjjEzO1u6',1,'2016-02-29 18:05:27'),(68,'christopher.bond@outlook.com','Christopher','Bond','$2y$10$BWgjhUCtR3mbvXw8UwBrjuw0619HRZw2wsqiuJMwi0kw4CQw9btfi',1,'2016-02-19 10:49:05'),(69,'christopher.garcia@yahoo.com','Christopher','Garcia','$2y$10$664jJwi2EuE5kGZyG.rUA.8Zi05NEy7F0WwWGy.3/1e3WMCJ3Vo4e',1,'2020-11-26 03:40:13'),(70,'lindsey.ward@yahoo.com','Lindsey','Ward','$2y$10$/TxM9qCkbno64GWcfskBBOwoa4ZpBot7RU8uG5ZsrgSAKNApG/tTG',1,'2016-07-27 04:43:38'),(71,'michael.johnson@yahoo.com','Michael','Johnson','$2y$10$ExY2nbEY.e33qFUYbvYJIu0kqh3GYGNTGssNKeivSFIfgSydGGwBy',1,'2019-09-06 14:10:54'),(72,'joanna.summers@scpk.com','Joanna','Summers','$2y$10$omqLmUMMIcknRy.EkuVB1.ZNJm47nLAUlVnUl8DCg6aeFY55KDgRW',1,'2016-07-24 05:27:16'),(73,'hannah.stevens@gmail.com','Hannah','Stevens','$2y$10$T88AMNOcQn4IV2J6RMLUYuntfSypLG6JZbAYDF3AYLC.1cTp2doAm',1,'2018-04-12 02:18:10'),(74,'tonya.miller@gmail.com','Tonya','Miller','$2y$10$kcLWS68NLfCjhy.6saHneuu1JwkMUZh7PnUsYXVzj0kodTSobT7lG',1,'2016-09-27 09:34:32'),(75,'austin.sweeney@scpk.com','Austin','Sweeney','$2y$10$w0JTKBNZk8o5m/ysQR0qluP/Wr4nLZsfs3ednilLaajgLyyy3GoQ2',1,'2015-11-28 02:49:05'),(76,'caitlyn.smith@outlook.com','Caitlyn','Smith','$2y$10$pPcuVXyFPzagp/1Wkz7Bden5bvIvOLDaMfNLanNscV42g4pSkgtfy',1,'2018-04-16 14:10:54'),(77,'richard.white@yahoo.com','Richard','White','$2y$10$0m1oUkEsXPGJQ0pyM3L99udpzEjIxC0WdFhkfcg3gP9FlYPxrVELC',1,'2018-03-31 13:41:49'),(78,'john.bryant@yahoo.com','John','Bryant','$2y$10$SSXJTVBUUoekP/9CsIdcBOuPrHLsBp3mf/eMoezwKsl7YKAVndLtK',1,'2016-12-09 13:20:41'),(79,'stacy.conway@scpk.com','Stacy','Conway','$2y$10$0QAcSQG0ZdAstEjKqEeVUeaSDiYQGIqsS4lVPSJKqq7bj7p.UpmXu',1,'2020-03-18 04:00:00'),(80,'kenneth.fisher@scpk.com','Kenneth','Fisher','$2y$10$UC8mZA5g8vTf55kf5hkDpuMMIlY7ZEO.meu9yMVKQpHlwWozDDndy',1,'2017-07-31 13:28:31'),(81,'dillon.lambert@yahoo.com','Dillon','Lambert','$2y$10$GVT4XQlDmMn.4fnxUoIimOC4rmwGAyf28efj2Xf2DU55RmG3t9mpS',1,'2019-05-01 06:10:54'),(82,'erin.cortez@scpk.com','Erin','Cortez','$2y$10$bNqObDGcwiIXQEgqFpObyeTWU5ZmiMAcxC0LGsDwBa46KKT934/Bu',1,'2016-05-29 03:45:27'),(83,'tiffany.black@scpk.com','Tiffany','Black','$2y$10$vdiPTtVakfNpNDXF6khUh.Kq8nOP4WrqvbzKIIwK8OG6wrnLtwKYO',1,'2016-01-06 20:16:21'),(84,'robert.moran@yahoo.com','Robert','Moran','$2y$10$7/664tMsPVxjq2I2l/Fb4Oy6J7chnJIkE4MSlwuRkEmf5WVclLlOe',1,'2016-05-02 07:38:10'),(85,'christopher.thomas@yahoo.com','Christopher','Thomas','$2y$10$REXFu.MD6MVelsqM5jp/quxjjZQNe0Tf8Tpu6AnJdtGbKfykgwKWe',1,'2016-04-16 19:16:21'),(86,'lisa.marshall@scpk.com','Lisa','Marshall','$2y$10$kCDNpeGkPuwI2thPatEzw./Li1uSgVz9ZEaHZrASSoQdPViAhjljq',1,'2019-09-29 14:10:54'),(87,'laura.sherman@yahoo.com','Laura','Sherman','$2y$10$O6wSaaNaDpDd1LgA4ewVtOFBE4mY3/8iuuMNBnILDF9CWF9UZ0yZi',1,'2015-01-15 07:10:54'),(88,'alan.adkins@yahoo.com','Alan','Adkins','$2y$10$d1V70FHCEtrg89ib7LT.3OqbnBSaQItFOnhg8ObrbnvwkzxFWd06S',1,'2016-03-16 12:43:38'),(89,'paula.santiago@scpk.com','Paula','Santiago','$2y$10$6PVJT41GX7XXsJQXsAMY6OPZVfQta2RcRoR.8gcYUK53WgzkGW4Gi',1,'2016-04-11 04:00:00'),(90,'michael.hernandez@yahoo.com','Michael','Hernandez','$2y$10$vgXHGx.NHdZoHS3uWsxPZuNcam.Yyg6AL017hYiKTodmfyTIEwOCW',1,'2016-01-13 02:49:05'),(91,'nathan.bowers@yahoo.com','Nathan','Bowers','$2y$10$I2UKhzffJFv/BCK5Ex/UceTKoHm5yjL3yHwl4J2RzE1wEBf1hNzEC',1,'2018-12-03 17:45:41'),(92,'lance.johnson@gmail.com','Lance','Johnson','$2y$10$TGxa0TfMbCIlKufwrNvTu.rDzO941spq8O78NSxp/9giIBo2BPNOm',1,'2017-08-28 16:07:16'),(93,'patricia.moore@scpk.com','Patricia','Moore','$2y$10$iziRQ9u9MJGk21Ndk77sxu.fZCfEGd31QzaR66qFCMUL34X76erEC',1,'2018-03-06 19:18:10'),(94,'troy.powell@yahoo.com','Troy','Powell','$2y$10$x3z1hzCJnRIEG9xTL2vuP.qZ6/cAnIIb6h0NsCZzH.gcnymevo1QO',1,'2016-07-09 14:54:32'),(95,'christopher.khan@scpk.com','Christopher','Khan','$2y$10$jMcsexQdo.RHomjvHLwCfOXFEfqIP7gg302Icy0QgxC08UGCyh1j6',1,'2017-11-18 09:21:49'),(96,'renee.anderson@yahoo.com','Renee','Anderson','$2y$10$FbKjkEY/31yHKjkl1AgLjevr8WHJhAzsF1zioemVbMF18NEXKGFy2',1,'2016-12-28 07:20:53'),(97,'richard.wise@scpk.com','Richard','Wise','$2y$10$3SWYrPP2czbVUNtFQQ8Kb.nBYkOwHXqSapST2cL8pOOLlWvsnTWZG',1,'2016-08-07 11:30:54'),(98,'mary.mcdonald@gmail.com','Mary','Mcdonald','$2y$10$MoZ/zjRWRl/TeKzZeICfO.arZwuduh4Bvoams2fRx7imdmK8EZAqS',1,'2018-06-06 09:49:05'),(99,'matthew.kerr@outlook.com','Matthew','Kerr','$2y$10$FkIfpUSjdl7DhYOr1Wn9fufRO.J.Exk4Jrk7yuHupoIeI6DeaRizq',1,'2020-10-15 03:36:04'),(100,'jill.crane@gmail.com','Jill','Crane','$2y$10$auA6sFM0MuIclHLLeRYWyuBRQdmDLGpEg9cexE5F008ExwMJbVZcS',1,'2016-04-14 09:05:27'),(101,'matthew.gibson@outlook.com','Matthew','Gibson','$2y$10$rbUzWTkPPj//AqVvyHkRWOVrvSFu4UHdt0h6xxm1Yoh3BzbZt1pfS',1,'2017-07-04 04:29:05'),(102,'jason.manning@scpk.com','Jason','Manning','$2y$10$5xpGDu/vAwOEs4xuJGsbeOAhr8aHa3dKUlOMaaEU6BEDGfN3on6Da',1,'2016-02-11 15:10:54'),(103,'kimberly.knight@yahoo.com','Kimberly','Knight','$2y$10$zegxLtUzkwRek0RVr9Xz9uxx7qta4M5QsoPxnHlUw84FkAZrjrqcW',1,'2019-07-22 21:12:43'),(104,'hannah.gilbert@scpk.com','Hannah','Gilbert','$2y$10$XPQcOpxGb4nUyWdBHV0SV.x1JpUz9Jb56tIinMRhQJatGYIPfDFy6',1,'2016-06-11 18:47:16'),(105,'sean.shea@scpk.com','Sean','Shea','$2y$10$0N1pErTdXS6VkxHMEtf/hunI..QCyPov4VqV/5rp7zYoAoURkF8zS',1,'2016-05-25 07:52:43'),(106,'james.hunt@scpk.com','James','Hunt','$2y$10$izzcuqUDRCmHylUC5Wwm3..CcBGe9AbVEFHgfCkz65pPZVRycKjAC',1,'2019-03-03 22:37:45'),(107,'kevin.mitchell@gmail.com','Kevin','Mitchell','$2y$10$dM7jRSZQbztOZq1CDgFuY.KK5zj/JzGoXH01stSIdRNyYQUdweiMC',1,'2020-08-05 19:44:03'),(108,'jamie.mcbride@yahoo.com','Jamie','Mcbride','$2y$10$YCqeQpRmqxVBbfdPvCFE5O34J84QD/aC5EadpItisJuE2PC/d2fgK',1,'2017-10-18 17:05:27'),(109,'carrie.rogers@outlook.com','Carrie','Rogers','$2y$10$gT2XIuh1U70Gq7rnslCdYeSt.SHv9fYS..hSSTKwwiFW70B.n2fjm',1,'2020-06-29 05:35:50'),(110,'michael.sparks@scpk.com','Michael','Sparks','$2y$10$IV1M3l4sTUz0X1hrGqeVE.zcJZA/IYNFxwsEMjYbBR1YsfS1uYjqO',1,'2020-09-29 13:49:19'),(111,'craig.nielsen@scpk.com','Craig','Nielsen','$2y$10$RgYkmzBrvnn.rSHkv5TNpesfwT9.UMCXVVRLdqvOmPREYwSXy8Uc6',1,'2015-12-07 05:00:00'),(112,'rachel.spencer@scpk.com','Rachel','Spencer','$2y$10$eArasK.tqV0rFGnUgfjK6eStjk6nve12J1D10liglgUqK9xc7ghwW',1,'2019-07-12 02:42:28'),(113,'sheila.ramos@outlook.com','Sheila','Ramos','$2y$10$wHvMXeK38Tw7ac4oiuCSg.xf1AYZdRUTY6FtruCZcd2hvz2Yq2UyS',1,'2016-04-25 12:43:38'),(114,'kyle.silva@outlook.com','Kyle','Silva','$2y$10$V.p3vVcQ9WOl2WG8dimsg.aO0Mv5UrGsiOEfU1fa3DX4K7e1nCcBG',1,'2018-05-27 18:39:43'),(115,'sandra.dunn@yahoo.com','Sandra','Dunn','$2y$10$h6fG2Ave99PeJ4fGBmefpufafQI3CzxZk5rOuxnmDgjVue33jAMZy',1,'2020-07-21 05:29:47'),(116,'martin.martinez@yahoo.com','Martin','Martinez','$2y$10$W0eSrYqzryNBHcQf8DKwFekjVWzaegm3R21RW3PrIPUSzqboKaIy.',1,'2018-05-20 00:07:16'),(117,'christopher.mason@yahoo.com','Christopher','Mason','$2y$10$cvod3WDGFaOWm0t0KW7UcucGQB3VI/GGzXSSAgLiecCsZZekoj692',1,'2019-08-19 22:10:54'),(118,'dennis.morse@outlook.com','Dennis','Morse','$2y$10$I4CBsfz/zzQA85bh6QF55uiSqh8WzMa3SimNqOVewT1wiWAy5wfs2',1,'2018-07-20 20:43:38'),(119,'andrew.williams@gmail.com','Andrew','Williams','$2y$10$87HlkExY5a1UNOrSSQT6iOlP89ZLQJhYP7NcLl4gI8acowqdGKHam',1,'2018-01-05 11:22:50'),(120,'sarah.henderson@scpk.com','Sarah','Henderson','$2y$10$dA2fdTTbrsk30QmsSzMQTuPOL6gJ/JzBOYb5LupT9nSZ/HUX.ryYu',1,'2015-12-18 15:54:32'),(121,'tracey.fuller@yahoo.com','Tracey','Fuller','$2y$10$TZb0TsLDayoqSrcoTmUq9uhr/TfUsMSyUNUJFDq.BWKTOV1C7rbbq',1,'2016-05-03 22:54:32'),(122,'patricia.king@yahoo.com','Patricia','King','$2y$10$FvGYg8818DKp4iRgWmLdlO9CMOe..alm9dtJgLG06znzvTYKMtczi',1,'2018-02-05 10:05:27'),(123,'nathan.aguirre@scpk.com','Nathan','Aguirre','$2y$10$NMtnQw2.9JTrgWlzQW59NubWfaIa1/47KOjIF/9Gfjga0o.IM0oyK',1,'2020-02-05 23:54:32'),(124,'nicole.ward@gmail.com','Nicole','Ward','$2y$10$hNiDnDcTv.4blW8gih6HJexdlGOVOpTaZvkCAt0IddKcbMqY5nU7e',1,'2020-10-02 22:44:19'),(125,'taylor.estrada@outlook.com','Taylor','Estrada','$2y$10$xvmZc9YgTIRZNhW2W/SeLOFAthXDFDeHcvcj3qr12aOgjT7NDVrXG',1,'2017-10-01 14:54:32'),(126,'james.ross@yahoo.com','James','Ross','$2y$10$488JMJnuGkrTDtCnaYQyTuy526W90joXLR1Jz/hzF05Hn1KZpb6Fq',1,'2017-12-01 09:21:49'),(127,'jeffrey.white@outlook.com','Jeffrey','White','$2y$10$7BCbpbOys34LRrHo6UjB.Ook8nS31uA5rfGJzsh0DmETjz4qSbOI6',1,'2016-07-25 17:49:05'),(128,'mary.mejia@gmail.com','Mary','Mejia','$2y$10$j68PHoqml2U91ko5W4ZAJeFYRSyw4u6kqGBlm0ULYRyDZ2jHpWTje',1,'2017-12-05 23:40:00'),(129,'jennifer.bailey@outlook.com','Jennifer','Bailey','$2y$10$R2MJSxrEd04g4x7xatS0Ye8E/OPjgCbDzl5yU6PKDD3FvX9HAD27q',1,'2017-10-15 05:02:05'),(130,'brenda.rogers@gmail.com','Brenda','Rogers','$2y$10$XeiSd1ujkGLzzVcf7nwWJe.LJBw7EVrE8sKaFHJFY8eE73o8zo7Pa',1,'2015-03-20 01:05:27'),(131,'sydney.faulkner@yahoo.com','Sydney','Faulkner','$2y$10$BPL2u5QyXvDzoiugxI/mX.6RiFVaY/mrKpl3GqotrTZNL.lcwq5iG',1,'2016-08-09 17:05:27'),(132,'randall.wong@gmail.com','Randall','Wong','$2y$10$vwLVKpkrjn9CKxIUuJIDWeWNKQFy3VDaXyEUmCx8pwZWSSJ0CyzKi',1,'2019-08-21 13:22:28'),(133,'william.williams@gmail.com','William','Williams','$2y$10$fF67ZvpEYbeGluEWcpKHneGr6v3Yi2gkH3FMNOU1RLA1xGoGckFRS',1,'2017-01-11 02:34:32'),(134,'darryl.guerrero@yahoo.com','Darryl','Guerrero','$2y$10$Gd6LnLJxyEO/iCWllK1sR.o8KnOByTEl6Bl9YaMr51wozhAt.Gwo6',1,'2014-11-08 05:43:38'),(135,'david.combs@yahoo.com','David','Combs','$2y$10$FCNWY5nMd5WnBaBc5z7WCu44GqnUaZ0C.ykKhziISIAnREDIEfFSu',1,'2019-07-04 17:53:50'),(136,'yvette.shelton@outlook.com','Yvette','Shelton','$2y$10$jlAlEINhWVnrYVv3Ndfoj.AkZxSQ77aQ1QeoskIME.ssattezRmva',1,'2016-05-21 08:21:49'),(137,'jason.gross@gmail.com','Jason','Gross','$2y$10$ftwS.9AYZb5O9LiQ4C59m.1ef/X0bMJJmsF/WcOn2jb/wWc/lrV9W',1,'2018-04-01 17:05:27'),(138,'amanda.cook@scpk.com','Amanda','Cook','$2y$10$U4SjA3xHIHhv0OCJi3Ll9.wV3WUFouh.RHUCqGKVjbweJQR9pjGva',1,'2016-04-23 08:21:49'),(139,'jennifer.scott@outlook.com','Jennifer','Scott','$2y$10$EvMRK/Tazl/DKJ1L.W526u6CXZO.lcyz6DiOqxd6V4POyY.7Yr8rK',1,'2016-04-02 06:10:54'),(140,'nancy.johnson@scpk.com','Nancy','Johnson','$2y$10$SnO1ql.Tu9yqcKXXpdG39OOKuuz7kinQwQO0xlaccqtESfevwUAAW',1,'2015-10-15 12:14:32'),(141,'margaret.reed@scpk.com','Margaret','Reed','$2y$10$a.q2N9QKXlum7YmkOOP3ZuTu1hfXvktg/XSiexVgwo3GlppGekZJm',1,'2015-03-10 17:20:00'),(142,'stacy.hernandez@outlook.com','Stacy','Hernandez','$2y$10$2zH0eoDyjBQCM/lRJvU2J.H1oAUZyapZsyHhj3QVkQ1YPaDUxf6zC',1,'2015-05-09 08:07:16'),(143,'jasmine.hopkins@gmail.com','Jasmine','Hopkins','$2y$10$hjQ29pZHBDRIFHxDRtxkEu/0S5DqU.u19TQl3qaEH3rzU5QxQirdC',1,'2020-06-09 12:02:30'),(144,'james.dixon@outlook.com','James','Dixon','$2y$10$t1Ky58jXk25eCMobEbt0p.EAlZQO7l0B6f5GCdtoDP0vagYkpBNgO',1,'2020-10-27 13:37:00'),(145,'zachary.klein@yahoo.com','Zachary','Klein','$2y$10$tIkkJdIHdf1ihOhbrp9RCO90Jv/P7WKzoV5U6O9d4uWn.J3EbTbdW',1,'2018-05-20 17:05:27'),(146,'jonathan.fletcher@outlook.com','Jonathan','Fletcher','$2y$10$afIUUobVKcGMxGsgLJgJtu5E8sRZc7xLG7hHXIAz6u5MJSIhcBs/.',1,'2016-01-04 13:29:05'),(147,'kathleen.brown@scpk.com','Kathleen','Brown','$2y$10$kLyc2thvlEfJvufbbB56jO.Vlo0ONBJdWt6tjfRl.RUQh3xxltLDS',1,'2018-02-04 01:13:05'),(148,'kaitlyn.wilson@yahoo.com','Kaitlyn','Wilson','$2y$10$myLel9RlmoTbLU0/zS3jD.YKZUA7znrqJyOEz5ZX/34ymtVJpcAR.',1,'2016-05-08 17:05:27'),(149,'luis.morse@scpk.com','Luis','Morse','$2y$10$NK94qiJFmpqvqGsOWVyB0eXpd24kFmBHiX3bztn5sQKWd3.mvBLri',1,'2016-11-16 02:05:27'),(150,'luis.mack@scpk.com','Luis','Mack','$2y$10$tTUqUh1ppjpbWup4ur1n0eddLD4fuxpiF9cugMdjQTL8RDjmhTAYu',1,'2016-05-21 22:54:32'),(151,'debra.graham@outlook.com','Debra','Graham','$2y$10$/hCmV9M67AtjMfJu0VRbYehdk6nNmYlOsCwTvW.M3Rh8JjRlJgzZK',1,'2016-02-12 21:43:38'),(152,'tammy.rios@yahoo.com','Tammy','Rios','$2y$10$Pnt5lzKupcc61/IhiUKJje1UIaOrVb8qjmiFTWFISDemt3O/f7D42',1,'2016-06-23 17:49:05'),(153,'bailey.cain@gmail.com','Bailey','Cain','$2y$10$KWhYYp0W42Bxh4UvJ8QNy.xFCgEWlPVuUYODvmT8aNJAT4wek6Zgy',1,'2020-08-15 22:31:36'),(154,'lindsey.ellis@yahoo.com','Lindsey','Ellis','$2y$10$ha1KU/VE7UkA7B5h1SO/HeV4RQtUBQjhorrcKnWiGwDLzMrrBeZVO',1,'2017-05-23 17:48:45'),(155,'brian.carpenter@gmail.com','Brian','Carpenter','$2y$10$.XrNWC22NtnccOAL4d/KyOf0pylWxS0CY10kkjS9QwXQ1jmzoiieq',1,'2015-06-23 15:38:10'),(156,'john.sullivan@outlook.com','John','Sullivan','$2y$10$IWAUFUj1VIbtiWELUxOUVuUandcxyFrnr/w1CA4oKXUT.b5oqEh2C',1,'2016-01-11 04:16:21'),(157,'tara.caldwell@scpk.com','Tara','Caldwell','$2y$10$KUuemaHJJ9XTg8NU1e0Q9eUKpB35UNDmB0/NqUyv9EUTRdhoj.dfG',1,'2016-05-20 00:21:49'),(158,'christy.ellis@scpk.com','Christy','Ellis','$2y$10$i5ZoS5KMdC9FbAvhF1fxX.g.PxNb2KZ.a0iwN04ed92XTaq6.VqDe',1,'2019-01-14 04:45:27'),(159,'donna.powell@yahoo.com','Donna','Powell','$2y$10$oMbsO2otXQrJHg2GPJC2Quh0RM4pKo1zz.VxIFe8MeX/lPOhaL3ge',1,'2016-02-08 18:34:32'),(160,'christopher.jones@gmail.com','Christopher','Jones','$2y$10$48SyngA5D/H3b1hYdgqmeunQ63DhJKheDFRNH9HhfCHxzyDC7APOi',1,'2018-11-21 00:38:41'),(161,'timothy.montoya@outlook.com','Timothy','Montoya','$2y$10$S8yU/uGgMqbiQNUI7kSePu0hdLgdV2i5V2ToE0Vmam.SSE0FMvpb2',1,'2016-04-09 21:27:16'),(162,'monica.mcguire@outlook.com','Monica','Mcguire','$2y$10$E9kWH.DGfkl2/1YDcwuv/uRbxrtlUITRMvFzKHynLKw70rA4cb1Rq',1,'2016-01-01 05:00:00'),(163,'mackenzie.chavez@scpk.com','Mackenzie','Chavez','$2y$10$x3tBBeuO9okekGUHCESRmOpUw5h3ukmqkQknyfsqJUom/PIeAyU6u',1,'2017-05-24 01:34:32'),(164,'victoria.wright@yahoo.com','Victoria','Wright','$2y$10$rbwnZd5FLWOhFpRz/jM9x.4BmDEdVzsPfkH7eSUPZa32PMRoSfWSu',1,'2017-11-08 22:27:16'),(165,'lindsey.lopez@yahoo.com','Lindsey','Lopez','$2y$10$GLyTaSGNjcUfxORibszZeujI0PY6E/D8k9XZAa/CSrbP5RJ03nnNu',1,'2014-11-06 21:43:38'),(166,'joshua.hernandez@yahoo.com','Joshua','Hernandez','$2y$10$LWiHYS372JDoDKfotQ0UxeUs9Jyk3oKwUp2ru9jRlFPFwPxrH2Td.',1,'2018-11-25 11:47:16'),(167,'thomas.king@scpk.com','Thomas','King','$2y$10$Qwyadem8FzB6kN0JN1sVqOdidYUumc6eg1A0zSRVNuJ0vkNjJFLAK',1,'2016-03-13 13:27:16'),(168,'shannon.martin@outlook.com','Shannon','Martin','$2y$10$HHi88mUraEGiqWH6W7gMUuFNCdbnPEUuYW9B2JH5Xvo.iFbw6j3Q.',1,'2016-04-16 01:49:05'),(169,'karen.williams@outlook.com','Karen','Williams','$2y$10$Nlo7JnYzqEVJb96bcgo9n.0aiEcPvVLoZpTU04Q.RrCq8PjpKQbQ2',1,'2016-08-07 20:43:38'),(170,'carlos.henry@outlook.com','Carlos','Henry','$2y$10$1NPlhlPOigc5T4/tckI1B.PHSAWsqIQRRVFbsj2ZLm2MLDzIhZH2.',1,'2015-09-18 16:21:49'),(171,'michelle.quinn@scpk.com','Michelle','Quinn','$2y$10$uhB1umQdDUR8EzbEgj3.guGjQH6GfUS8t0mZuytizzBNdR8SoeuFC',1,'2018-03-14 04:54:52'),(172,'phillip.vazquez@scpk.com','Phillip','Vazquez','$2y$10$cbsnvXq149P5z/deg1vYW.SNcGv94CXqJB6fJZw5tctMYpcboB9HC',1,'2018-12-14 09:50:54'),(173,'tracy.erickson@yahoo.com','Tracy','Erickson','$2y$10$f8mdtowlkIswwMg6MmrE2.q2i4ejd9/EZLsthAtUF4saGRjd0Np9m',1,'2019-03-03 23:10:54'),(174,'andrew.robertson@gmail.com','Andrew','Robertson','$2y$10$nebBznC.6aS1MIHxVtdPSeGmU6ro7ZN/HVsGE9D3F.YqWLXH0ia3u',1,'2016-07-12 17:05:27'),(175,'robert.kelley@gmail.com','Robert','Kelley','$2y$10$U69FiRK.mOAqOZZZhjG4zedtZj9F/P3u0TMMNo/POllEX0EHR3t4O',1,'2016-05-03 20:29:05'),(176,'gregory.sherman@yahoo.com','Gregory','Sherman','$2y$10$y/ZmO/t/A46d5aYDzXPbleAgopSwJch23PKMs1WgP6yTPNuLxspku',1,'2016-02-14 04:16:21'),(177,'candace.chandler@yahoo.com','Candace','Chandler','$2y$10$/JfcCrC/HbYxASTjTd5xyO.srFmHW2Xx6H7SWag9eK7wt5v2S6XLC',1,'2017-11-15 12:02:39'),(178,'wesley.austin@gmail.com','Wesley','Austin','$2y$10$pTe0r.Le9wJobDbmjPByQembxz9feTWQcnLiYMsXYo/g8zVYyCFEu',1,'2017-04-16 00:07:16'),(179,'kristin.johnson@outlook.com','Kristin','Johnson','$2y$10$4gxYYpoqTf2sGCnHzrydvuaEAuOcCC71yzRgl3UoLaTOOgirUml.W',1,'2016-12-12 04:42:47'),(180,'valerie.dominguez@outlook.com','Valerie','Dominguez','$2y$10$1OtYoM.mDNu/4wMwVvsVtej1IZuMVEabXPrWnZgajdRnWx29ppQcC',1,'2016-05-14 16:21:49'),(181,'stephanie.petersen@yahoo.com','Stephanie','Petersen','$2y$10$VFduiwxTgdTm62AKQL.S/./r5HQt55M/RK9wGty1gbFkG/a4dDAnC',1,'2016-06-10 12:58:10'),(182,'johnathan.stewart@scpk.com','Johnathan','Stewart','$2y$10$gVUzafHogsZsxEev7a/Th.mXVApcWaRznl212ADEUNUnLuRH/7FTe',1,'2016-09-15 00:21:49'),(183,'clinton.green@scpk.com','Clinton','Green','$2y$10$hRd4QJ0ZPkaFgutMNYJq5OUPvmCx4cLjPRglfwG./bvkrCRFPsD6e',1,'2016-02-28 02:49:05'),(184,'duane.schmidt@scpk.com','Duane','Schmidt','$2y$10$elEJmboNncxrzZAWtIbOe.R4Z/5m.IflEHBDUCCw9U.RN..y1pkyK',1,'2015-12-12 03:18:10'),(185,'natasha.montoya@yahoo.com','Natasha','Montoya','$2y$10$gyk7OFpiMsblEzovA.oDP.OQVj4/J9VR1gBQAUQ.XEE5ZoWCXjgHe',1,'2016-09-16 06:10:54'),(186,'christopher.andrews@yahoo.com','Christopher','Andrews','$2y$10$KTenDdQdPIr2qgeNCxrEe.2HxxAcKW8vCZOe3GW.zaYKXmcJCCMdm',1,'2019-09-27 17:49:05'),(187,'christopher.roberts@scpk.com','Christopher','Roberts','$2y$10$kGmXbwAF7eLy9awrsBiZju4j3mKUAMITKIfefFxEcFnXhK1tYurAC',1,'2015-10-31 00:36:21'),(188,'crystal.galvan@scpk.com','Crystal','Galvan','$2y$10$neSge9bIEpV7TlrSObhkz.3G.zmLo92w.FRDUGt2w4ufYjEXmaVbS',1,'2016-04-01 01:05:27'),(189,'jessica.young@gmail.com','Jessica','Young','$2y$10$MHum3AsLluS1G36JzvNVCeB6tVAqiVtO5TivHn.nGoOzDhqIG5ZWK',1,'2018-07-28 00:21:49'),(190,'linda.lopez@outlook.com','Linda','Lopez','$2y$10$Qi36cxgCdQrGZsZxFgtqMu27YktVLLNVTR4hwrpPPA0wLXzQ1yY9q',1,'2016-12-08 13:11:08'),(191,'kathleen.anderson@outlook.com','Kathleen','Anderson','$2y$10$4llAHuegkDyu.97SnnQ7wus5K/JCFdeXhx/eb2LV5lKTgr.qnzpru',1,'2016-10-23 09:05:27'),(192,'thomas.barton@yahoo.com','Thomas','Barton','$2y$10$lShPtLI7JOnxaADJ7WXaFunmEJCxz2IbbpJkvS5t.YAd5E2WKK1a.',1,'2016-06-13 15:23:38'),(193,'kevin.rosales@scpk.com','Kevin','Rosales','$2y$10$KCVWa6GfFBUlq5WO1osxyuh/G87lwsvb2rHnIZI9AedjbS2Eo/ASm',1,'2018-04-05 01:27:44'),(194,'jill.duncan@yahoo.com','Jill','Duncan','$2y$10$qrKzZdHVvnoazOvTbH5LbujGST6XDXUuR.AdRLYaDRpQf5RvZxXGK',1,'2019-04-18 22:40:00'),(195,'shirley.hill@gmail.com','Shirley','Hill','$2y$10$5nwnyqZbD8MQTbBemPnviuCLugfo4nZ.Vbwgd/oXEeMlNzkly.ima',1,'2018-11-19 22:27:16'),(196,'jeremy.cortez@gmail.com','Jeremy','Cortez','$2y$10$SMGor86VumTHAltUPnAdXO308dwEEYAl1zgLvGG478uQYMIvEr4Hy',1,'2016-02-17 05:00:00'),(197,'jacob.moore@yahoo.com','Jacob','Moore','$2y$10$YwNhIbPKj8BmsWh54Wd3dONC85OuUSd1xmsLjgmJ6nhbhQnblc3Mu',1,'2017-12-27 18:20:00'),(198,'melanie.wilson@scpk.com','Melanie','Wilson','$2y$10$cI4dDKhQSjUlMYHUcI0RjOB18p.EAHEAvFUMm63XjJyJ55u.cQNxC',1,'2018-04-02 02:56:55'),(199,'jennifer.harrell@gmail.com','Jennifer','Harrell','$2y$10$qe5mBZ4WEGnZSPhoUcYLfuPrXOdsns9rCxd2/hsRUohJUf3wsbCN2',1,'2016-04-15 17:05:27'),(200,'justin.baldwin@outlook.com','Justin','Baldwin','$2y$10$bcIi22hlgTjk5lKPI94C2.ftZmYtSH7Om3RCnh03GYSxwzyKKwmx2',1,'2020-05-02 22:12:09'),(201,'michael.jimenez@yahoo.com','Michael','Jimenez','$2y$10$uED2uZMFhupjMWarvR8m7exHuEafuVkVJkc8mZ1/TmPPKgA/mW3s6',1,'2016-01-08 06:27:16'),(202,'alex.smith@outlook.com','Alex','Smith','$2y$10$.othm5icXBuUdQ0/DdxFduAh1s8n2i7vr04ksui3l3gRqP5LQzJzu',1,'2016-12-19 15:54:32'),(203,'christopher.walters@gmail.com','Christopher','Walters','$2y$10$pxToftzFj1Vk4.0FxLNslOWdziQeOdrwELo7UkvN.gXNQ2xRLrlt2',1,'2015-11-12 02:34:32'),(204,'lawrence.baker@scpk.com','Lawrence','Baker','$2y$10$MyCNeaxKuk5guCut06yb.eeiA5F55d51ie2mXVh3VEQpdYptGfXte',1,'2015-09-04 17:49:05'),(205,'richard.reid@outlook.com','Richard','Reid','$2y$10$Y3Omj0svo9zUpFUmFoMsUuecnL2Ms42GpDOynQyv8wldGa0l9i/HO',1,'2019-07-15 19:51:22'),(206,'ryan.esparza@scpk.com','Ryan','Esparza','$2y$10$pSAmDowhOJDUpdiS/Zl1wefWpBjkk7UhGWdZqtF3jzb3iXd5nKEue',1,'2016-12-07 07:10:54'),(207,'matthew.perez@scpk.com','Matthew','Perez','$2y$10$cdFPhIfBkRDDHjJ37.fPrepcACDY3tIeJMdjuXI5XRmrmm9OwbABu',1,'2016-11-26 01:21:49'),(208,'jessica.matthews@gmail.com','Jessica','Matthews','$2y$10$LnrarL9mWEJJ5.jQHVRZ7.eEP7GPdHo1RRiX.Z1zrfQsil9wbt7dy',1,'2018-08-01 10:49:41'),(209,'james.becker@outlook.com','James','Becker','$2y$10$XgxChcrTOl0O2aB8YVntheluLdduvFpwAwGBh/2IbDkdi3G0fCvXu',1,'2015-11-21 19:32:43'),(210,'cynthia.williams@yahoo.com','Cynthia','Williams','$2y$10$hv4xrxtmDp78m4xD/t/Ab.JyVTrhBFcxh2l2x273yvpBOLH7a2GG.',1,'2014-11-20 04:16:21'),(211,'bryan.guerra@gmail.com','Bryan','Guerra','$2y$10$MdxNGMtWrGG71SEPxeZ.Xe0rayjjEci.wNf7MrSP8L7QENIhhigw2',1,'2018-11-22 10:20:00'),(212,'rebecca.baker@outlook.com','Rebecca','Baker','$2y$10$yIiMa5xQx4cw/bpyyTbQG.lFg1.SV9abQAa72rqduD4BC8ixbd.Ru',1,'2019-11-06 05:43:38'),(213,'patricia.thompson@gmail.com','Patricia','Thompson','$2y$10$wlem/FhoICbfFA.i3jlGyeYObmwmL8ovH/KyTQXmQcrCspkFIF2Lq',1,'2018-04-14 23:23:38'),(214,'cheyenne.peters@gmail.com','Cheyenne','Peters','$2y$10$g.dkN0dxm92NzduSeJQMqeJKnuQxPwNMCCQpLaS/ehC5F9ZQva05m',1,'2018-08-08 19:01:49'),(215,'michelle.mccann@gmail.com','Michelle','Mccann','$2y$10$3k9V4XG0nxjDNBiPIlCEaeVcJO9D.e4wN5nzze1ZqgzcbGlY2NLlK',1,'2015-02-11 09:21:49'),(216,'suzanne.hayes@gmail.com','Suzanne','Hayes','$2y$10$kKuh0fF0GAvUUbwANOjv4ezJHdwlp1hOpSWmNK5ECxMiVzPic8zJ.',1,'2016-03-09 02:20:00'),(217,'tanya.chapman@gmail.com','Tanya','Chapman','$2y$10$SwHkOdfE/ZnN51hvmDFTYunDtdTfqfAHExARCS1k6/gugBo8/NSaa',1,'2020-05-24 17:11:47'),(218,'mark.davis@scpk.com','Mark','Davis','$2y$10$sKotSvxsb4Oik9T0wDZLM.UGY6MSHiPQGM.wUUDZxbzs6lg1cC3fm',1,'2016-11-30 00:09:05'),(219,'zachary.le@scpk.com','Zachary','Le','$2y$10$6.p/c1IF7XLYfWzj4PRWFua/J2lE1aBMHbRFMg.NlGUzsOknsJbOW',1,'2016-04-17 22:54:32'),(220,'anna.khan@scpk.com','Anna','Khan','$2y$10$FpeAzVSc33GxEvrpF9HqxeQDJUurxnNly..qpCUSLUDygryJPWkce',1,'2015-12-17 05:00:00'),(221,'charlotte.lopez@outlook.com','Charlotte','Lopez','$2y$10$V6ea/WmK6lNDpcmKDHoCM.J05RfcdL7FGNAumXzmRZ6C2O2jyAeqq',1,'2016-05-20 03:16:21'),(222,'sherry.underwood@yahoo.com','Sherry','Underwood','$2y$10$7HruuqD1YPqYMHaTOwXHlu405rppnxRqV.YbOmyivzXwhl/Y8ItWa',1,'2015-12-24 10:20:00'),(223,'heather.williams@yahoo.com','Heather','Williams','$2y$10$rsW4lmcwc8XTX5PAd.9Ow.Dsu4fsqN9v6rnlXyXtia/Oleq/MJr7e',1,'2020-02-06 10:20:00'),(224,'katelyn.sweeney@outlook.com','Katelyn','Sweeney','$2y$10$eYiGD4hmoJImLBlTpbJWbOEhEfxDkTeUISpqQkTbD.CGDd7NSJUWO',1,'2020-11-15 08:45:41'),(225,'melissa.harper@outlook.com','Melissa','Harper','$2y$10$zyZbK1ZTtnVPJJq9eCzz1OYoaXiFogNAm2IAO5N/eo7WgqxRQxHs.',1,'2016-05-08 14:54:32'),(226,'kimberly.romero@scpk.com','Kimberly','Romero','$2y$10$osR4sw9eSGyGW9oBWcXSt.tnPVoP69mZB7zURdraxKoo9cRkWFDUe',1,'2019-04-20 18:50:51'),(227,'matthew.phillips@gmail.com','Matthew','Phillips','$2y$10$zURzGtaZN99o.JMPHJiLSO/mb51ZdPt0iDJLexKg1VfmhoD48DUwW',1,'2018-02-14 06:38:05'),(228,'dana.branch@yahoo.com','Dana','Branch','$2y$10$1dmlSEmxIxS3IhW7XIIF3eky3xajOC0eYR/TkcF.OVCHwhj.yHExa',1,'2020-07-17 06:54:32'),(229,'judith.hanson@scpk.com','Judith','Hanson','$2y$10$5UrI6YRjA09ch/Crw7pvqudhfJdt84N.a7dNC1TQpX5T2OJrv3jya',1,'2016-03-20 08:21:49'),(230,'elizabeth.walker@gmail.com','Elizabeth','Walker','$2y$10$u.jIk01K3hULHuU3zZ9OpOCFq1VukAbvPHFzH68XIOukKen90gS9W',1,'2015-09-03 08:21:49'),(231,'jonathan.collins@outlook.com','Jonathan','Collins','$2y$10$1uCjHePfPGYiEBeyFhWxS.kwCSJPE5EwprJg5u1bIn4ClV52Sk27C',1,'2015-02-13 06:27:16'),(232,'holly.brown@outlook.com','Holly','Brown','$2y$10$TEaVGJ.Qi97Q3oEDmLXjq.C6zAPBL9XSZP0OhRSrqpzc69Acq0t5G',1,'2018-07-28 05:41:49'),(233,'nathan.johnson@gmail.com','Nathan','Johnson','$2y$10$ZzIZZLY4VjU5pAKH2kNwCOAgSf0RkgK3b/8Qj5ZxHl7EFJtrfWazi',1,'2016-06-09 18:18:10'),(234,'morgan.white@outlook.com','Morgan','White','$2y$10$jwzbukVxWIjl4PA0j6ZLNupxwLC1K8AEWcrY9DJci7.KiDy8orvo6',1,'2017-12-31 13:43:38'),(235,'justin.smith@outlook.com','Justin','Smith','$2y$10$nMzc3P5D33slUw2OnTnzOeuHI8DLiXBpwfp4BfxhDSBccg62Nd8Cm',1,'2016-02-07 11:32:43'),(236,'judy.marsh@scpk.com','Judy','Marsh','$2y$10$eM4lwUVuymMcGsb/AkKwa.PJoKcPYlWkxzyjSL6e4AmX/r/QCPeMe',1,'2019-12-09 15:10:09'),(237,'jose.davidson@yahoo.com','Jose','Davidson','$2y$10$.Q3KJwAdKhgDj3yV2VyNz.NJ9hJYAopd/O5mpG.BX5i1YOhXV7/uG',1,'2016-06-03 00:21:49'),(238,'joanne.campbell@yahoo.com','Joanne','Campbell','$2y$10$6A7A3hJpqvsvjrGkbQE55O93X9My1EgfkvKC3IQns39rq7YXmtzT.',1,'2019-01-08 17:21:49'),(239,'christopher.gonzalez@outlook.com','Christopher','Gonzalez','$2y$10$b1o963jliOyF/JV9STFEOeJO1mr5zmKYlldY1hV6Uj1C.kp66odMK',1,'2019-12-11 20:37:59'),(240,'randall.shah@yahoo.com','Randall','Shah','$2y$10$4P9Eh1IF16xDBAjUgd1eW.62bkxkCJVnPT0zJeoWZDbpDP4h6Ix6i',1,'2019-06-12 12:43:38'),(241,'tyler.cooper@outlook.com','Tyler','Cooper','$2y$10$IOM79XbyNVEDB3sPNHJ9yOtX6XbQzrP.AROIJCFEZpeDpxMhJUCAO',1,'2017-09-19 08:36:21'),(242,'anthony.daugherty@outlook.com','Anthony','Daugherty','$2y$10$Ir3NFZ0k/yxTdmDPVLMT3.OhRPEh1971DSTHoFr4AMwykjOdbv3km',1,'2016-07-18 03:16:21'),(243,'selena.white@outlook.com','Selena','White','$2y$10$u2kQw81YcufUCOYmrVR31OFNNRMCxFFnglMOIbCE9a3IQVm0Vo1ru',1,'2016-01-12 09:21:49'),(244,'gail.ross@scpk.com','Gail','Ross','$2y$10$idPWhPZZsPSmOAKuUe0NdeQlCuly6c/Sg5SLURM40ng2BITeNT.EW',1,'2018-03-21 12:00:00'),(245,'aaron.johnson@scpk.com','Aaron','Johnson','$2y$10$zAqtVxnyikUK5HGS4Sha0eqeXOlvCNCaK.gS2l1tGje7JHFJYvC5a',1,'2018-11-07 07:40:00'),(246,'bradley.mcdonald@outlook.com','Bradley','Mcdonald','$2y$10$GesDUqCCIDrMUfnoz8KeVugLfBH1HS/gvETVHHFNwdqEIcNDq09f6',1,'2016-07-04 10:47:16'),(247,'jim.morales@outlook.com','Jim','Morales','$2y$10$hfvVuJNvs2VUZwHLt90dO.0HsqZIUTt/eNXpjL.jtGHUPe41ZqzTm',1,'2015-10-07 05:12:43'),(248,'amanda.thomas@yahoo.com','Amanda','Thomas','$2y$10$IVH.CXSe6Eq9WlGYOHS2aON0AHE27Hvjc8BbdOGyN3Pjc0AbHTZsa',1,'2017-07-08 23:38:10'),(249,'wanda.gonzalez@gmail.com','Wanda','Gonzalez','$2y$10$R8HWRJwms4t5vdjZuFM5OuqR3f52PjhC0SDOjHBVRZXoM4y5vXsQy',1,'2015-07-11 05:56:21'),(250,'tina.johnson@scpk.com','Tina','Johnson','$2y$10$AR/jK12mchelqYBgJj/d2OmVvyOjoNZikxQ6RX9gtXGJ30U4sI67.',1,'2016-08-26 21:10:04'),(251,'diana.holmes@yahoo.com','Diana','Holmes','$2y$10$QiTTDve/s/r5IIIMzcGAIOyCL3EfM1Pjm9SyFBZJAXyDbkqd0Y5L2',1,'2016-01-11 07:40:00'),(252,'william.maynard@gmail.com','William','Maynard','$2y$10$tNTHfp8p5Y4AfZwxfXUXO.7/HS7PcS5.Op3vp3zko2FfXQ8UtH9Za',1,'2019-05-04 16:50:54'),(253,'timothy.rhodes@scpk.com','Timothy','Rhodes','$2y$10$y4KgjaRueOQiZjqEfhp1Ru10o.fPOMQdwC0jD7TIYcTP7eghnJ.nS',1,'2016-04-18 14:54:32'),(254,'shannon.wilson@outlook.com','Shannon','Wilson','$2y$10$h0tZzfEOIkCLPwRG4hSj3u3f1AfVLHsW4fpurQYT10cJVDNHkvtuW',1,'2017-09-18 13:27:16'),(255,'hector.anderson@gmail.com','Hector','Anderson','$2y$10$6uHngSNAUnhmnS3LtRh4mOjuHbdSThEeBk0eX1Nys8mI.Gn3t2Bg.',1,'2016-10-20 10:15:31'),(256,'daniel.lee@outlook.com','Daniel','Lee','$2y$10$TDUIdMUxrjkmAc1U.xejdeW9VLlz0Drp6.UugQd3uvYnv5.VmanP.',1,'2017-07-04 07:30:12'),(257,'phillip.rodriguez@scpk.com','Phillip','Rodriguez','$2y$10$rszVSqMNVprPTNQwObiWGOXbp77ccrPIQwHB5RLrZRZndpCTKI7cK',1,'2020-05-14 17:00:58'),(258,'roy.brady@outlook.com','Roy','Brady','$2y$10$upiLAS.tvncNPx5bhLZOF.wP1bsHBc5Ph4lPCVUqPIdTiZIO8AmwS',1,'2016-01-11 19:18:10'),(259,'sarah.reynolds@gmail.com','Sarah','Reynolds','$2y$10$K.bWkcJRwn4PJCKdaiP9JueHrbxQl2XoIZ23EHs4BtiwFuHbQzB3u',1,'2015-09-13 21:27:16'),(260,'allison.sutton@yahoo.com','Allison','Sutton','$2y$10$erx57MTHkU24QY5eZUSv3.4.IiiB/O35e2IatQIP5eSA3XOHb/5sC',1,'2018-12-22 21:00:00'),(261,'laura.moore@gmail.com','Laura','Moore','$2y$10$KCy6AZD9OapdsDIq1UNJOu8fy75t3eM/Re16MbQX1W4OwZTDrcqau',1,'2015-12-05 11:18:10'),(262,'robin.brooks@scpk.com','Robin','Brooks','$2y$10$4M91Glm0em2ZQTouMdzhzOUXRLssO1PxUfPwWEKjMGusqkJdEe64e',1,'2016-10-24 06:40:00'),(263,'cameron.collier@yahoo.com','Cameron','Collier','$2y$10$6zw5Uz4iepwFhprRZLRsM.k1f0H6AES5vcAkmEAtGBobs./Krfxya',1,'2016-01-12 02:34:32'),(264,'steven.watkins@outlook.com','Steven','Watkins','$2y$10$1jIBpdT6OsVcwopNHSsGJuAqGce9dzD3T5htuiszzhNrdAxZcCRoy',1,'2020-01-18 20:37:59'),(265,'gregory.carpenter@gmail.com','Gregory','Carpenter','$2y$10$2zlh0wOobn7zrmowXfyhtuTohW1zJ8ht63k/gk7nvfKc0oARfd2nS',1,'2016-01-03 16:38:10'),(266,'lisa.martin@scpk.com','Lisa','Martin','$2y$10$AAMbxVIlKTWHN8j4Dkijq.d1VqwYKVdgbYVUbPS49CKlS0mAIUcVu',1,'2019-09-20 18:32:43'),(267,'julie.berg@yahoo.com','Julie','Berg','$2y$10$POC6e4il8jcNGtj.D1lDkOr7sCeN.qgP3gB5zqMkLW.5mfPwfPRuu',1,'2015-11-27 05:00:00'),(268,'anthony.graham@gmail.com','Anthony','Graham','$2y$10$sSzNJL0i54Kxb2lG8dFT8e41fURGoJHFnoD0TS7e88qG./ZXaYNLm',1,'2017-06-24 02:03:38'),(269,'brandon.miller@gmail.com','Brandon','Miller','$2y$10$VhkZV7IcWR8gXv21t5jdk.EYUnh5T5h69EdMsMOR0fc15CbVKE1T6',1,'2018-11-23 11:18:10'),(270,'randy.padilla@yahoo.com','Randy','Padilla','$2y$10$ExlMGGgapbUb5dn0cRet8eXscPteGzJK15Ql0jS1Oc6Dip9N0LIPC',1,'2016-10-16 12:43:38'),(271,'lauren.mora@scpk.com','Lauren','Mora','$2y$10$xT8j6pm1o1mIGbpY5qGC7Oi2LS.iTRfP55x/7V7qWbJqllY4geOLu',1,'2016-03-24 04:00:00'),(272,'charlene.jackson@yahoo.com','Charlene','Jackson','$2y$10$2Ub5M2kR8ZeH3vXMS1zq9.fVRYsoo5AobG1bPNmGldM4ZJJxsYQUS',1,'2019-12-27 22:42:19'),(273,'angel.snyder@scpk.com','Angel','Snyder','$2y$10$Gv/tRIKZ7.JY.bDVzs8Ts.KaqoCYQ2IFBf0gnwEhhi9mT7VWTSeBO',1,'2019-01-16 13:20:02'),(274,'elizabeth.love@scpk.com','Elizabeth','Love','$2y$10$u62vc.z/nRArLCop/sQhfOo0DboIb/6jQbAI4o2.IpxSgkCPWvoAS',1,'2016-05-08 11:01:49'),(275,'heather.hall@scpk.com','Heather','Hall','$2y$10$OC3W.l9C5lyk7YCqMaiVa.nWPpTnsjhZfYvsp.8tMSn.gUX4eKHvq',1,'2015-09-26 04:00:00'),(276,'joshua.russell@yahoo.com','Joshua','Russell','$2y$10$lhd5oloSOk74CBLakgEdX.eEcDGk5J2JRuA0kYDfkt3LIlLu1PBCK',1,'2019-03-30 03:00:19'),(277,'frank.ramos@scpk.com','Frank','Ramos','$2y$10$M9rKBQ7bnudshigRXdZkWOlZ2T.VibUbvhulVolOpdjuDPzfS0IYW',1,'2016-07-29 01:49:05'),(278,'jerry.warner@scpk.com','Jerry','Warner','$2y$10$z.DalClvBLlbv4hoZYq3FOFIT8DjPXUm03DfbKSB4glOLwKLsQa.e',1,'2016-04-05 12:43:38'),(279,'luke.wu@scpk.com','Luke','Wu','$2y$10$ySWVp3sK.WJyenG7UPDwueHEloGhemj55FssEjxPvBfK75Srelinu',1,'2019-04-09 23:48:40'),(280,'rachel.knight@outlook.com','Rachel','Knight','$2y$10$HDIcteDNJJZzFUjLXxpHRORJvgkEn5IEQwtK7B5n/WUYQextII2Tq',1,'2016-12-01 05:00:00'),(281,'michael.cardenas@yahoo.com','Michael','Cardenas','$2y$10$YNlMRxFZP1ggAeKvZ.dPLuYuAC/RBbncSbfykTv5xIYWph1TWeWs6',1,'2015-11-24 15:54:32'),(282,'michaela.mathews@yahoo.com','Michaela','Mathews','$2y$10$dYzXLZvabdWa/ensOwGi2empsqtNr41ld/6Rbe1YMIqivOQhWtHU2',1,'2016-09-30 10:32:43'),(283,'erica.robinson@gmail.com','Erica','Robinson','$2y$10$RYYDnqXsNs1BWfRkbrHULugXULvzDrQbBXp71jYGU/NkSuvmRb2Oa',1,'2016-05-11 20:00:00'),(284,'john.horn@scpk.com','John','Horn','$2y$10$lOKhbZmlQURXrRM5za2vu.oIHzV6TuwIyeW6ctJ1QHRnBvqatGsXW',1,'2017-08-09 14:10:54'),(285,'brian.hughes@gmail.com','Brian','Hughes','$2y$10$euCulrjqoWjvwHmN7qFRc.HU0FedxSal6tJO95SdvsnCZ9IsfHhsK',1,'2016-05-09 14:10:54'),(286,'roger.green@gmail.com','Roger','Green','$2y$10$6pk3msf/SEJoqLxAfnCkS.GFO9x8U2JJnUReDe78R/lPs9uALl1YS',1,'2019-08-04 05:16:44'),(287,'leslie.jones@gmail.com','Leslie','Jones','$2y$10$/GCDC9uvq7pRtNbGr5RaT.FEWeqlJnONpaxOmQJs7AQQXNd51w1eO',1,'2019-11-29 23:23:57'),(288,'david.gomez@scpk.com','David','Gomez','$2y$10$tQWnOwtv30VGa5rFgBIrx.j67t998Uu92GMnN6tOox8MTQgIxhF6K',1,'2016-04-14 05:27:16'),(289,'lisa.stafford@yahoo.com','Lisa','Stafford','$2y$10$6ZzddpsDTJmJB5UdeUe9wOxLqyYnK0q.Cder4DQ4Ab8mvuiViLJnu',1,'2019-10-25 13:11:58'),(290,'jared.fuller@yahoo.com','Jared','Fuller','$2y$10$CIi7PyI6QMyeW2faDhJECeWLj8vl3oMlgKSVrBzHHVV5XVtGBR3sW',1,'2015-09-20 01:49:05'),(291,'victor.burton@gmail.com','Victor','Burton','$2y$10$ZrSV5UJpVBsF.IRRt7Mdeeaez.LqLTvRpTDcIU9Ci0ihytW6mzqGq',1,'2016-05-20 10:32:43'),(292,'danielle.bryant@outlook.com','Danielle','Bryant','$2y$10$uQqqju6TRVUwnLqNwQ/AXe4b5FkVmIPUFogSQ7N4qVDeKb8RgD3qq',1,'2018-08-16 07:50:09'),(293,'alex.turner@gmail.com','Alex','Turner','$2y$10$H.M0ImAdEnGGcK97Bbqu.uwoja6L4x8lpxV14.0l1BSiJpj83/aaK',1,'2020-02-06 13:14:13'),(294,'sara.parks@outlook.com','Sara','Parks','$2y$10$8HN3e0/aDFiV7JsMYpesMOz39T19F/svQbny34FeL5r.oq9pxVlwu',1,'2020-07-28 16:54:10'),(295,'kevin.hart@gmail.com','Kevin','Hart','$2y$10$zSs3/5HTvFnIK38mLzQySeR8dMe21FjNnJVGu/modRDC7aHkaDJOy',1,'2016-07-07 22:10:54'),(296,'william.cohen@scpk.com','William','Cohen','$2y$10$vcTZ.Qv6qiuRVshC9.Sih.qK2EY0ptB8yzQU9fmb7UTmMxxTNLSo6',1,'2016-09-01 19:45:27'),(297,'tony.jacobs@gmail.com','Tony','Jacobs','$2y$10$xdAjDE/aiQ/a7f15RJV4lOPiVeKxXPi7vLPNc1kicYO2fWO4f7tn2',1,'2015-12-22 20:16:21'),(298,'daniel.stephens@scpk.com','Daniel','Stephens','$2y$10$DRY2sBdmXYvndr2CyNV1FO6dkVphOJQzQki8m3Cn5NlJD9mqUKy7O',1,'2017-04-02 22:40:50'),(299,'tyler.freeman@yahoo.com','Tyler','Freeman','$2y$10$IsjtWAR7xP7ESlhW.VtqBetKNFvWprBQTFcT26hJohNCTBYRPeHt6',1,'2016-05-23 04:00:00'),(300,'emily.castro@gmail.com','Emily','Castro','$2y$10$3RDDkLXduP4MD9acJ5B61ueww26CrhHWhvqWDD2m48TMHuLNPOLg6',1,'2020-05-04 01:14:41'),(301,'jacqueline.adams@outlook.com','Jacqueline','Adams','$2y$10$EIp9lxvyPezSeCfn3aQg6uPMbR0rJGAUX0QHFe3YxBqKJOf3QuZmy',1,'2016-03-27 12:58:10'),(302,'rachel.warren@yahoo.com','Rachel','Warren','$2y$10$kuOZazEqyU8A.A960tPReu7VNX4yoZmw.sjOsI2szGYjXlkXZYPI6',1,'2018-12-10 21:00:00'),(303,'michael.anderson@outlook.com','Michael','Anderson','$2y$10$2dI/eV/XTKjgD3.QhAJlues4WBOmXsARNenJ3wJIxw5wZYZs2Oeuq',1,'2019-01-27 11:47:02'),(304,'julia.morris@scpk.com','Julia','Morris','$2y$10$0ljo/pZ9LTfWzPBjghuEM.RJhixaNBK3IJopJGRCUASvjuH1IcX0y',1,'2016-03-10 15:10:54'),(305,'lauren.alvarez@outlook.com','Lauren','Alvarez','$2y$10$Ivd1JPMuuxY/p8.Zrrj9nu7rx3t9mDDzjCz4bm9l6mzXZWEZ0XAku',1,'2016-04-18 12:00:00'),(306,'jamie.everett@scpk.com','Jamie','Everett','$2y$10$sQPpGOBTPoZVUGoLHQ.ixugIzcg5jN8a2C5sehvlQ70l4qJafbeCu',1,'2017-01-08 06:42:14'),(307,'robin.ellison@gmail.com','Robin','Ellison','$2y$10$eE63GhR0cBgMSYqu0EWB9ehtLtApnGR0mAOrsEyqB0nQaM19TgA2S',1,'2016-10-18 04:00:00'),(308,'angelica.bowen@yahoo.com','Angelica','Bowen','$2y$10$lb3No5gqlH5hLW4OB2DQZOY/7LYmkz6l91zuXYiHq4GI97vbgNkIC',1,'2016-02-28 02:49:05'),(309,'sarah.daniels@outlook.com','Sarah','Daniels','$2y$10$H9qq/hqE9iqZptze.hdhmemBF8JEEbUD8ADgBrigk.HG/ANaN2yBS',1,'2016-06-27 04:29:05'),(310,'heather.orozco@yahoo.com','Heather','Orozco','$2y$10$NHOkRkFSKZHrs41Vc8.URuY5plpm572NPH8kgZoJdzXDWbQvIJP2G',1,'2016-08-29 06:10:54'),(311,'leslie.tran@scpk.com','Leslie','Tran','$2y$10$w2UpZIgENUMyjO9urjENYeiVWEJYbpxe7WhSQluWPOwoXypp8tp1a',1,'2016-06-04 13:56:21'),(312,'john.cook@scpk.com','John','Cook','$2y$10$VBQsS6uroB/QZ3NgtC6CjOUxGSUeAqkO5rs6WXQv9uQjH/vfRBoVu',1,'2016-08-29 18:32:43'),(313,'thomas.riley@yahoo.com','Thomas','Riley','$2y$10$bR5oncluIk9eFH7tv1LJI.c4eRzuDmaMLoMER46Dl76Ms.LXdaUFm',1,'2016-03-27 19:16:21'),(314,'antonio.sampson@yahoo.com','Antonio','Sampson','$2y$10$c9/wqWP01mtQLZ3nmdAk6.EYo.xndHB7QbaNCocO98/Ig0D86d26O',1,'2020-11-20 15:47:30'),(315,'thomas.rhodes@outlook.com','Thomas','Rhodes','$2y$10$GQseR5Ltfi2k6PBC9e.9OuXR5nyOIw7LFicJHejBX9p0Fz2O3Qloe',1,'2018-03-06 19:18:10'),(316,'richard.jimenez@scpk.com','Richard','Jimenez','$2y$10$CJTyTk/COYDzGs9AVfOU9uOmxeSpwDkQM3H5Jsi24M0RSSU15rvni',1,'2016-07-14 12:43:38'),(317,'donald.white@outlook.com','Donald','White','$2y$10$j5AuCYvEF9qCEDHNsQUnZ.5ij/Lv5/Gp0IflCPk03gTCOKvUnNtLO',1,'2016-10-31 23:38:10'),(318,'kevin.kim@yahoo.com','Kevin','Kim','$2y$10$AonNoZRP5NkocsQ5fc5xj.dpRG.bH9rBchHOGIiur7/dHg82OH/vO',1,'2016-02-16 23:10:54'),(319,'joseph.joseph@outlook.com','Joseph','Joseph','$2y$10$mbLeMbaomz1yU52ux1bcS.9blpM0NEtemEtPnDwcnYHhT./zdLmmu',1,'2019-10-16 16:53:59'),(320,'david.stevens@outlook.com','David','Stevens','$2y$10$cjCvgcVeNpMhCVpcRIrgJeRnjRR6x3omJIBAg7CvYqbiP0XQAW1BW',1,'2016-04-19 05:27:16'),(321,'matthew.benitez@scpk.com','Matthew','Benitez','$2y$10$uOjvZ17XI3bOzMKXq8UfBuiTfDxH2X2oQzpiDEcV7dJKm7E0wCcri',1,'2020-10-18 19:35:20'),(322,'james.brewer@gmail.com','James','Brewer','$2y$10$tXsuaBzbiaZ6zLcdUVxEUudX0JhjJY5/ZKnReosCG2R7CPg1NXsWK',1,'2019-11-11 06:56:21'),(323,'sara.moore@scpk.com','Sara','Moore','$2y$10$WTLh0i/AC0TlS3PgqlJk0OeHvRGAkLLMJp5qfG7qCN4g/qI/vQKhS',1,'2019-02-21 07:18:58'),(324,'melinda.brooks@gmail.com','Melinda','Brooks','$2y$10$jdDemyYqpVSBQuEGx.JMaOelEsbJaAhwhD0F0sweUdmNZ9VILSrKm',1,'2015-08-26 23:52:43'),(325,'tanner.parsons@outlook.com','Tanner','Parsons','$2y$10$emJftYqbP3/MISNIuas4peQATmmpN9JFJP0pL6CxGG/Yqqik..11S',1,'2015-12-10 04:16:21'),(326,'kimberly.summers@gmail.com','Kimberly','Summers','$2y$10$571DvcT7aJ384NpAgKs/Lu9znhAer5GydBBtRKMYWYQjrdE0X01f.',1,'2016-02-23 22:27:16'),(327,'erika.spencer@scpk.com','Erika','Spencer','$2y$10$FIwuoe1nkun2fjZVhfP/Xel4Gv5iMIHhDqSrH5QoZofpXqfRpvq36',1,'2017-09-01 17:05:27'),(328,'ronald.mitchell@outlook.com','Ronald','Mitchell','$2y$10$AzzJG2LYZWX3IwA6DeCq7.DBGFnfp7T74Q7qcZX9QP5LUtQYR0DMy',1,'2016-06-29 00:50:54'),(329,'jonathan.thomas@scpk.com','Jonathan','Thomas','$2y$10$taJ9i5PeYJ9vBGssdhFGy.QtpcLbuJ95S.G1WCs6Cm1TJhqT808gC',1,'2015-12-04 09:21:49'),(330,'shawn.johnston@gmail.com','Shawn','Johnston','$2y$10$6YA3IXgTACR6nzxm918/b.Bbm0k8D2.GwKLtx/jPcEby1mGYafTVy',1,'2015-07-18 04:43:38'),(331,'danielle.washington@scpk.com','Danielle','Washington','$2y$10$rKY.PN1rcbHz9nVaQ9PNVuYDUhjArD5JmBYn73bXnQCBKMuZ6TeFG',1,'2018-07-23 18:18:10'),(332,'sheri.obrien@yahoo.com','Sheri','Obrien','$2y$10$thlkKusTHXF3N32H6zNzF.nXeaq3j5x1oJaEeqhXHUbn.bD5rb0yW',1,'2017-07-10 12:14:57'),(333,'scott.beard@outlook.com','Scott','Beard','$2y$10$k310Bfma6F1SJiAxWKeUVOmvkiHLOHz8qcukjnomRRUM6M2BYdm2.',1,'2016-12-22 05:43:38'),(334,'eric.gibbs@scpk.com','Eric','Gibbs','$2y$10$yWv/b8EASDNDfliQdWt1euC6A2mvkdyHDmMrY85dlilkpn7LfG1ri',1,'2019-07-15 19:51:22'),(335,'donald.jones@outlook.com','Donald','Jones','$2y$10$ogykVTdfwshPOKL1zvxdYOkmkof1.IWWVx0u8hWrcPnZtzIRiSBgi',1,'2015-03-09 17:05:27'),(336,'kristine.perry@outlook.com','Kristine','Perry','$2y$10$JT3eC/l52QEPZEitC8MRf.PqvXNKnWL4YUyuK/9zY6aj0ofB7idsC',1,'2016-03-04 02:05:27'),(337,'tina.love@yahoo.com','Tina','Love','$2y$10$/lyYVxwEPx00gZn141sTzu1z0Xfr/wbxVl8TjkrI/qMkwxCfMiBjq',1,'2016-06-09 14:54:32'),(338,'lisa.williams@gmail.com','Lisa','Williams','$2y$10$/tBCJ9XZs6M2xslhDR00KOF5cx4YBi76SKeVsew7asnnup1TaN5u2',1,'2014-12-17 02:20:00'),(339,'stephanie.wu@yahoo.com','Stephanie','Wu','$2y$10$yUMvAadcDAYjHFGnF.YO.uTiRiJH11J43K7dFF8VNQwd1xu8HDR26',1,'2020-02-24 22:12:29'),(340,'geoffrey.smith@outlook.com','Geoffrey','Smith','$2y$10$bTh3umsCxy/FO3v3bFGA0u/x.KuCe7etCHxABUqIj1o5KRkbhVysW',1,'2016-07-20 04:58:10'),(341,'emily.marshall@scpk.com','Emily','Marshall','$2y$10$T8nJKL0bOqSFdQXBQNL2eeBf7z.4sdTnHd77EFoeIkyJpcgAV810i',1,'2018-05-25 20:58:10'),(342,'emily.williamson@scpk.com','Emily','Williamson','$2y$10$TddLyI9eEOhG80PA17jnOuA63En0CeL09xCIxgE2P..AkjyA7sNhW',1,'2018-07-02 02:47:16'),(343,'william.brown@gmail.com','William','Brown','$2y$10$4mD/Jj5UVGPQroeRSFiju.Fr.oHH81b2oxtWbAnzMClPdplnG0YcC',1,'2015-09-13 02:32:43'),(344,'brian.church@outlook.com','Brian','Church','$2y$10$5ScdGqY2Cfkh4.vd4y.o5OEjzXsKqTwAhht2xPCuIbBN5RBldpFcO',1,'2018-04-05 18:27:30'),(345,'karen.robertson@yahoo.com','Karen','Robertson','$2y$10$ZX73ucpcLZy9Yw32ZKcqAemIACb7HHoa0NVQe7racPaj1ngS5N84W',1,'2016-07-12 12:00:00'),(346,'caroline.wright@gmail.com','Caroline','Wright','$2y$10$rLo4yEGmriOgsOtiiSCDyOLESbLyfkeNv5n.Wz6RY/.fofQtCv/R.',1,'2016-03-03 10:34:32'),(347,'katherine.cook@outlook.com','Katherine','Cook','$2y$10$5Hwpa.CrRsDC53W6Zd1hkeQgFoJfhExpMe2fC9NKRwKj3QlIywxqi',1,'2019-05-19 17:05:27'),(348,'brenda.fisher@gmail.com','Brenda','Fisher','$2y$10$ci9x5xeJ45mwORqBU2OZCeg.v/3lhP5LeCJ4bhSEOFAi3P5jFjT/m',1,'2015-12-30 13:00:00'),(349,'ryan.moyer@outlook.com','Ryan','Moyer','$2y$10$eIA8E7yNUUIwLLAM.LZDp.GnhC6Qpt3dD0NKgjGZfr7IWqEQXlNDq',1,'2016-01-20 02:05:27'),(350,'linda.payne@outlook.com','Linda','Payne','$2y$10$DrYE0ycHqxxD8UQd0wURXOtyaHgmidf.xHn87bYy4DanX7px5WQ7q',1,'2016-10-02 01:34:32'),(351,'micheal.reed@gmail.com','Micheal','Reed','$2y$10$Di5ZbduQL7PklpsSmmBxT.mpilKBjMRC4XHhBsRkOAU0wTGctPmAW',1,'2015-11-05 02:49:05'),(352,'chelsea.anderson@gmail.com','Chelsea','Anderson','$2y$10$hE0StjQleYl6Qe8QoA6EPO1MuvHfJ9TLgVhgjRQGiGlr6hsQxP9V2',1,'2015-01-21 02:49:05'),(353,'john.russell@yahoo.com','John','Russell','$2y$10$IVMUqBf0h4KCUZXgyd2qGOP.ik3jxT7yaikGgPw2Ep01.8Uop3QDq',1,'2016-01-07 14:41:49'),(354,'laura.garcia@scpk.com','Laura','Garcia','$2y$10$ILBTzALntz0RJspVbXePDu.wKDKsryOXPhCAA8YVHVM36F.lOw6l2',1,'2017-10-21 04:58:10'),(355,'brittney.young@gmail.com','Brittney','Young','$2y$10$8jlN.WMc..hYwxHk2WV1xO8YjjcmBOezuXLFYtlvjeb6C23RH27jS',1,'2016-06-25 16:07:16'),(356,'lindsey.howe@gmail.com','Lindsey','Howe','$2y$10$6jrQyVov1X/E8rCYAwYTB.ca10qVUlr7An2rZ0gOXlm3L/Ta1zNya',1,'2016-06-30 05:56:21'),(357,'kyle.perry@yahoo.com','Kyle','Perry','$2y$10$mE2gdamemXwmYcDPiytMY.TibHKReBcFvqi7UTRrfZSiShbY2b5LG',1,'2020-07-30 04:38:49'),(358,'cory.webster@gmail.com','Cory','Webster','$2y$10$KJdcrXLx1V0pV3zaQYbsuu5AyrsuwLL0bk3ieD1JIgOv9lkhW9hNG',1,'2016-07-19 08:07:16'),(359,'laura.skinner@yahoo.com','Laura','Skinner','$2y$10$DjaTNVR8RNocXn7agh5mR.nwrcE2JNmgxFW8BGtOrIkXgmy3k2nGW',1,'2016-04-07 17:05:27'),(360,'tracy.alvarez@scpk.com','Tracy','Alvarez','$2y$10$6r4WYxq7rXPX8DymVoW7xOcW0KhI6KvPPOvTx0ohIkTuD3XVSYP8i',1,'2018-11-25 03:47:02'),(361,'maria.macdonald@yahoo.com','Maria','Macdonald','$2y$10$fs/hBoP6Nmov57CbH/zPCOOENiz5JEBLDcI7v4nIy1Pq34XGLgnk.',1,'2016-05-07 06:54:32'),(362,'adriana.harris@outlook.com','Adriana','Harris','$2y$10$AmmZMf1G9al9V/OeZaW7YOsP4MBH/XzuhE..nclAWxJTHo.gvIt9a',1,'2019-01-24 07:10:54'),(363,'leah.sims@yahoo.com','Leah','Sims','$2y$10$GjXFue.ST1VgnA5fZsAWi.SK7MVtK40cUXY2Qab0Q0wv4zinQvncC',1,'2019-04-08 12:00:00'),(364,'elizabeth.baldwin@yahoo.com','Elizabeth','Baldwin','$2y$10$lGppG5AJDG5eu7mb9oPHjuRNdqk/l6rNpmrjSvfZqbDRDD0HFh1hO',1,'2020-01-29 05:19:12'),(365,'brittany.shepherd@outlook.com','Brittany','Shepherd','$2y$10$gEkQbvTBroUeU/NpSl5Pje1IIPlOKkZ4AG1GkhT5WInlUoBgimUf6',1,'2016-08-18 19:16:21'),(366,'bryan.perkins@scpk.com','Bryan','Perkins','$2y$10$ymdqmUIDnEVf5toSD1ildu6X5k3O8VOjnsCRkiYu65IaBwYGmq.pu',1,'2018-11-28 11:32:43'),(367,'laura.jones@gmail.com','Laura','Jones','$2y$10$xZhzKVRgOE1054PeaiLcwuTcFtGyAq8..3xiGLOPOHEcc3J4guaa6',1,'2018-12-24 14:43:29'),(368,'gregory.clark@scpk.com','Gregory','Clark','$2y$10$TXJTQhjtSww0DNMCC/KioedSdwFdHnj1eJbKC1R4hF2thVT5siCOe',1,'2016-01-13 02:49:05'),(369,'adrian.yang@gmail.com','Adrian','Yang','$2y$10$JmFq2Kt8n87gHPsi3cCixeYY150cqu57Vg5mCMkHv9wsHUSzBoDUS',1,'2016-02-15 09:21:49'),(370,'stephanie.richardson@yahoo.com','Stephanie','Richardson','$2y$10$iw9avMoZ9LCjSAg22B.veeEVhbz0D.QwFSlhsKhVqJAof0O3aJyKi',1,'2020-05-01 05:38:55'),(371,'aaron.saunders@scpk.com','Aaron','Saunders','$2y$10$Adlf/ec4wOM7QoSrEenzrOpKRWKxfs3fYvuODzH9GSK72kpY9xsUS',1,'2019-12-10 13:43:38'),(372,'jonathan.massey@yahoo.com','Jonathan','Massey','$2y$10$gpRuXcU276Rt.urzBKuYbOU7EUl7LjaAlU0AgrrrvVqap0HOol9vC',1,'2016-01-04 02:20:00'),(373,'andre.allen@yahoo.com','Andre','Allen','$2y$10$HZn7Ig0YQZw.hzvC8kVave0zugkNDbFs9kYpp3O5TCvhAu0iZwiky',1,'2015-11-20 18:34:32'),(374,'angela.johnson@scpk.com','Angela','Johnson','$2y$10$G.Rvet62iCYbRuEMWc8QsuD5RWDSARo7c106Noxcr6awoMg5YRnB6',1,'2016-09-06 16:07:16'),(375,'robert.white@outlook.com','Robert','White','$2y$10$.ke26TUVatrJJCzgivrE4OELbR9I7N78tks4GU4nlCnGLC21Cntue',1,'2018-11-24 06:20:53'),(376,'george.burton@gmail.com','George','Burton','$2y$10$amUB.M0xLE9uYPV5hMNCauZwRkmCUSGJVY5MrdvmZ83/Mi2BfyAi.',1,'2015-10-18 09:49:05'),(377,'patricia.tucker@outlook.com','Patricia','Tucker','$2y$10$VVWAZ.BNsG7pQnjSEVFqC.o33pYdog1D2UiEY/PKialnUI9hLDfTK',1,'2015-11-06 19:03:38'),(378,'teresa.lopez@yahoo.com','Teresa','Lopez','$2y$10$hHjpQJZoKgcuI0AS74ZXfO30jj18.bnZoWH8F1WsCnxBdP0jAWBfa',1,'2017-11-18 10:10:06'),(379,'shannon.miller@gmail.com','Shannon','Miller','$2y$10$BzjJgsD5VwT/9UhQ3Nw8DOGFFfQt73sv4S9Y1GV.xJtP28Gqw4oPG',1,'2016-08-12 12:43:38'),(380,'christian.barnes@outlook.com','Christian','Barnes','$2y$10$YqrrPwpl1.7Xn6G0dqRVlODkWEA2txgwSW4wVswIyBGK3DzbqWBWK',1,'2016-02-04 13:58:10'),(381,'chase.rice@yahoo.com','Chase','Rice','$2y$10$LkQsuA/xxh7xTxSxhumhguI.GPANAzp.Jyzud7aRbDBrBN1/oY.8a',1,'2020-01-13 04:01:49'),(382,'stacy.colon@scpk.com','Stacy','Colon','$2y$10$98mqN9nIYILrc5I7p1YTuuAVQGygMBs0/AjrdeS9m/FkT9XqDyVr.',1,'2019-06-15 18:35:34'),(383,'kenneth.patrick@gmail.com','Kenneth','Patrick','$2y$10$4sbghWKz/jY/5HE7D1408e/3gvNzuWcf8HeE4mxXxDAutGqum2NI.',1,'2016-04-02 16:07:16'),(384,'andrew.carter@scpk.com','Andrew','Carter','$2y$10$I8FV.JN5rr.xUz/7nI3.x.ftLSFaFljOYeo8JfHF7OA8CTrNesh9W',1,'2016-11-21 22:27:16'),(385,'brittany.long@yahoo.com','Brittany','Long','$2y$10$yqcR.MyFBlx3JnAKic8MNeJifSHLBCdf07yngoGTsAiQkKqyis2eu',1,'2016-07-14 15:52:43'),(386,'laura.stephens@outlook.com','Laura','Stephens','$2y$10$ZFv.UVW8BZlTf2Mf.MH94.bscAAVPEOjXETAPx/ICmMTRVpBAkvfu',1,'2014-11-10 01:21:49'),(387,'joel.becker@yahoo.com','Joel','Becker','$2y$10$E.s.EUrlQ/h7LwZtA00QreuOswaNZ3zxHpix0RlqwvDs0W0.1JsAK',1,'2016-05-02 12:00:00'),(388,'shannon.roy@scpk.com','Shannon','Roy','$2y$10$3TMjtLoF0UqYDszbyUh7ZOj38WqgvNBq1QeSzmbH04LZz6MxFPL7u',1,'2016-09-28 21:27:16'),(389,'cindy.bartlett@gmail.com','Cindy','Bartlett','$2y$10$KkmFT/66fhg8b4SD9V0BaelsGJXJrJcUmpeR/WacJUUKyyT2KWBAi',1,'2019-02-21 00:09:05'),(390,'linda.blake@yahoo.com','Linda','Blake','$2y$10$K7qdEo5rX7LBFj/yEi/oj.7E9q/Jo2PUgwZSre7vPOGHTFT/NHz2.',1,'2016-04-09 17:05:27'),(391,'ryan.patel@scpk.com','Ryan','Patel','$2y$10$r0Tr50r8tvXK/oAL16sAz.mrk32vUtHMwmgt2eP2E6tmQLGKVs8SC',1,'2017-06-10 04:43:38'),(392,'kenneth.walker@outlook.com','Kenneth','Walker','$2y$10$7Alxr.u2KyiHMsd7e7B35uJxCvpi0mi5CdCW0W338iPuOagGvhkFm',1,'2015-11-17 15:54:32'),(393,'cameron.foster@gmail.com','Cameron','Foster','$2y$10$4x0T5IBO.AWr1dI1zoxhzeq4kouoziBmDZ557bLjYZqik/BcYnkSq',1,'2018-10-01 07:37:31'),(394,'jamie.pierce@outlook.com','Jamie','Pierce','$2y$10$qpfuecXlonheCR4kgfejRO/r8YVvOtewAgOHq8eViiB.ISQTQdiAW',1,'2018-07-14 17:05:27'),(395,'jessica.williams@yahoo.com','Jessica','Williams','$2y$10$E61tTo/5pCiPwmBp05ZsueuI8WcEaTeCVXNQxKs6JaYdT5CR0Q6Lm',1,'2016-09-24 18:18:10'),(396,'joshua.garcia@yahoo.com','Joshua','Garcia','$2y$10$l.iXYyNbvQPAvcScQbdns.eOjKDMtgY/q7LaIE/HsR/dlYT91qAvG',1,'2017-01-04 21:00:00'),(397,'bryan.castillo@yahoo.com','Bryan','Castillo','$2y$10$meua.ULAKQqA4/nEsUPEjebfzhA1Um9ditUU6NxGxhWWx6h/hAvnW',1,'2015-11-18 21:43:38'),(398,'christopher.banks@gmail.com','Christopher','Banks','$2y$10$0IK85Q55Pby46LcIEO8lOOjzRYaAVC9na/y2/3dsJIJzPkx6vPM2i',1,'2018-09-02 13:56:21'),(399,'curtis.freeman@scpk.com','Curtis','Freeman','$2y$10$EKWpQ4tJMxRwgmcbnbsV8..TXQLQjAzaYVFIg0FBtNEKEapAL.P46',1,'2016-05-09 08:21:49'),(400,'whitney.barrett@scpk.com','Whitney','Barrett','$2y$10$eLxjEddMIl/SDCZY5ldwkOSyuyC4bJtr0y0J2ZWt1Xihngeqdwr4e',1,'2016-04-03 22:54:32'),(401,'matthew.walker@gmail.com','Matthew','Walker','$2y$10$4sa0HKUT8WvUlS6oHFo.2.9QVhv2QtVRTbDIFqnSPyP2LO.bjyAou',1,'2017-06-14 01:49:05'),(402,'william.walker@yahoo.com','William','Walker','$2y$10$wxoBBy1eseQhiKg1CaEYcO9Y1E55iAs7AipS8gDOmnBnAF9h3A1.C',1,'2020-11-27 09:12:51'),(403,'jackson.berry@scpk.com','Jackson','Berry','$2y$10$QyGsz59KdFajK0NwGerpIOKuTvE9UrpWjHVCIMX3AJcGJr5mzCSN6',1,'2020-08-12 11:05:49'),(404,'carlos.conley@yahoo.com','Carlos','Conley','$2y$10$JmtO.b4TwWy9HJ6tdUA7ReYl2zC39r2gSYDeEeYiWNrzJ42UJzJMK',1,'2017-06-07 14:54:32'),(405,'tiffany.jordan@yahoo.com','Tiffany','Jordan','$2y$10$lAHCIZl.sedS4uXmUF0Yau8QUS6I8SdoAvqfV1LEQlPl6bQlh9ctO',1,'2019-07-20 22:40:00'),(406,'crystal.lee@gmail.com','Crystal','Lee','$2y$10$RS/GH6hsIzd7xrzZRgvWMuwf8DVsSg61jIJQ1YjJrLmKG.2.AHvR6',1,'2020-06-26 21:59:57'),(407,'ariel.martinez@yahoo.com','Ariel','Martinez','$2y$10$z7jbgXaW4a08U6r0t6A1HOtZ4eSut8NJMLuanih6taok70BHp40Jy',1,'2020-08-06 02:10:32'),(408,'darrell.acosta@scpk.com','Darrell','Acosta','$2y$10$zUoH6iUma/MPKQDmpsUMtuyLDryfGmhKKgo6CWd1GrHZpDdj.i9FC',1,'2019-03-18 22:40:00'),(409,'angela.bishop@outlook.com','Angela','Bishop','$2y$10$LRc2u8tOtHTdtaRiDgdytuwjPB2kGemAxo0DBQ9ysnC3zi3aEthZa',1,'2018-11-03 15:38:10'),(410,'samuel.valdez@outlook.com','Samuel','Valdez','$2y$10$ZCVKiRZ.tlu1mOe7O1AZhODC9ZU2MM07n59CV/shi7ZvfLiMIOkmO',1,'2016-03-12 07:54:32'),(411,'daniel.carey@gmail.com','Daniel','Carey','$2y$10$NrbdJ/k6uYf0GVaceWNV8OxAOGH6oBSIyYHzzyJG175PlQjCIQmjK',1,'2016-07-25 21:44:08'),(412,'amy.graves@scpk.com','Amy','Graves','$2y$10$lFZ6jbxQieys8MDo/varie4z1pcaZj2zvZa3OJXtUJmj8jZOFpsJW',1,'2016-07-08 13:27:16'),(413,'jeffrey.bentley@gmail.com','Jeffrey','Bentley','$2y$10$wjukYyprHIlhPrp5XioFTudmfIii.8dWXVnL5Z8sbFybT4/N8QPBC',1,'2016-01-11 05:43:38'),(414,'natalie.roach@yahoo.com','Natalie','Roach','$2y$10$5M88YEieCJBLh4WREEA.a.idyrkL9aSdt2HucOJDGxIMYT20FRCnG',1,'2017-10-22 17:33:28'),(415,'kevin.carney@scpk.com','Kevin','Carney','$2y$10$aLdDYvyAWIvg1uo9M1d2HOLOYZaX.k8DuAVMWUgE7EKrIsrL4TIle',1,'2016-05-01 08:21:49'),(416,'michael.hudson@yahoo.com','Michael','Hudson','$2y$10$q6ihKZzbE4PEkUS24BkDv.MGvDFB0MEPmfuSwMfthOH/NgQs/6aE2',1,'2020-03-07 14:56:21'),(417,'barbara.wang@scpk.com','Barbara','Wang','$2y$10$7brtsQoIPCV.dFXOSJFIWOAqgygij17np/o.D8L6mJGs2k.7lPfpK',1,'2017-08-23 06:10:54'),(418,'christine.robinson@yahoo.com','Christine','Robinson','$2y$10$nn9f9TNNSe5Utl2F/VVc3eYuDgL7nFAY3RHE09uLAS8ZoiWRkWXkC',1,'2016-04-13 08:21:49'),(419,'antonio.fox@scpk.com','Antonio','Fox','$2y$10$ppFNXXJWNza0/1xoTVH.neEKVtQX8ip8PTjy29rPkx6z9BTmAxl6a',1,'2018-08-21 14:40:00'),(420,'peter.wood@gmail.com','Peter','Wood','$2y$10$NWVSECOhbo.zhjBJH1Q2K.YJScpgfVZKrk9ME1S3dIjnQ8.BIs.k6',1,'2020-09-17 09:41:37'),(421,'patrick.miller@gmail.com','Patrick','Miller','$2y$10$eC.zYD7K1.i7eOjcpSWhqObaZE3oO.D6neKM0OLwaWgLIbnwnYxEC',1,'2015-11-21 03:32:43'),(422,'alan.barrett@scpk.com','Alan','Barrett','$2y$10$Xzp6/XiCVbpEMdk1tO9IT.Gx2CbeqvK3F4jI7X0io/nhKQiEqTt2y',1,'2018-09-24 21:41:49'),(423,'jason.johnston@yahoo.com','Jason','Johnston','$2y$10$SMAtN6wy8fZIZiF58FJ7AeiH2hw2qQZJ7GBJOyG.dQxQ5OoxQppRC',1,'2015-04-22 03:01:49'),(424,'michael.hooper@yahoo.com','Michael','Hooper','$2y$10$vZVkIhcg0zusWfXZzxKFJuguGGFe/B4g1Cw3LMyt4LI2k1qqWYC56',1,'2016-02-13 11:18:10'),(425,'marcus.sanders@outlook.com','Marcus','Sanders','$2y$10$B.kfrsQSy/Z9lJxc8/nhI.rLRljmnXmezDSGx5qqtFnw03ZgcWoBe',1,'2015-07-05 08:21:49'),(426,'kevin.smith@scpk.com','Kevin','Smith','$2y$10$58FPe3VEWA8reQcxEWm3p.VgJ8rATxKH79s8kuARLBFdgDnIO.oie',1,'2015-10-01 05:27:16'),(427,'patrick.rhodes@gmail.com','Patrick','Rhodes','$2y$10$58wh.3lLPEWgAKUCUT4Yfe0c7.eeWl7W1BqH1bHB4/.KzsePtH3vO',1,'2015-03-23 21:56:21'),(428,'margaret.burke@outlook.com','Margaret','Burke','$2y$10$nqaNg6un8cBCGXBiPUdeneIKtxFqZVv8EfGowO.nAvXncNwPOucdi',1,'2016-04-17 20:14:32'),(429,'zachary.hernandez@scpk.com','Zachary','Hernandez','$2y$10$kX2673oyF9buluEgI1nD7OWTFhcnl9I.DMdp6zwwIQg3uhRNQ6JdO',1,'2019-09-30 10:27:05'),(430,'joseph.soto@outlook.com','Joseph','Soto','$2y$10$acxBhXdiSxbC/ZB/tSGDwO1KVNmsPYH1u.TAXbhWlgjLLledi/nwq',1,'2016-01-22 20:16:21'),(431,'angela.cunningham@outlook.com','Angela','Cunningham','$2y$10$NleamWh.O/orBNrlKzPe.eU6tg8OFT9H4nyE5McPBzz2dk53nFI5W',1,'2016-02-06 05:00:00'),(432,'laura.steele@outlook.com','Laura','Steele','$2y$10$n281vtCBRhOFDkToeA02DOlI9vSz7lRs4MWJTf0M/vpmEScT15xO6',1,'2017-05-08 18:36:13'),(433,'rebecca.shea@gmail.com','Rebecca','Shea','$2y$10$0jB3kjWQuZDOSRhJskdJSuxd7LGmQB5fiAEGKUTvUcEjWZm7VP8oK',1,'2014-10-29 16:21:49'),(434,'amy.hays@outlook.com','Amy','Hays','$2y$10$mzcRIvYJaLIGxp3eToXW7.rfjP3go9i1eSvHasWBJItn/NdT9StoO',1,'2019-10-06 23:52:43'),(435,'john.hicks@yahoo.com','John','Hicks','$2y$10$O/ri1HaqI7zeSwVVBhJjIelUNVh5cprG0pOjwSbkVMo6ir9MLv6GK',1,'2018-10-25 17:02:53'),(436,'stephen.johnson@outlook.com','Stephen','Johnson','$2y$10$5ShK2N4cW8WeC5NhR0.kI.qoyqhOAVTvvSo6XdaC9FSLfPkSUAG.6',1,'2019-11-16 16:56:58'),(437,'erik.freeman@gmail.com','Erik','Freeman','$2y$10$E68PGHMC2uXdS1Q2dCd9O..XKIPWbIeKZVPeXv44KzwuazYE3CWGi',1,'2020-09-22 19:52:57'),(438,'james.ellis@scpk.com','James','Ellis','$2y$10$u2tYTrAE48PbTglxlQDF3eZL8URIxC1OzMFGBnIQqK50DaXTm2aqO',1,'2015-09-28 14:54:32'),(439,'jorge.newton@scpk.com','Jorge','Newton','$2y$10$PAHBqYegQnWRPiUNLfzWROeDi62G7I.39Aq2.E4CxSgMDGZYr0kwS',1,'2016-08-10 14:40:00'),(440,'michael.fritz@outlook.com','Michael','Fritz','$2y$10$XqNC3bEiKTJ8.nlPFKipTOz99Ys7iMFGF7UOzReAmJauKQoPGoQMW',1,'2016-03-20 19:30:54'),(441,'christopher.thompson@scpk.com','Christopher','Thompson','$2y$10$0vX4O85.mz24mXhSKXtyAe1NjviWC8E1fxvnRVMixgAxI2BAkDRZu',1,'2020-02-08 09:28:54'),(442,'jennifer.pruitt@yahoo.com','Jennifer','Pruitt','$2y$10$C9Kd/PwkjSFhe.eD8IxZfu0/ct/aNRCg5CZtsC.D3xJkP9uXvqY66',1,'2020-10-16 11:43:18'),(443,'jason.anderson@scpk.com','Jason','Anderson','$2y$10$FMJ/OOKeLKHPT8dMuCKuGOuF8RSInF3x4V4qtawHd25vKg3qQxA/G',1,'2020-09-19 11:23:52'),(444,'daniel.mcgee@outlook.com','Daniel','Mcgee','$2y$10$qsVsbKB5pBXHPTZZBDNcQuRn53BS/HallDuxrHogPqVpmu6xx0ZLq',1,'2016-01-19 13:43:38'),(445,'laura.chavez@yahoo.com','Laura','Chavez','$2y$10$ekisq19vjUngyjfDJ8YZkuWVAp.XewhyAjDp/XrU5UisxVGdKMqLO',1,'2017-11-15 12:02:39'),(446,'jared.vaughn@outlook.com','Jared','Vaughn','$2y$10$9rZxuTvkmJH3kb/EwNIIkeCNW/XnozCKPklcsuVjhx8ZoM4ApcI7a',1,'2016-10-18 09:05:27'),(447,'erica.spence@gmail.com','Erica','Spence','$2y$10$e6TPhVOuZaXZ6AnhqJUjZe4VXStNLtBknO.9aQVixW4DkoQU/M4g6',1,'2016-05-28 23:38:10'),(448,'scott.moore@gmail.com','Scott','Moore','$2y$10$3Oo1395o.JeZInNAOOIa7OjmBI3fKC/e42npEPNLt1sFR36SEk7DW',1,'2015-10-02 14:54:32'),(449,'sandra.lewis@gmail.com','Sandra','Lewis','$2y$10$wJ6PItAt6um6oOlQymI0jePyRwtfxpQ0rr8k7uEX3pneCtUc3rBRy',1,'2019-09-22 16:09:22'),(450,'sean.rangel@yahoo.com','Sean','Rangel','$2y$10$A/pVXk6NS1u8jZQHf8knh.Gs.l6GIZA9sTKjX0fPrvTv.upPmbWu.',1,'2015-11-28 07:40:00'),(451,'jessica.harris@scpk.com','Jessica','Harris','$2y$10$iWkWOXXnwrJU71w0IfXeG.yVD0VfV5nblmN4AqCg9DKn0I6w2rUfm',1,'2015-11-23 00:38:10'),(452,'rebecca.mercer@scpk.com','Rebecca','Mercer','$2y$10$pSZYtFlJiT7vGVuywVOs1OAEJ7vIAH8bErKAPK86HPe/DTIgJmU4y',1,'2015-05-11 03:45:27'),(453,'james.klein@yahoo.com','James','Klein','$2y$10$c7JcIRiXFHn3mCL5YaAtM.4PHY14MxG25ncVfuYkV58WrJd9lLPP.',1,'2019-01-13 08:38:10'),(454,'douglas.rose@outlook.com','Douglas','Rose','$2y$10$87CrUzVLpRdwoYsDTYS6F.aKb0kwlRgPpKgoibwnrMaygPbQbrfGe',1,'2016-05-17 09:20:00'),(455,'james.dixon@yahoo.com','James','Dixon','$2y$10$z6Bx1mk40Ih9QoT/nu.sdO0t1ny7xwvC59S7L8K0WaYaW/kpfS9GS',1,'2015-02-25 12:16:21'),(456,'aaron.merritt@gmail.com','Aaron','Merritt','$2y$10$Mkv4GYLA3WcFh7YdVTRGmOo2C.WVMX2ZYQ2qysEG0DVRwEGKEnBGu',1,'2015-10-18 09:49:05'),(457,'jennifer.michael@gmail.com','Jennifer','Michael','$2y$10$AvK9wVL.Zy9mEqmsO4r3h.q2OPHHMQL5.fE8zo.qPuu5/byVwZbAy',1,'2020-11-13 18:36:18'),(458,'bryan.kaiser@outlook.com','Bryan','Kaiser','$2y$10$4T1u6dGx7wOi5pFBD2Nx4uFR1HNt1/5YwXRmj5xJj5wicheGQfDzK',1,'2016-04-18 12:00:00'),(459,'paul.lamb@outlook.com','Paul','Lamb','$2y$10$vA6vo204AN8Ul0cB5ui/S.KtQ6VNiosRGBNjfSMx1jynWDjTRrfpK',1,'2017-04-07 06:10:54'),(460,'philip.cruz@yahoo.com','Philip','Cruz','$2y$10$ji3UwPfdxVkYr6oVYrMXqeCulABQiEW4cqmuR5BHmqYZHLdTKMK16',1,'2019-03-25 20:14:32'),(461,'ashley.bell@yahoo.com','Ashley','Bell','$2y$10$tboVJmXM47MAsP3XDHahl.4d3Dl8fVnKfAcwRy8WBeOhyyhlkY.d2',1,'2018-04-03 20:41:04'),(462,'cheryl.miller@gmail.com','Cheryl','Miller','$2y$10$MH.SzAbTaOwnLLLkgHsDIOVyMCXB6JkCmparA01X5uv6oCotYYt2e',1,'2015-03-27 18:03:38'),(463,'tiffany.wilson@outlook.com','Tiffany','Wilson','$2y$10$eIx5rC0wyDe0RyHAAVQR0exkoMqgRILR.lt/27ASYWDwGhwwsuwS2',1,'2019-10-23 07:52:43'),(464,'adam.webb@gmail.com','Adam','Webb','$2y$10$S6qVeOktdn8cc0GZhNBV5OqvAOxJana8AZuE3AgtBYmMLYIWcInYm',1,'2017-04-29 07:34:01'),(465,'ricky.mayo@outlook.com','Ricky','Mayo','$2y$10$dfuIFwDHUGqsyYRp4rqtZeXM1bXNvnHEHA8E/UfQKHCLhv5ZhTcoi',1,'2016-08-15 14:10:54'),(466,'felicia.valenzuela@gmail.com','Felicia','Valenzuela','$2y$10$YJ2.aRqkfK2jy.V4.YiDrOQeveg.Bn4u/DlI5hoLH1qbJoFPLWz9O',1,'2019-07-11 07:38:10'),(467,'susan.scott@gmail.com','Susan','Scott','$2y$10$PUySBvrAFLYT2PZQW.zliOT9LlvAZAL7cuQg/lI8jn6OA4B4a6SBK',1,'2016-04-05 21:27:16'),(468,'juan.martinez@yahoo.com','Juan','Martinez','$2y$10$a0T5FXXzGtXTVYHQFwrBwOIMwiDFXuEc/gNg3XNcs.N2Kp/vbD5ua',1,'2020-09-22 19:52:57'),(469,'michael.peters@scpk.com','Michael','Peters','$2y$10$8Cr9aWh6ThzOrtQxQUc97.kptANeAMj/.CsV2c.onUyggJS5PQy9G',1,'2016-05-17 02:32:43'),(470,'eric.baird@scpk.com','Eric','Baird','$2y$10$mlBfHrVNoA60CFOxRdJkQO.ggfmBznmw/NwY0yHs.dwEweqEbpTVa',1,'2016-03-18 21:41:49'),(471,'daniel.clay@gmail.com','Daniel','Clay','$2y$10$Xka3oac4lUee8tok1km7tOaxmQCk7mo6oobn//633f3KdPpQR1oC6',1,'2016-04-02 23:38:10'),(472,'paul.bruce@outlook.com','Paul','Bruce','$2y$10$6gDJ6aj/bmyMQ6M/84MPMOTIEv8y4lwz46V3bdhUiYcjLLFz13eu2',1,'2020-03-26 04:00:00'),(473,'katrina.brady@outlook.com','Katrina','Brady','$2y$10$KmcxhMXC3W2j97Kiv0ucFOrsIoSgvzDfRRg/CLByBn7BwuxrrXyI.',1,'2016-07-13 06:10:54'),(474,'sara.hunter@outlook.com','Sara','Hunter','$2y$10$jPJ1CcQ/GLawTE347kU32uoPHMno4z2QTeu5FPxX42YImjZfVvvtO',1,'2020-02-26 18:49:05'),(475,'emily.vargas@yahoo.com','Emily','Vargas','$2y$10$mdfzqtbjEf2upE61oFkLu.O2sPn7S.JJOR0nF5TltMJzJ.QZApS6q',1,'2019-04-26 16:30:23'),(476,'brian.king@scpk.com','Brian','King','$2y$10$W5afEz5CcFz67QM/OI2Me.MiAnagws1pd0XXgM8nuLp7wRzxYE/6u',1,'2018-03-12 08:50:54'),(477,'jean.harris@gmail.com','Jean','Harris','$2y$10$MmLCplB5xu2U3WN0nH5/AOYv1qtPdsp9FmYge8FupOsTdsL1n92uK',1,'2015-11-11 13:00:00'),(478,'joseph.knight@yahoo.com','Joseph','Knight','$2y$10$5O0WZdO1/8EqPE6Ma36pB.xI1rPEC7UV1mQKZvMrUraEDQ2fmzjVK',1,'2015-03-28 10:32:43'),(479,'samantha.jones@gmail.com','Samantha','Jones','$2y$10$xbSouog/g.ko..kDhnsl6eOIkI5tyXQM54fMXDDLDbsKQQxPtDONS',1,'2019-08-30 15:52:43'),(480,'stephanie.carter@scpk.com','Stephanie','Carter','$2y$10$J9A2ZA6m0IiiVX0OS6/gcOU2JXettIkoFdy5jT9CQDSRuQcLRR/ei',1,'2016-02-15 11:32:43'),(481,'benjamin.harris@yahoo.com','Benjamin','Harris','$2y$10$5VQP0P2q5xh7k.YrnEjgROxDx1Xjv3nQiqOLt89FnQheSQ95D6BC2',1,'2015-12-26 15:40:00'),(482,'laura.moss@scpk.com','Laura','Moss','$2y$10$ghQjyl.6r2cwf4er1AbLIu0k5SUWbm7de7paeLGH3adaExxMv6gne',1,'2020-08-09 18:48:26'),(483,'paula.hernandez@yahoo.com','Paula','Hernandez','$2y$10$7RsLuaX.RDdgBw44jjbZ1O5PnyvK3yA5y4zMsqhspdt/7HxKIUGcS',1,'2019-01-13 05:00:00'),(484,'matthew.stevens@yahoo.com','Matthew','Stevens','$2y$10$LRIV5E/BIXGEnIqXzr3FSekcI3Bz1No9YiUifitYfxzkWqHhVWR5W',1,'2016-02-28 02:49:05'),(485,'michael.burgess@yahoo.com','Michael','Burgess','$2y$10$ld.VIzosVjyfPKc1Qk7ks.c8lIkr5xHt7ag.KUoAbeOa2T6IuVhbC',1,'2017-10-27 06:25:27'),(486,'madison.aguirre@yahoo.com','Madison','Aguirre','$2y$10$W1cssY4lHd4hHhGR4dfWyOojWwHmlVY9NyJMklVFynqX5gqmQxUQm',1,'2016-05-17 14:10:54'),(487,'lauren.payne@outlook.com','Lauren','Payne','$2y$10$iiwf0a.4cvXNvSDSLojOyefjUWXBtqzs/KdMmNrJMHRY4KpkG2KvC',1,'2015-08-24 13:41:49'),(488,'toni.lawson@scpk.com','Toni','Lawson','$2y$10$7uDOdSeckygv.saMGk2CI.M/oyjtaJBsLViRsXRnrZSSbFUjx2W8C',1,'2016-03-04 21:00:00'),(489,'laura.ward@gmail.com','Laura','Ward','$2y$10$VqNaWuM.filvTBBXw5lo5ulOgKuU5qEvc0//TSim54LIMbRxKMEPO',1,'2018-01-28 23:10:54'),(490,'natasha.simmons@outlook.com','Natasha','Simmons','$2y$10$70Zi6woKwDxejB/WWX1RgOFhopT2OiKakfgQ1JeVVAgS/mHvxDHhi',1,'2016-01-01 05:00:00'),(491,'ricky.hughes@gmail.com','Ricky','Hughes','$2y$10$6hStnjrh1mRStFi5ddOwoeIkU45USp/15I2Gdb1TJnb3kZq9X31f.',1,'2016-10-24 09:05:27'),(492,'nicole.baker@scpk.com','Nicole','Baker','$2y$10$HfGmfWwt8MXmkQqGEUv1Cu9u6aSp2aAfemPHyY6OyTwM/k/H4AawW',1,'2016-06-26 04:00:00'),(493,'theresa.russell@gmail.com','Theresa','Russell','$2y$10$5etMN1syma3L52UxHYmUSO05O9nUpOS2YybVlLXed9D35/1bMwxJq',1,'2019-10-10 19:31:05'),(494,'megan.munoz@yahoo.com','Megan','Munoz','$2y$10$m7ehNsmNwGxwss0OViANHeQQQ2i1wlrkkO39HNwrgLF80tMhrc4SW',1,'2016-11-22 20:38:58'),(495,'amy.smith@gmail.com','Amy','Smith','$2y$10$Y47sNycLVvFWE8dDhfh/YuXUthuXFnHCeJA1mf3d/arV1wp5tFcaC',1,'2020-04-19 00:21:49'),(496,'christopher.washington@yahoo.com','Christopher','Washington','$2y$10$c3IQd2Zuo0MyKQ1WX6i3IeS5.5CJHTLyt0ae2t3hzAsWLLxyWP3sG',1,'2016-03-09 08:38:10'),(497,'jeremy.chen@yahoo.com','Jeremy','Chen','$2y$10$ibj5FMROSLzYwuBCSdmW2eQNsIOx.ENev8.j54NU9xh9nvg8LlgPW',1,'2019-09-06 14:10:54'),(498,'caitlin.donovan@gmail.com','Caitlin','Donovan','$2y$10$Q1h5pfuVhH2tk.U90Kr10.V4jFidZPvnDJ0We7T4/f75iaKrRv6Im',1,'2017-01-08 09:21:49'),(499,'chad.kelley@scpk.com','Chad','Kelley','$2y$10$l1lZlt8oePLm8.l6oqKGbu.FcObsynymfFOAvQFSDtlAxZOgEnP72',1,'2018-07-22 04:00:00'),(500,'alexander.williams@scpk.com','Alexander','Williams','$2y$10$okKJl2zE3Lmr7SNT1p5GWei6WUwTXXsAfewSoY1edDYXJZX/MCirK',1,'2016-02-18 08:38:10'),(501,'alejandro.welch@gmail.com','Alejandro','Welch','$2y$10$I7vZxbZGRMvU5T9wGpOyCeRQPuuXhtAXK/bnhjzqqNk1cBbEX4D4.',1,'2016-01-01 05:00:00'),(502,'sandy.kelly@outlook.com','Sandy','Kelly','$2y$10$AwKeW3VortGiW99f1w3GfuXsCAEFnEGRJnDI8ICGjAAT30f1gY/nK',1,'2016-06-25 13:23:26'),(503,'james.hunter@scpk.com','James','Hunter','$2y$10$DlxU7kLU89BwV3Fi/9zYwuNmj7Y67J3diAE3KDyAW79RWq.yT1hTW',1,'2016-07-23 16:21:49'),(504,'dana.smith@outlook.com','Dana','Smith','$2y$10$ltDXeQfHzzV8mwg4p1c4s.biAl6zvZjv5SdTZbZCDqhHAzuNy/7yO',1,'2018-07-21 05:56:21'),(505,'raven.ross@scpk.com','Raven','Ross','$2y$10$uFhRU6VuJ3a9rRHz6b4v4u.T4epQC0wRGXHHs6d7DS9rADLHUJ5tO',1,'2019-11-09 09:21:49'),(506,'sharon.travis@outlook.com','Sharon','Travis','$2y$10$c9EY0z2zu6Wm3YmDZkboTuAgFrZhN.Q3njWIrBXJdXu6PHPierAla',1,'2016-06-25 16:07:16'),(507,'shane.mcconnell@gmail.com','Shane','Mcconnell','$2y$10$RGjgvfBKgkJUf0rTkmDOSuwl3FVF/3c2rkZv.1SBfB9hTBF3VLyp.',1,'2016-04-18 21:56:21'),(508,'shawn.davenport@gmail.com','Shawn','Davenport','$2y$10$3E7KFjcrbwoCuYJS7ev3DuTThgN99Kwnyr6ujQoFfycIb94dLRRzG',1,'2020-04-15 23:22:58'),(509,'cynthia.stone@yahoo.com','Cynthia','Stone','$2y$10$R.VKvQhPRa4TE2yXWsBvvOvZfLuAoxm0Otcwr.cMJDGPO8ReCRCIG',1,'2015-10-14 09:05:27'),(510,'michael.jackson@scpk.com','Michael','Jackson','$2y$10$27ZdhHIuNpDcoL2WyM0DHuN3J33Gj9zCmyTvMzKPmrtcYy1VgdN0S',1,'2014-11-04 23:54:32'),(511,'ashley.smith@gmail.com','Ashley','Smith','$2y$10$FWVs9cEeRdYV.EnAAiZh4OZNzHHKetmr8UCSsZR3UCWweDzsadc/.',1,'2016-05-21 17:05:27'),(512,'julie.stephenson@scpk.com','Julie','Stephenson','$2y$10$A4UysSwydvgNl6mn54jy3OKUm0GlGQKYdODP5fTzEAsgX7l7HrdgK',1,'2014-12-31 18:34:32'),(513,'jennifer.crawford@gmail.com','Jennifer','Crawford','$2y$10$zmsoVVBr/HbkrhTTItnzuOF/0emDd8E/dMrmkIiDCAqVMoHjT7IOa',1,'2014-12-28 23:40:00'),(514,'jerry.young@scpk.com','Jerry','Young','$2y$10$9ik8HeQHSDptIMzwsdMwMOb3LJWdgNdIzlzZgKk36Yw8hIY.C3zCG',1,'2016-03-29 06:10:54'),(515,'christopher.contreras@yahoo.com','Christopher','Contreras','$2y$10$cnI0f5LIeKxY2Gj7YHiksu.MQ72yRhkaUnlzOQdHHkRMZu3TO.9yS',1,'2017-10-23 15:52:43'),(516,'russell.williams@gmail.com','Russell','Williams','$2y$10$RPsWY8Z4iLgJ70aAIbqzrue55K3N/qbpANGH/HeZYkXwQedhcA8f2',1,'2017-09-26 20:00:00'),(517,'samantha.meza@yahoo.com','Samantha','Meza','$2y$10$oxlEgd/IRB0XCZMi.klzxeTM8U/GfFoZHVos1YcObRBTQqZ01QYNK',1,'2020-09-25 13:28:31'),(518,'michelle.shaw@outlook.com','Michelle','Shaw','$2y$10$RYrK/5/mXBHHwsivA1Iw9ubEKu0zawV6JxyCZdvmHOJlqTmYR5Zwu',1,'2017-02-25 01:21:49'),(519,'joseph.davis@scpk.com','Joseph','Davis','$2y$10$QYnF0c1mQYAjMq7sz.XekudIpVi9FYbfg27LJdVl7haEFvp//.HPa',1,'2019-03-24 05:56:21'),(520,'john.burch@gmail.com','John','Burch','$2y$10$fsDVy5HjNKNekkNS6wClr.yjGRPf4i0H2l/ZARTxzz0UsM0.Wm0Um',1,'2017-04-14 12:00:00'),(521,'elizabeth.lindsey@gmail.com','Elizabeth','Lindsey','$2y$10$BZXOy3jSzCzKRJqKmV2wUO808VITx7rUIL7SXOwRk/KDvgVRNGkVu',1,'2016-05-05 01:49:05'),(522,'hannah.bailey@gmail.com','Hannah','Bailey','$2y$10$F0gJpVr/H38OomY2Sayyg.h5K4rx1neDQXD36q9Wvdpnr1o49Q0.u',1,'2017-03-03 00:49:19'),(523,'kenneth.mcpherson@yahoo.com','Kenneth','Mcpherson','$2y$10$.Q57nF1QTQ.BgG9S60be3Obw/13.nl4l2o0oSNtNjwSj9XHWTiz4m',1,'2020-02-01 14:12:43'),(524,'connie.burton@yahoo.com','Connie','Burton','$2y$10$kz17K65.fX7cC5eT/8a2r.RkaaCJX3vYEAq.HwWFRvc/CzGSzH4Ea',1,'2016-02-03 18:49:05'),(525,'heidi.mathews@gmail.com','Heidi','Mathews','$2y$10$d39oWkXKoVenTilcTJyqsefwVlcgFZ/A8oIhnqitrFRQnWo93BSri',1,'2016-09-02 07:23:38'),(526,'jackson.williams@outlook.com','Jackson','Williams','$2y$10$oZKjrLkOIZKeBnXr0SI9SOpFU700qI/mypJP9a8aiBhnywr9litOC',1,'2015-07-28 20:43:38'),(527,'christine.schwartz@scpk.com','Christine','Schwartz','$2y$10$NgxRO9Bz3q0BAaEgjf7y4uHVV3TKFt1qaz4oi8D4Iy022NBMye.w.',1,'2017-11-24 13:58:10'),(528,'donald.robinson@gmail.com','Donald','Robinson','$2y$10$sJpSqxrQ2n.BPq.peyntZemoOZB.u6apDTBKA60sfRrW6oddTlsXm',1,'2015-09-13 21:27:16'),(529,'erin.vaughan@gmail.com','Erin','Vaughan','$2y$10$b4lk7GxB5.XYkzYDfBokcuUSPhBgb8m/AkfMfvpeGPyPLVBUBfF4i',1,'2016-10-21 10:32:43'),(530,'bryan.brandt@gmail.com','Bryan','Brandt','$2y$10$nz.TqhtB7Eb8Q600so1MZezEKR/Wcs0iO7/uyUehAKfPYqfTO.52y',1,'2016-09-11 03:04:08'),(531,'alyssa.white@outlook.com','Alyssa','White','$2y$10$SQopVE.EofrlkmRuEiWn8usRftQm8LtMSuA4RJ6MEFNjN/KBjfPku',1,'2018-01-02 10:49:05'),(532,'kimberly.moran@outlook.com','Kimberly','Moran','$2y$10$eM.JibGo01yUVhmUoEnaOeb.giuP12vkawXRgs59tGprDYIMyeOPK',1,'2017-09-20 08:07:16'),(533,'christopher.wilson@outlook.com','Christopher','Wilson','$2y$10$31tCtXiBnt7ZFwbe3.44K.LTibIB8P/fnzMgXP3.sOyzSPvrfZ3Ca',1,'2018-03-24 20:29:05'),(534,'rebecca.fletcher@yahoo.com','Rebecca','Fletcher','$2y$10$6F8YCl5qc6AyZC.QR/If/uDyOGdwpa16gJRoPU2Ol.th2A8sTR9eq',1,'2016-11-24 21:29:05'),(535,'daniel.pham@gmail.com','Daniel','Pham','$2y$10$y.NGuN2oBd3ZoQUYHx74UeycGxIvzUjiZPcOhUptYwhjD3A79XL3e',1,'2017-06-20 14:54:32'),(536,'blake.henry@yahoo.com','Blake','Henry','$2y$10$/xiWYbZXLiyLLBNSli9hYOxAgsZs8Icq9lQZzvkZbAhyLq8zZX1qC',1,'2015-09-08 05:27:16'),(537,'joseph.blackburn@scpk.com','Joseph','Blackburn','$2y$10$/UGlQXflcpqWr9qvUlgWfeZpam02vWi149cVi62RKV4jcwfnXx5yi',1,'2016-02-14 23:40:00'),(538,'heather.bauer@yahoo.com','Heather','Bauer','$2y$10$5rJ49uAG295aG.XZInR3pO4vVpQbGHxp72jZsAYxLBmiSwuSg.MDW',1,'2018-09-25 03:01:49'),(539,'sierra.cunningham@gmail.com','Sierra','Cunningham','$2y$10$oP5ZrdTG6dlYvhu9.AI1pesA2sX0uQoAaYbsq6c53/q1vSiaJPwGK',1,'2016-05-18 04:00:00'),(540,'christie.clark@gmail.com','Christie','Clark','$2y$10$4h45l7X1APamLv6wPyivtOVBSlmPB9vtoLRbT2cNILVqC2sHc6/We',1,'2019-06-09 13:41:49'),(541,'brandon.riddle@scpk.com','Brandon','Riddle','$2y$10$ZN01Hm/mjqVNT4CCUyYswOTAM3VuthFtM58uxHGZwanEfLbidVrXe',1,'2016-03-24 04:00:00'),(542,'nancy.griffin@scpk.com','Nancy','Griffin','$2y$10$SEjwLRix0OUDIBSm39qHqOTEQYvMKSDgviQLt20K1WgqLrbDIN9ZS',1,'2019-09-08 23:23:38'),(543,'jeremy.mueller@yahoo.com','Jeremy','Mueller','$2y$10$2HeUkIJq7bfVbH2IiMufee9dU7H4SZDlOSwrqPruJmJr619mMQZE2',1,'2016-02-20 11:32:43'),(544,'patrick.black@yahoo.com','Patrick','Black','$2y$10$6FtJljspdAGsc5cQefNqAOyN5VjkPeWRlVrf4hQSiynwSTC0UOd0i',1,'2016-03-03 05:58:10'),(545,'nicole.jones@gmail.com','Nicole','Jones','$2y$10$zUEJ.llElXLsEJDjT9Tf.OhH.7MjI1LqE/Id3KJ5g1FlRcDs8Hw6C',1,'2020-08-25 17:32:49'),(546,'alex.turner@outlook.com','Alex','Turner','$2y$10$d/Hjr8N7RBF8K09NAuvZkeefba7z9Q2.I1H.FIIpCHMJ/rZoZk.ZO',1,'2018-07-08 22:54:32'),(547,'matthew.bell@outlook.com','Matthew','Bell','$2y$10$rPqxHC9LFs.7npE9l0c.IOEcp/5JfJdAx.TSyGpoNIKfqFwDkMlVG',1,'2016-09-10 17:05:27'),(548,'donna.odom@scpk.com','Donna','Odom','$2y$10$XqMIZZJUOLC4DuYJLGEZ2u6vAmKtReTwvkCOcUYpWAWbOvVxokyEu',1,'2016-07-17 06:54:32'),(549,'jason.anderson@yahoo.com','Jason','Anderson','$2y$10$/Qo2ATJ35PqNU05dKovEYuZWv0DSm2teXHP9Y2CDUtYsi3.c01aP.',1,'2016-03-05 18:20:00'),(550,'stephanie.barnes@gmail.com','Stephanie','Barnes','$2y$10$ok777MbO2Kfx7RQ2oVNBc.f/BcovI/LFDuNKTQb6MoqCowkIixWMG',1,'2016-03-11 09:21:49'),(551,'tanya.reed@gmail.com','Tanya','Reed','$2y$10$CCrsOpO7kIG0VNBFr38wo.W21UTElOVgDZuIyh0NC/2KxaW6OWXJm',1,'2015-09-30 20:00:00'),(552,'jennifer.hatfield@outlook.com','Jennifer','Hatfield','$2y$10$1veRfYv25XfqFR6SaK4ga.ACmH.9aKOUkaclIvRwgYbm.klsYWIlO',1,'2016-10-24 00:16:05'),(553,'amanda.nguyen@scpk.com','Amanda','Nguyen','$2y$10$ntmhGpdL4K9gVH9LVhIa3OYTsMuej0JvLFUldDpZTtq8U6.YSA0ay',1,'2020-11-16 07:58:13'),(554,'karl.conley@gmail.com','Karl','Conley','$2y$10$p6TZJ0v.vQ7gtO.wTWQv2.YrrZiqLFhBrX1gdj6xtw82N/7VaxW5O',1,'2020-05-12 02:47:16'),(555,'sandra.moore@outlook.com','Sandra','Moore','$2y$10$/PqPyjxMyYo8F.dB4zTXg./I3gG2oszCRqprOIb8I/QvEbxp36Edi',1,'2016-12-07 04:30:54'),(556,'matthew.little@outlook.com','Matthew','Little','$2y$10$GG7x8DX/0eVdw1LoWlRT3O632J0NqiS3.ck2iUOG3Sp0Huj.xuxX2',1,'2015-10-03 04:00:00'),(557,'tina.garza@outlook.com','Tina','Garza','$2y$10$xxTjznr36Na46pqEKwpT0eGGaHCRTcfgW7DSrA9TDXf.MaUUPxlXq',1,'2015-10-29 06:54:32'),(558,'richard.kim@outlook.com','Richard','Kim','$2y$10$2cbJGEQEO5Tba1Szo8cJBOi7XZCPAIsG8NDsPBjqOWCTB8zKzQXfC',1,'2016-03-22 11:16:21'),(559,'christopher.taylor@scpk.com','Christopher','Taylor','$2y$10$QXKYESBWFTJbjK30X6isxeH.sy1XNeQjs1rq5Pdor7EjnQuLdIsdG',1,'2019-09-28 08:21:49'),(560,'susan.anthony@outlook.com','Susan','Anthony','$2y$10$MPbyhp7ZjsEzaoHfV9awCe0kcGDimBV0K2ILookAsm1Bb6umhAOTG',1,'2016-04-05 21:27:16'),(561,'vanessa.meadows@scpk.com','Vanessa','Meadows','$2y$10$VBZTjtLtX7W2uaw0UzJ1ne9E7kWPUqCj68H8Js4dLVUgwNbJWePeC',1,'2020-07-03 07:38:10'),(562,'shannon.oconnor@yahoo.com','Shannon','Oconnor','$2y$10$CZnHTl3/lr8IZB1hL3QWHu86OkNlnv16mxLD01yl4uBzPvMa9Qt0u',1,'2019-06-11 14:54:32'),(563,'steven.hall@scpk.com','Steven','Hall','$2y$10$ZKKfU79g.gY5OQophsol0unUOr3gFfsDPWwZkmUSKFJxzcNMIPnT6',1,'2015-09-27 05:41:49'),(564,'tammy.hurst@yahoo.com','Tammy','Hurst','$2y$10$lWWLUtBUazdEtCbahYBoGOgtvl/rHjtlmblvOcKP5MjoMfQQQwdDG',1,'2016-05-22 04:58:10'),(565,'aaron.walsh@outlook.com','Aaron','Walsh','$2y$10$JNf5aO40PqRXQnumbnqVDulbbSMYuNj9SXvxHkVjotl/J.Uxz/xe6',1,'2019-09-12 00:07:27'),(566,'stephen.pacheco@yahoo.com','Stephen','Pacheco','$2y$10$1N1PiIThEOg6V03spBkkh.eXlLqnmPJo9CBzDYIaNliwViESphrcC',1,'2020-12-01 01:50:46'),(567,'donna.arellano@gmail.com','Donna','Arellano','$2y$10$QpQwkvDpUrePP.2vhSfF8OwyuG8Xz7cYIPz1eRY4IhsNX.7ktwnwC',1,'2016-07-29 02:47:16'),(568,'douglas.washington@yahoo.com','Douglas','Washington','$2y$10$CMh77ooYPFP2Q1pe9jrHUejsXoKSZfksdU8Q2JHnBMVtNg6r5lHm6',1,'2016-07-12 08:21:49'),(569,'joshua.morales@outlook.com','Joshua','Morales','$2y$10$N8PvebA5lQRrL6KK2moNJ.tO8kTMG/FYtD.TMWP3On639wrmXUeEO',1,'2016-04-23 17:05:27'),(570,'deanna.torres@yahoo.com','Deanna','Torres','$2y$10$/wxaOe2/DSSBaw/sM8cOJu5/6DvD.3JoKxyeRyqyo7imFYALyCrfS',1,'2016-09-23 15:38:10'),(571,'cynthia.knight@scpk.com','Cynthia','Knight','$2y$10$oeIfvEp43j.X7lx8VciJkO0i7Q6jSp39fVgfe/CfmvQOe9Z/6Qjua',1,'2020-04-28 09:05:27'),(572,'cynthia.wilson@yahoo.com','Cynthia','Wilson','$2y$10$lQ7lrByGhPtVuJSLDRVIx.xl.9d8whhdiSLkap9Hz6zcxXzUDzrwK',1,'2020-11-18 01:16:41'),(573,'daniel.moreno@outlook.com','Daniel','Moreno','$2y$10$AZ/OM3RpjDc7RhwGhb5OXedSY77QSfa2q7X9YunyzrWZI4ShjV4Hq',1,'2016-05-07 09:49:05'),(574,'alice.donovan@outlook.com','Alice','Donovan','$2y$10$cXzsi6U0vnfhV.O5fVcmIezt61zo/z46xGoqxQBDpVpHS0U0oMJP.',1,'2017-08-08 10:32:43'),(575,'jocelyn.evans@yahoo.com','Jocelyn','Evans','$2y$10$/PCBMQ7JBapB8.uk7R6zPOGbmRp9VJCU/QRpdxUZ4FCaW5bkio8ay',1,'2019-11-08 05:00:00'),(576,'dawn.lambert@scpk.com','Dawn','Lambert','$2y$10$M7O1U.25jNFjJGfuWIQdYeDJof5KGSS8Ort29GOJpIwF.nuZJrgi6',1,'2020-10-03 00:14:46'),(577,'robert.archer@yahoo.com','Robert','Archer','$2y$10$zsuQ.zdeuNDCraKUY42Vz.fwqenE/9Dlw0UJxFrzrZbT4GFNyuEom',1,'2016-11-13 09:21:49'),(578,'george.travis@gmail.com','George','Travis','$2y$10$oG6wN4FlwGu9tD9.m984reQYk/c6RLHY4PCFrIjLIwgquTwpnO8Bi',1,'2017-11-10 10:49:05'),(579,'holly.mitchell@yahoo.com','Holly','Mitchell','$2y$10$9nxB5U4VToLb2HbmpNOEpO47lwWrrAIJsb0xne38nfpla9EgFHCCG',1,'2020-09-21 07:57:54'),(580,'edward.austin@yahoo.com','Edward','Austin','$2y$10$WQOt3T9QAL04QdAapeAXJuh8zoGkhrBPJaKtCyuchQEI1SvPZXKQ.',1,'2018-12-23 00:56:18'),(581,'brian.bowers@outlook.com','Brian','Bowers','$2y$10$0bRJEUyXWws7VTxbt6IfsOoSfJR4StPhOc2NJSqzDSumpoR.cPLsS',1,'2016-05-24 00:50:54'),(582,'michael.wheeler@outlook.com','Michael','Wheeler','$2y$10$x6rIc9uD7demJxhSnlXvFeIugNvetHobHNy.AQRrF9RxPXl2iRJHC',1,'2016-02-14 04:16:21'),(583,'erica.gonzalez@scpk.com','Erica','Gonzalez','$2y$10$4XRYWXinCqBTZDRJ6/ApVe6UzrwVYCd513fBf5F3hqZ2R.OqkXvgy',1,'2020-07-14 00:07:16'),(584,'matthew.shelton@outlook.com','Matthew','Shelton','$2y$10$BPMdRZP3A2SRQDnHIjCtEeyGEzXNjqrEAHHQsRxbQKZhq.Iwd1UcC',1,'2015-11-25 05:00:00'),(585,'steven.caldwell@yahoo.com','Steven','Caldwell','$2y$10$REcy8uSvYkrXzCrURjH8muSZ3NbtssYqgGEsXqp9t0fsndxcMKLYu',1,'2018-06-29 20:43:38'),(586,'joseph.pierce@scpk.com','Joseph','Pierce','$2y$10$WYQDCJ.thNn/AUWoK8xcU.IIm8fItukieWsi9xFfvlDf0wIKEFhzm',1,'2018-11-01 18:47:16'),(587,'carly.vazquez@scpk.com','Carly','Vazquez','$2y$10$I9dPAhB051zxXAkmc.9iRO/sLwPWh/dhfaFq2hkMetB.NCiZmoa7W',1,'2016-12-03 19:36:13'),(588,'james.bean@gmail.com','James','Bean','$2y$10$jZ3oamQimHrbPkXP..eaG.d25Mc408zrK41Racuhy/jAQ5UGsyoLq',1,'2017-10-09 12:43:38'),(589,'jordan.ferrell@gmail.com','Jordan','Ferrell','$2y$10$B5OjLAJ858.QsXGbeSG8P.xGcHaeYPD8EGYRX2Q.tu.LSB57Uz3jq',1,'2018-09-04 04:43:38'),(590,'adrian.snyder@yahoo.com','Adrian','Snyder','$2y$10$hN/RkHxTacgVL05SmD9UcO691f5KQd8JmhE/zY/4mnmv5jjq3MIou',1,'2020-09-24 07:55:53'),(591,'andrew.dean@yahoo.com','Andrew','Dean','$2y$10$GS382347jEtxygviGTMEm.1/vzPrVqHNjwKnQkIF3U9flJVITh1rK',1,'2016-04-19 00:10:20'),(592,'shannon.ramirez@gmail.com','Shannon','Ramirez','$2y$10$YLgbv/9VPrpJbhkjyGdKM.mPTFe7oRHIBCqY079ZIaaKmwqA.DBoi',1,'2019-09-27 10:03:38'),(593,'andrew.davis@yahoo.com','Andrew','Davis','$2y$10$OzaPJ/dP.sUkXZilYC04X.AXL9ZAJyUmbYDSK6x3S8IYt0Etx/apa',1,'2016-12-26 06:12:43'),(594,'steven.sims@yahoo.com','Steven','Sims','$2y$10$ZucqSoHv8rwWj/SiPQ6Av.uUoQMR6a9UZtIaKWdzON6GquurXK8/K',1,'2016-06-04 22:25:27'),(595,'jason.clark@scpk.com','Jason','Clark','$2y$10$KLAeoqTmcUGDoTSDT7kk1OA/amPnanQOidiCOAxQzqVGje7oFUgqy',1,'2016-04-06 19:16:21'),(596,'christina.glenn@gmail.com','Christina','Glenn','$2y$10$7eJ76RPjF18AVgz6ytCD.e8q8WVEV0Ga0LT0aGrVffEMjeJ.XehBu',1,'2016-05-18 07:38:10'),(597,'joseph.russell@yahoo.com','Joseph','Russell','$2y$10$APN0B757TnDMN1Zv0YmgTe3Tr0cJoD7bqdJTKHK0HYhleC7KNTRt6',1,'2020-05-03 06:17:09'),(598,'kimberly.phelps@scpk.com','Kimberly','Phelps','$2y$10$i.xO0xLct9.mKeYlskx48uJwfciTxtxjF0S1K94UDj3jLfSL/fMOm',1,'2020-08-14 02:18:10'),(599,'phillip.richards@outlook.com','Phillip','Richards','$2y$10$Kgd8khgW5AAXEKEIRLJoZu870HeSvUiqMA83MdUUt23BBqhSnBElC',1,'2016-07-23 06:41:09'),(600,'john.knight@outlook.com','John','Knight','$2y$10$MpSYNCZUQevVfmvW1FCOeObof7qnpH3EovQTkxXSakvjwhhvKfGpC',1,'2016-04-09 21:27:16'),(601,'jacob.cruz@gmail.com','Jacob','Cruz','$2y$10$1Fhe48Kio9oEWys0yuDEd./liYhqCrkByeefmDiGrjjZ84pBxyQQC',1,'2016-09-08 23:09:05'),(602,'david.harrell@outlook.com','David','Harrell','$2y$10$x7L5z04Jy.X1BRPJ2Lyn1.f3t7VAJ1RMC.tcGP/TXtoFnA3JUkpFa',1,'2016-06-26 08:21:49'),(603,'courtney.raymond@yahoo.com','Courtney','Raymond','$2y$10$SZczplV.TlMd8jrbYMKq9uRQlld/A36uatSLKk5r8b4/teFt8LqE.',1,'2020-06-12 06:31:47'),(604,'justin.spencer@gmail.com','Justin','Spencer','$2y$10$xFXErEIZzhOE.Tu9SbRn0eHHASVgtPMXhoX1VNysc.XSf7oRQhdSW',1,'2017-12-22 05:29:05'),(605,'antonio.burnett@scpk.com','Antonio','Burnett','$2y$10$zDlQU9GHk.KYApiiZJBEduU.tLSb6AejUKZtF605KmvmSexAhOzVO',1,'2016-07-01 22:40:00'),(606,'megan.mcmahon@outlook.com','Megan','Mcmahon','$2y$10$QVRww8kEiZMn4hRczZoMB.CgpVw2.CnpYM3g0i9/9YFctrh0ROyaW',1,'2019-05-22 13:12:43'),(607,'jesse.montes@outlook.com','Jesse','Montes','$2y$10$u9ri2kM7TMFwXOUq4rN2A.C514CFGWpr2AbxoZI5hDRvv79ba.s9C',1,'2017-04-22 19:17:56'),(608,'edwin.rios@outlook.com','Edwin','Rios','$2y$10$Z9ILLJ7FHkTOu.fVEKMHy.chtrkyrYJsigT1jujVst1Ko8AA1JAMa',1,'2020-08-20 21:47:44'),(609,'jacob.white@scpk.com','Jacob','White','$2y$10$QYniYA4i2WG0r7lh279truYG8KDNkADLRWyGcljU88eOvwHimJWlq',1,'2019-08-02 10:56:55'),(610,'emily.campbell@scpk.com','Emily','Campbell','$2y$10$7u6vuqnZ6zOmPiHvVXOynuCBj9Y3ZrieMtecTOUXF2xaunBYTFPpy',1,'2016-05-17 03:30:54'),(611,'jessica.morris@gmail.com','Jessica','Morris','$2y$10$fQ48hzqrwdenddBU1kqLjOrfRgUstzf5X9w9T7SUNVovPpMMc49Jq',1,'2016-08-01 09:49:05'),(612,'caitlin.stewart@yahoo.com','Caitlin','Stewart','$2y$10$vfupfGMUkno9/0JvSJmWe.6IH3zYohR7MpkDtgHUQ3TQe5FnlSbtS',1,'2015-04-01 07:23:38'),(613,'patricia.arnold@outlook.com','Patricia','Arnold','$2y$10$RvK81ESxF4NVhYYng5kixOtV03atXRfwtHfBnlOtSSQacZGzUFdgu',1,'2016-03-27 12:00:00'),(614,'ann.olson@outlook.com','Ann','Olson','$2y$10$eFw.ocAojLwGhQ7eSfQ1/.JPmxBkIZNWrupBEdbQUp.tBQacdWh7m',1,'2016-04-28 00:21:49'),(615,'melissa.pope@gmail.com','Melissa','Pope','$2y$10$3e64YjkEamRL0YfKWtSFsel4/HvetIMMAs.nuDPhlRK.UNbXUMpzS',1,'2018-07-16 20:41:04'),(616,'michael.lopez@gmail.com','Michael','Lopez','$2y$10$2NUgSyMVQgNrm5zwYAdjVO0iomWDNmp5WHTkDglCFOkYidBa..NGm',1,'2018-06-28 23:52:43'),(617,'yolanda.bell@gmail.com','Yolanda','Bell','$2y$10$4aDVJhAU6/Lcn04v52eaL.gs30.Tb2kDuZx.J3E1qZHwB0nqb3UX.',1,'2015-11-02 02:05:27'),(618,'willie.cervantes@scpk.com','Willie','Cervantes','$2y$10$iislbhpXhvqXSL9iQ1/UJu20mL2voRPZURugiVHPtJ5rl8QmnrVuO',1,'2016-02-24 18:49:05'),(619,'gary.galvan@outlook.com','Gary','Galvan','$2y$10$IsJm22Ka6zrROFNLgnTuueABKn7vL3bKSbeFUiyw8QNmZy11YltDi',1,'2020-02-22 06:19:18'),(620,'brittany.graves@yahoo.com','Brittany','Graves','$2y$10$hqQw6Au2BxcZi/m8oSNjyejlfZFuo.NH/25wUee/spwrhGwM6YTbO',1,'2016-04-20 12:00:00'),(621,'william.baker@outlook.com','William','Baker','$2y$10$4ZMthVkETnCH/1zhsbJCe.uCKtx/Qx1S8Dj3ODM.yQ2wK2yRKqsxi',1,'2016-06-13 15:38:10'),(622,'eric.gillespie@outlook.com','Eric','Gillespie','$2y$10$AtKbXD89C0nTcAvHlGnUnegylLNPfupgU9oVg1CptdhltQekXc4GO',1,'2018-10-08 08:50:54'),(623,'connie.long@yahoo.com','Connie','Long','$2y$10$pvTEObTF4D89BZ6JjJA1TO6yE0.KO3mB0zln9S8JdSmAFKJ3oOlXK',1,'2018-12-23 13:29:05'),(624,'david.williams@yahoo.com','David','Williams','$2y$10$ffPR6b05I/bt1JUHtwwEauLXnrHMhPdpFvozlfyQIafOTCDyfKad.',1,'2020-09-07 08:16:41'),(625,'sarah.roberson@gmail.com','Sarah','Roberson','$2y$10$zgvTRpCGbgWB2LVAEcXXRe8ONR3aghY2FCLKLKuO6afZGFRFnI4Ca',1,'2016-07-20 12:43:38'),(626,'douglas.wilson@gmail.com','Douglas','Wilson','$2y$10$Pd9jon7DaKIwXk/8EiECQuqeycxfFx2/HZ1JkpzFVSFdU7i8hPA0q',1,'2019-09-15 16:34:32'),(627,'david.carpenter@yahoo.com','David','Carpenter','$2y$10$2yUHWwDTPQr9Y.sIQZACjuKPys3gaw7k1IwjsIEwHTcCrX1rk1LbK',1,'2016-05-23 04:00:00'),(628,'denise.carrillo@gmail.com','Denise','Carrillo','$2y$10$bfZ/1aCPOkmDLAiuN9knA.SEdPddVxnQx2zVobwNZx.YooOsFut7K',1,'2018-01-16 09:21:49'),(629,'daniel.cox@outlook.com','Daniel','Cox','$2y$10$qu5ArYU66tgA6NBJehkBKuE6WNkOUD/7xKveA7kxC10uQiS1fIkf6',1,'2019-08-10 18:47:16'),(630,'jane.houston@yahoo.com','Jane','Houston','$2y$10$mWcZqXPpqhsH4BweaYUsoOGYQyhSemEjShByxvAB6pucWsagMft/i',1,'2016-07-16 00:36:21'),(631,'jon.johnson@yahoo.com','Jon','Johnson','$2y$10$3S4XwymXaYkPTH2Q0BAUBOJVuhvujHbrWpPrzpvYToOecY5YqiAnW',1,'2016-04-02 19:16:21'),(632,'lisa.brooks@outlook.com','Lisa','Brooks','$2y$10$0Jfeo/yktMXf.BxIvZgqYOYkCUzTW6jcw/EEdsGpTDVT/yQqgczgW',1,'2016-02-20 15:54:32'),(633,'david.cochran@yahoo.com','David','Cochran','$2y$10$8/QwwYqhw811jksmUHh61ObOcjwreRDjQ/71WXbS/MrQ/cDIt7F5K',1,'2015-10-24 06:40:00'),(634,'michele.moore@outlook.com','Michele','Moore','$2y$10$8iFJKsHJUIlbleQU7lqPZeSYSx7fdLbaVxfzlDRPf8/DBELYpFD7q',1,'2016-05-13 17:05:27'),(635,'alicia.richards@scpk.com','Alicia','Richards','$2y$10$DLLDLkMDmj3TefVnI.JpwOvYzDeYC0oM2mYGqrfj8DEP6v4n0hFJu',1,'2016-06-14 20:43:38'),(636,'caitlin.webb@yahoo.com','Caitlin','Webb','$2y$10$1OVmNqxf2I2IZhQ6um/ITe.FQfftahmip5frz8rmdQfq.jq1hrS4u',1,'2015-03-18 05:41:49'),(637,'kendra.gentry@yahoo.com','Kendra','Gentry','$2y$10$lZWLdrU7JjMVO8pY5kg1iOpACPjjIVhISiCZKZgldPBghv.RbZ0Ga',1,'2016-08-17 02:47:16'),(638,'gregory.baker@scpk.com','Gregory','Baker','$2y$10$aYwbpDu1Kx42Etj80hoHHOQjQsQ1HK/ngrJWyTsOsEOHzJawTbMpy',1,'2016-03-01 07:25:27'),(639,'philip.santiago@outlook.com','Philip','Santiago','$2y$10$8dJKzwBgg4w4h5s.ujvvbO5XmOpg64gCYErVLqPXhkgKKOTQhzOxS',1,'2018-04-13 06:25:27'),(640,'casey.cole@scpk.com','Casey','Cole','$2y$10$bYCZlmvp62l9ET8j6imPgOvLJzAb1QT/vUAghKL4Ll9P5YtimfoHe',1,'2016-06-18 17:05:27'),(641,'robert.waller@scpk.com','Robert','Waller','$2y$10$nZtIX58AZ7vi2Reb9MhWBe.HC0ijlmmP0wZGL8abfwfVfoD8NjR7m',1,'2016-05-01 23:38:10'),(642,'ronnie.hogan@yahoo.com','Ronnie','Hogan','$2y$10$h8GXKdfYdZmfr/URCC36e.9WHSvfuPKvGh6yl9QfdoxPnvLYOM5Ze',1,'2016-09-05 00:07:16'),(643,'richard.delgado@yahoo.com','Richard','Delgado','$2y$10$u/of1Oz75oUxpfr6zpRMW.VvweEwtoQqagqWLfmGxFiafB.9Jl0Y.',1,'2015-12-22 04:30:54'),(644,'sarah.bell@gmail.com','Sarah','Bell','$2y$10$/p9VNaKbMHMZ7aDFMApNWOEQsfRlS/sLjp3Z./DyvZ2EC8yjqm.xG',1,'2017-03-27 14:37:20'),(645,'brianna.peterson@scpk.com','Brianna','Peterson','$2y$10$4ZEXw/3EAVBefOIEmyK7l.EL6N0wbgL8w8di8UvH3JwERQYVCXWDC',1,'2018-05-05 21:27:16'),(646,'brittany.henry@outlook.com','Brittany','Henry','$2y$10$N9VibeLvi7i6izcMPBDyi.YzF6N8YlIOvQZjIX8cHItVm6dTkvTaS',1,'2016-05-07 09:49:05'),(647,'randy.ortega@yahoo.com','Randy','Ortega','$2y$10$BkBFPGJbu.A20rZhWK515uCgb0q2lt7O3Ge3hfcHQYSMe2QQqKnyK',1,'2016-09-18 20:29:05'),(648,'katherine.burke@yahoo.com','Katherine','Burke','$2y$10$xJdLV8LqOEGpbSrFuqLO4.7RXrEcs6Aa/S20PiTos0cbNQVmrJb42',1,'2016-08-14 13:12:43'),(649,'scott.powell@yahoo.com','Scott','Powell','$2y$10$kB/j/wUP5Kw5fTB9.xjhUurolsoEhTUknwccAkOg75m6hiMXV9L5.',1,'2018-11-25 03:47:02'),(650,'scott.zuniga@yahoo.com','Scott','Zuniga','$2y$10$tUaaHvjEYKU6xN8ntErTkOJwIsy2y.r5DCcLJcP8LtrD5yt.uEBb6',1,'2019-06-07 19:19:06'),(651,'terry.thomas@scpk.com','Terry','Thomas','$2y$10$SH/.xjgAUxTV56U/kqNcceXir9b5NE0cDxbMKK7lS8AM416PNFuMG',1,'2020-09-05 12:38:30'),(652,'john.robinson@gmail.com','John','Robinson','$2y$10$iLd.qNJa.SsJhQyiPVUicON4KLJ6uGscnHemtAq1ZonnwE4UYcsQm',1,'2015-12-21 03:32:43'),(653,'robert.robinson@yahoo.com','Robert','Robinson','$2y$10$exF2MsDGr4YT2g043xiVUeU7k3Vwe.DAIrhsi899K4auVtAvCWP36',1,'2020-05-03 06:17:09'),(654,'maria.barker@gmail.com','Maria','Barker','$2y$10$Qc6f33C4Pl03Ya9wdBnbreVPQBUfwjzo5aueU4IDcjA3Cw2H7uezW',1,'2018-05-16 09:23:54'),(655,'jordan.gonzalez@yahoo.com','Jordan','Gonzalez','$2y$10$rYlzpEHh1f6vJ7VSSSfpOORVbwT0dYNjJHjFgtQQSf.QB.L/aH8h.',1,'2016-03-22 18:32:43'),(656,'tracy.diaz@scpk.com','Tracy','Diaz','$2y$10$6grO8QlEcC1cV3MEC5y0JOV0pzuDVi.vqlWLmqvWR/IlMgg/eDtFy',1,'2020-10-14 00:38:02'),(657,'david.miranda@outlook.com','David','Miranda','$2y$10$J8KsXd0TcQgXnwE0lqhxbef35woM/5bwpGz/bvhzzHXLBGhJV7Dau',1,'2018-01-28 18:05:27'),(658,'nicholas.collins@yahoo.com','Nicholas','Collins','$2y$10$NrWkfprKrXFhn1uYuAmLeOX6VgQZopFo6qvYIGOQ7O1yPjcGvCf0u',1,'2016-05-04 00:21:49'),(659,'tim.ramirez@gmail.com','Tim','Ramirez','$2y$10$iDCa4Q0cpzC4EY2Scy96zeSkB3A2GqQNilimDcOGLwQ7/pv4dkPqG',1,'2020-10-28 19:09:39'),(660,'kelly.duncan@gmail.com','Kelly','Duncan','$2y$10$v4fycGpG2OIQ4sQlpq6iQeWm59GTziQOPTFDsRG1HuRy049J4cwYm',1,'2018-11-17 17:21:49'),(661,'kelly.castro@scpk.com','Kelly','Castro','$2y$10$I0raW93CWxjhhN6XgUGFz.mJHweGgZksiRpgFwPpSWpJfyP4vj6Ha',1,'2019-10-25 13:11:58'),(662,'emma.patel@yahoo.com','Emma','Patel','$2y$10$6Nu.aHusohgRrSIBzTPGV.TwGseD0B7BVxPmwsaqFvEBlFyhEcsJe',1,'2015-11-11 09:21:49'),(663,'holly.patel@scpk.com','Holly','Patel','$2y$10$H2kRFDWiOdzvN/nxsg2yQe3dokQGy56oFEU8sahMBIr265zSU911a',1,'2015-04-09 10:32:43'),(664,'catherine.miller@scpk.com','Catherine','Miller','$2y$10$jnJSuN.nHEI9sh/G70RpU.R/M5YN9FIDAyqY1GG9QYdyhINksy8de',1,'2016-07-07 22:40:00'),(665,'daniel.ortiz@yahoo.com','Daniel','Ortiz','$2y$10$fOjNpKEv6CBQJQzmjPz9Ied3MEvqQkhOWLkwnbZN1YW1cu3D33Usi',1,'2016-02-27 07:40:00'),(666,'terrence.nguyen@outlook.com','Terrence','Nguyen','$2y$10$c9nW6NauGml2OmxRIPrJFOXF2WycmM3R8Bvv9k4TCa83XpzZTuasW',1,'2016-10-17 18:53:25'),(667,'shane.williams@gmail.com','Shane','Williams','$2y$10$OuBGZ.SLlz66CnsigNLTqOickLRvrqUVnoOjvCW4xN.Q/sjdqmeXO',1,'2019-10-28 22:52:49'),(668,'terry.snyder@outlook.com','Terry','Snyder','$2y$10$uQKRAIzzBwDdZ3Ro2KjtUe39BORGxTXLzTgti0.ZefQWmSS/IEvta',1,'2020-08-16 23:31:28'),(669,'ralph.shepherd@gmail.com','Ralph','Shepherd','$2y$10$QUyKLSo2ZKQUasdqOxjxp.OUPPMEWacEhvdLLRzhKrDjeksicFOja',1,'2016-03-06 05:00:00'),(670,'paul.myers@gmail.com','Paul','Myers','$2y$10$szVHETBvjc7A7YqGjCbpq.PxI/xqzwqYHhqz0CwcVM5j0yPOb893u',1,'2016-08-02 12:00:00'),(671,'richard.stanley@outlook.com','Richard','Stanley','$2y$10$py5BIXKsLqEshsdfD3/PmegfYlHdgNqAskDHXaPac95aPWP/HfO7i',1,'2018-07-21 05:56:21'),(672,'curtis.lane@outlook.com','Curtis','Lane','$2y$10$gLjQAtemfNY3yRSCOfdTyOPZ9H4TqyR1oQAdtH19XU1331Vwkmf0e',1,'2016-02-14 14:27:16'),(673,'leah.jimenez@yahoo.com','Leah','Jimenez','$2y$10$FflAaNXhiO7uCl/yWrrx.uef4lQdpTunpg9581kimko6HJijEISsa',1,'2015-04-29 11:01:49'),(674,'desiree.jones@yahoo.com','Desiree','Jones','$2y$10$uPkHC92HxAxWcC13Po0Ro.0rmM1LMKcedmr7nquzJSqhz9Wcscw5y',1,'2016-01-22 17:50:54'),(675,'sarah.gordon@yahoo.com','Sarah','Gordon','$2y$10$d4ZiYjoToT3fV1SqYANt2..PrjqMPbS.92vJT.pIX6JswfHqm5PAG',1,'2019-08-03 13:56:21'),(676,'mark.bowers@yahoo.com','Mark','Bowers','$2y$10$gEgvOL00A4C.yYy7XH.5CeEXOxZrbj.mVPfXzNYP.sgrTqASvS5f6',1,'2018-01-30 05:00:00'),(677,'emma.branch@scpk.com','Emma','Branch','$2y$10$EipXPnHhSBpZ5CuibVIMhu8zK6BLBtixgFCNRzF3tTZtrpQo1YfWC',1,'2018-10-26 04:00:00'),(678,'tonya.hall@outlook.com','Tonya','Hall','$2y$10$w9yseluMXGqTQZHGLJwA4.bOVy3FCEfIetFpQxsGP9MYtiYb/tVOC',1,'2015-11-12 05:00:00'),(679,'andrew.lopez@scpk.com','Andrew','Lopez','$2y$10$HAEOiT6afmlBIzpMrPmiHO68zCxkjS8tiou7t61ga3DVZV6.q.YhW',1,'2016-03-17 09:20:00'),(680,'jennifer.campbell@outlook.com','Jennifer','Campbell','$2y$10$BOKuGIHa.NHj9vgl0.zs..XvDAWv4Btzu4sijxzDlcUDuN/Vc7wNK',1,'2020-09-04 15:13:45'),(681,'douglas.mcpherson@yahoo.com','Douglas','Mcpherson','$2y$10$DzAp97as53hlwdhlrYGR1OpVrH3McUWT47ms0YeQ8n.eaJRW.K1va',1,'2020-02-24 16:59:48'),(682,'dean.rosario@outlook.com','Dean','Rosario','$2y$10$OmWWHzG.v5x8GVQTIcRLkO369maVplzhtg0jEJiuvn/VNodaavBoi',1,'2016-03-11 03:13:36'),(683,'maria.jacobs@scpk.com','Maria','Jacobs','$2y$10$pJr/YuUwFAjubZxYEXv.weahYQh7x0ady.JHoyykR0f6x7STSA8K2',1,'2019-01-05 18:05:27'),(684,'rhonda.abbott@outlook.com','Rhonda','Abbott','$2y$10$e1cOdMZkn1QobHGZ4HH.2ub1Q5MWc51SQp7/HERmiEZyYyg3wa4SK',1,'2016-05-16 04:43:38'),(685,'timothy.armstrong@outlook.com','Timothy','Armstrong','$2y$10$WOmioKpHNMjpJ9ND7oxqW.cRioxXBNmLzSt/A8lT4nLcbwEXhA0W6',1,'2016-04-28 10:03:38'),(686,'william.hernandez@gmail.com','William','Hernandez','$2y$10$iVBbkHoIoZinlGYlGIAmIeKrSMUs8I7wLSnu8eW.All5JeXZbnRn6',1,'2019-04-12 23:23:38'),(687,'eric.martin@gmail.com','Eric','Martin','$2y$10$JwGOohLWvDOFqgIDs5PcR.J7X76folANwgHJt/kBKAnbICg95d6QO',1,'2018-12-03 17:45:41'),(688,'peter.jennings@scpk.com','Peter','Jennings','$2y$10$qD.Yb3AOnu2XiTjTVouLEO/M/8.P2dsuT4j5kGVm1xbCJ12ls3a9C',1,'2019-12-09 14:27:16'),(689,'lisa.dudley@scpk.com','Lisa','Dudley','$2y$10$TpZSLq8f6DVrHxCZ6ErLRu9fYQuEAIzXA.6h.0CVxde7pJl1dbWMC',1,'2016-04-14 17:49:05'),(690,'tamara.sweeney@scpk.com','Tamara','Sweeney','$2y$10$KXnAzZgBqDT1X2KfSyVEWee8D7oFi2heVioWG4/hvpYVNOQ.ju7cy',1,'2016-09-01 07:07:35'),(691,'jenna.olson@scpk.com','Jenna','Olson','$2y$10$Ea0vzAihbCVqobMh4eNLrepG9fEQ6k44sgpxMxJkRdT6NZ.rIrCWu',1,'2020-06-11 10:32:43'),(692,'colleen.white@scpk.com','Colleen','White','$2y$10$.g6NkyT.BNd5VRzux7hUFuBKq8L0DRg540A8svbDaQqh4leIJfL9a',1,'2016-07-18 09:49:05'),(693,'erik.anderson@gmail.com','Erik','Anderson','$2y$10$SI0RJzQhZGlDeyfW5wqzTepwX7/./.0UQtqqAmA7yakueLzOnaXnW',1,'2020-03-18 04:00:00'),(694,'brianna.williams@outlook.com','Brianna','Williams','$2y$10$FbSkOv/.Z7eDx9VLrYiOF.c7a5p6hY.UQKjtnqWF9NJ4j8KrLGv7e',1,'2015-10-27 17:05:27'),(695,'colleen.fischer@gmail.com','Colleen','Fischer','$2y$10$pX1/EwTHw9zTTUO.ywQoWOp4.nrT.6xuYPN6BrpWTxtl30.nlYALm',1,'2016-10-27 06:25:27'),(696,'yvette.cook@yahoo.com','Yvette','Cook','$2y$10$fO/SIbQMC4Up91FeqSPyM.VXwPbcv4avkQl2BFKqv9TXTU6TlMBS.',1,'2015-04-25 23:09:05'),(697,'michael.smith@yahoo.com','Michael','Smith','$2y$10$ntMYBVGZMlCsYMlQ.1y79eNqF.RzxKT8ZRSeev8u7eZMuE0BDjAR6',1,'2016-04-07 08:21:49'),(698,'kayla.todd@yahoo.com','Kayla','Todd','$2y$10$/c6Bkzz4OcZQC5Wbou0ineP40.LqaB6Q8B6ImF0IWK3nrwZ/HBtFm',1,'2016-06-12 00:36:21'),(699,'dorothy.smith@gmail.com','Dorothy','Smith','$2y$10$nN5wCCgzoQVZnV8zx4Mw9uFsUq/6EbONMWpY62vs3UQzYHSoikjdq',1,'2015-09-12 09:49:05'),(700,'jordan.avila@gmail.com','Jordan','Avila','$2y$10$sxKtWIGf79J20/SdXxP2ceOqx8akqcL.7S9DViKjDBExMOdTRsixq',1,'2020-01-21 20:09:08'),(701,'matthew.smith@scpk.com','Matthew','Smith','$2y$10$es0jZORyl6LGwBBwzt/Jb.yzkBZQAkxdav4ykNg4ZEK.HFkAAIao2',1,'2019-08-02 22:45:55'),(702,'carla.ellis@yahoo.com','Carla','Ellis','$2y$10$mXhvPzoU61lpv8IEPso69eyCVXYfwscdJc.a4F0sWd4SJUcZ18U6.',1,'2018-01-18 11:18:10'),(703,'philip.thomas@yahoo.com','Philip','Thomas','$2y$10$ogBcaRrzWCoSip89rFmGqOSkTwkcJi5LzagR9MHQj8sppx1ouPjS.',1,'2020-02-26 18:49:05'),(704,'heather.adams@gmail.com','Heather','Adams','$2y$10$wnmuJgAjrw/kE55eUZB0/O/gwYhc7gj2lPR/hcG2ctN1wB.oYFWju',1,'2016-07-18 16:58:58'),(705,'roy.evans@yahoo.com','Roy','Evans','$2y$10$otvrkO6boWHexwgT.dqsYuO40NcGgF..m.quc5v60tb63XfBrTGmW',1,'2018-11-18 02:29:19'),(706,'jeremiah.love@yahoo.com','Jeremiah','Love','$2y$10$wZCwiQYFsMnSYSMAgBJrUO2LndUc5RIoUFlZjMLe6FEHO.7eAf/w.',1,'2019-12-09 14:27:16'),(707,'mary.andrade@outlook.com','Mary','Andrade','$2y$10$9rrr94QIzOQr6M7j90bfXuZX/gYWxMBhDqqFjZaqzdjQx1WjV6CCW',1,'2016-07-16 06:40:00'),(708,'jenna.greene@outlook.com','Jenna','Greene','$2y$10$zhVXZgIR9GbpTukR3TEFZeu08KbvJ1RFMxivA6y4gn3huX9K40jHG',1,'2020-03-16 18:56:55'),(709,'steve.smith@yahoo.com','Steve','Smith','$2y$10$t1Ic8SL7crN/wLeFdMAWYej1LppLZn4cKWd6aWfoSmRRJFa//UInK',1,'2015-12-17 04:16:21'),(710,'courtney.johnson@scpk.com','Courtney','Johnson','$2y$10$XEVALmGF0TjCFtdcGXAXe.GHOFhEgyiT0yQMmMIbsH.yLgXB0MXK6',1,'2017-12-01 02:34:32'),(711,'philip.gray@gmail.com','Philip','Gray','$2y$10$xLexTW/r1XBF8oO0NiCeX.zFugTuCEqjiXuVej19txFxN4NxnmrLW',1,'2019-07-24 04:29:05'),(712,'glen.davis@yahoo.com','Glen','Davis','$2y$10$FC0XHMRRQ/mmXcnWZvpxB.TekEmkCW9iAwaeVihk93qrBJcu5O0l2',1,'2016-04-07 14:54:32'),(713,'robert.mays@yahoo.com','Robert','Mays','$2y$10$8lgE1mz8xOUNZudX2r2orOzlZcoRMdJ/uIPR8ZC9tgR6o47Qg0MfC',1,'2018-06-13 11:17:37'),(714,'denise.rodgers@outlook.com','Denise','Rodgers','$2y$10$A8mcdL842D4pJFU8Y.8lyO9MW2GO9T2x2S51oludx9WsDvJzqn1Sq',1,'2016-04-29 11:16:21'),(715,'douglas.garcia@outlook.com','Douglas','Garcia','$2y$10$046TkReAAlixe6hrcK07vO9DS32TMhEupMrPoWdKg1qaNdhi.AwZq',1,'2016-02-26 13:00:00'),(716,'barbara.carter@yahoo.com','Barbara','Carter','$2y$10$LOs2ZX3TK0Wmgp0a0GX.HOBwZCbgYpRlhgNs67v4ZOfnHTAmSYaqi',1,'2016-02-18 21:43:38'),(717,'michelle.long@gmail.com','Michelle','Long','$2y$10$pFf.mn9kXrsX3Xa8HeddL.mSv4U.jam/FSvgTQSzfI09Eh0n3DZny',1,'2015-12-17 18:20:00'),(718,'frederick.hansen@scpk.com','Frederick','Hansen','$2y$10$Ae2l7T24rMpIDaDYQl1d1OdpdWCtwi34tEtEqdnmSjeEHhzFT8i32',1,'2016-09-16 22:40:00'),(719,'angela.larson@yahoo.com','Angela','Larson','$2y$10$12qtHfMM/XPGMsamYDnr..MyB2kr2nUlmaX8QWlzzPl6yvPADiG6q',1,'2020-10-29 01:08:57'),(720,'travis.henry@outlook.com','Travis','Henry','$2y$10$.v/l5Av1NHZt6FK0i4e.IOo84NQpY.vs7w5Yt.N9f.3j.7rfU8mhe',1,'2016-11-19 09:21:49'),(721,'jason.jackson@yahoo.com','Jason','Jackson','$2y$10$aHf8mkNLGLR8F740Rw89bO9vngf4KPuw6vasrjnPrUmeS30R8v/ta',1,'2015-11-07 18:05:27'),(722,'daniel.matthews@outlook.com','Daniel','Matthews','$2y$10$8GBy5s2BpZnQusHnJQNmmuglKMB21YBUwC98.M58avm01KMh4xz.C',1,'2019-10-16 09:34:32'),(723,'sheila.stanley@yahoo.com','Sheila','Stanley','$2y$10$27yqLbBZZzFPs8iWy/QggOXUngSd3mvQMImosAcm3nQHIFY8ZaG1m',1,'2016-01-14 14:56:21'),(724,'shawn.martin@gmail.com','Shawn','Martin','$2y$10$kbk9NF3u/5YWgrjNk0FhnO9jE377/U3N6xGH7p1x9gbW2jnnXXu.y',1,'2017-10-11 01:05:27'),(725,'nicole.mcclure@yahoo.com','Nicole','Mcclure','$2y$10$lSBAfR8g4QY1oK318qrh2eoEoGeji/1ubQIbrrhN3p6sIQngJP6RK',1,'2016-02-24 13:00:00'),(726,'kristin.barnes@scpk.com','Kristin','Barnes','$2y$10$pMaJSKtxsBhHEQ.QuvB9/.Cif19w2sx4GvHyLT6jL51b.pz23Ztde',1,'2016-10-07 20:43:38'),(727,'mary.baker@gmail.com','Mary','Baker','$2y$10$aYPKfRbNLtBNCy4sGVOy7elMgvhkTJfuE2C3aNv0CCDo94VDi9niy',1,'2019-01-12 21:43:38'),(728,'megan.henry@scpk.com','Megan','Henry','$2y$10$o1jli5.E5cibPcGHayeFte7viKt2/UwtUBDbwsPJgcB0iLoyGXmSe',1,'2019-08-17 12:00:00'),(729,'megan.carter@scpk.com','Megan','Carter','$2y$10$LCnY5iLpCFM8HTkvMs0GruwXsyWFWmvEYJOfQJJTsrgnIxseqCrke',1,'2018-11-13 13:29:05'),(730,'christopher.paul@outlook.com','Christopher','Paul','$2y$10$lGO.BEeTMCiWQL6Igsk4K.v9wxsLZ8ahHgRjJa1MzxtqaRkuhZ6dK',1,'2018-11-10 18:33:08'),(731,'scott.gonzalez@outlook.com','Scott','Gonzalez','$2y$10$kC9yQsIJmeTWLif62KZ0ieae5aJEHefy/4i0Bi8oDK9mEFJZvqwxq',1,'2020-11-23 00:59:48'),(732,'derek.newman@scpk.com','Derek','Newman','$2y$10$BxgUjpZ9F6ft2aKfM1.dXOTEOPGhae0mmJNv4RfI4k2...p/.g91e',1,'2020-01-16 07:25:27'),(733,'crystal.fitzgerald@yahoo.com','Crystal','Fitzgerald','$2y$10$1YrujCPjJyCxKAvyDwXpVeYhOiyNMHGg4ElHd7XWZBkoeaGpsNbnO',1,'2015-10-25 20:00:00'),(734,'ernest.smith@outlook.com','Ernest','Smith','$2y$10$8luKp17hJhQ/fYt8FQ0U8.WVj/5Bhbf.MuCEg5w2ZeKuWDlEaT7xu',1,'2015-06-02 19:16:21'),(735,'matthew.olsen@yahoo.com','Matthew','Olsen','$2y$10$IwPLczMzbvcrkYYTTz.fauTpw4eQHYeP5P.V7bKSdbWPoKu/xhER.',1,'2016-05-24 02:32:43'),(736,'martha.garcia@outlook.com','Martha','Garcia','$2y$10$LKQI394CoGaV09H8nU7fXukp7nAeD3MADVnIk9QP2JU2PLT6/YfK6',1,'2016-04-15 02:18:10'),(737,'steven.jones@outlook.com','Steven','Jones','$2y$10$D2Lnur3T36dfZPagSnMhfuM8zX3IZ9ktB//OiMp8YC7z1MaH7eOem',1,'2015-10-13 00:07:16'),(738,'jessica.johnson@outlook.com','Jessica','Johnson','$2y$10$3FgNc2LsffiwBWeuRXbmruU0rYSdSLqgQHNsuaHTvOdu.iKW7iIEq',1,'2016-09-30 11:38:58'),(739,'savannah.york@outlook.com','Savannah','York','$2y$10$HgphZsmPMJseyVaR/3uz4u/aOPuHa4Ih5DpUurgXa7mH2yxwosHK2',1,'2015-11-18 20:16:21'),(740,'frederick.mendez@gmail.com','Frederick','Mendez','$2y$10$j1G3NH9bcG8FWHi.8iOok.yM65iiWNV7Q/PNXKVqzgYUaaTPQgnTu',1,'2017-01-15 09:59:23'),(741,'lisa.smith@yahoo.com','Lisa','Smith','$2y$10$bvVnxtZL59YirL9mUZhEg.n6Zd2Cs0Z2FfMLTqmpG6WcOS6PUK.6.',1,'2016-11-25 09:29:33'),(742,'angela.vaughn@outlook.com','Angela','Vaughn','$2y$10$CZYEGAr6.6BEi7olbm/ct.1CFo994Qv47xdsSk5lXcz3U9aLLL6Im',1,'2015-10-01 17:34:32'),(743,'jeremy.dunn@yahoo.com','Jeremy','Dunn','$2y$10$AQgIn6UYnoqzABavbKPtFOtbmo525NJsRR0Y6vCMYA6WB4gUcVzXa',1,'2020-11-12 22:29:02'),(744,'howard.velez@gmail.com','Howard','Velez','$2y$10$gi3sSDLxwXpeSnDLGBfphev11P81PO5Kl5ZUvEayoswPr6o0KtVde',1,'2016-09-14 13:27:16'),(745,'sherry.mccarthy@gmail.com','Sherry','Mccarthy','$2y$10$Y0FDcWDP63We/.WPdL1nP.wMz4mXs4Y7keb8F/ozqRGG1Yqgt2izy',1,'2014-10-25 00:07:16'),(746,'kevin.harmon@outlook.com','Kevin','Harmon','$2y$10$rgHdEydkei.a0MX6OENR1.mf1AWvv6TM6zFNLOeDCB8qnsMEKKysu',1,'2016-07-01 10:32:43'),(747,'rhonda.salazar@yahoo.com','Rhonda','Salazar','$2y$10$sCIQTN7dJgEUPCBQrCg67.7F7HEoUs9yJHXIsIgknmRPKNYfAz3r2',1,'2018-07-16 18:18:10'),(748,'shawn.mcfarland@scpk.com','Shawn','Mcfarland','$2y$10$7U7Q5LJhXQBdRzopeILAT.W5C7YWfZTOoCFBSpokMoyYQIr9lXu6q',1,'2015-09-26 23:38:10'),(749,'kimberly.hawkins@gmail.com','Kimberly','Hawkins','$2y$10$7QJUD5CmoA2PB77XF8vEIufRu1wVfJKs6p/.X3EfnBUoEcwDytikG',1,'2015-12-05 07:10:54'),(750,'christopher.short@yahoo.com','Christopher','Short','$2y$10$y4LN6L2Bg4F876s0y4eCDeIxf2N5YiTddA/K.qLTicv0hkNnG4LYy',1,'2019-06-07 00:21:49'),(751,'robert.carroll@outlook.com','Robert','Carroll','$2y$10$ipNsoRYCSuJCHFZpB/D/dOGH517amCKF8V5EWERdDfyZddZ4wXCqa',1,'2016-04-01 17:05:27'),(752,'kimberly.jones@outlook.com','Kimberly','Jones','$2y$10$aRMQCVC.HG/etObHrTNLZ..PbuDwEHxC0r6vmXbHliyYgpJ65ljDW',1,'2016-01-04 05:00:00'),(753,'kristi.wallace@outlook.com','Kristi','Wallace','$2y$10$Pl2HLhkPjX7OztfEbhCMVeUV8F2fE7uCEShTjEBYARKOfS4GjRA.6',1,'2018-04-19 01:49:05'),(754,'dean.jackson@gmail.com','Dean','Jackson','$2y$10$ReUQSx9rehKn0fl9VAIcduGLGacKnFl25N.5MjFyOOgxsWq/96aJ6',1,'2017-12-21 04:01:49'),(755,'marcus.moore@outlook.com','Marcus','Moore','$2y$10$i8uFKgpYhWV1rCPptY/3h.vRTapuo49Zkh8.td1/Zl5jzHOtCSud2',1,'2019-03-10 21:27:16'),(756,'janet.mcdaniel@gmail.com','Janet','Mcdaniel','$2y$10$rODWs7Wcvqz9x0BrytNfPuC1S8SWOvtcmOJhVdttSxzlkP.xGt3CO',1,'2015-10-27 08:16:05'),(757,'tracy.west@yahoo.com','Tracy','West','$2y$10$EiStEAaq1Clh2uB8rhDAGuM0uagVi2EHdlgzY6GaQbphzxKr6CT12',1,'2019-04-22 18:39:23'),(758,'bryan.raymond@outlook.com','Bryan','Raymond','$2y$10$hO/YI8vov4pzIaYQgjHZJuPulScbuoaqZ5muOtlCB2Tg57Wsw9g06',1,'2020-07-20 11:37:34'),(759,'brett.jones@outlook.com','Brett','Jones','$2y$10$OHKIxoQejkNigKkmSyWcO./VmH4D6CWZ1pvD21LKYhxChxt6QV0U6',1,'2019-01-02 21:58:10'),(760,'patrick.gray@gmail.com','Patrick','Gray','$2y$10$ttCw7I5Sjd1pFZdVVbMFkOSOzQj.pGoDVuNp2xnBjcToSA1dcxHge',1,'2015-07-24 12:00:00'),(761,'sarah.charles@scpk.com','Sarah','Charles','$2y$10$3BJ5gvSRhjbFihGycoqx0ufF.pXaZ6I1nXw9qyJc/cNC5185f/i3m',1,'2016-08-16 09:20:00'),(762,'curtis.adams@gmail.com','Curtis','Adams','$2y$10$dg7A5/PSZltWDfdfQJWyMuuYOkSYJWwbPBrHS7voaFIduZONLpwJ2',1,'2016-11-29 00:38:10'),(763,'christopher.davila@gmail.com','Christopher','Davila','$2y$10$TNxAi4BM0JbTtZolHAhsNeib2ulyIVh2f0qPkpHsB/DT50tA1By3.',1,'2016-09-02 19:16:21'),(764,'louis.jefferson@gmail.com','Louis','Jefferson','$2y$10$YHSphI3scWO/xM5RUuj/g.5Id2xaFQoOsiNxewprCYGb96SlIuPAS',1,'2015-11-28 07:40:00'),(765,'cameron.johnson@gmail.com','Cameron','Johnson','$2y$10$fEX3v/8pOzHI60IVxDVnuuzBgMHJzpMUlNUw2RAgMBjloDGf6zYeC',1,'2015-04-08 09:20:00'),(766,'jill.lloyd@yahoo.com','Jill','Lloyd','$2y$10$YNWaupTitECzjWr0Q7cSd..rNKTva9rfIQ5h.djFkR.a1wKKt5F7e',1,'2015-10-10 23:38:10'),(767,'jenny.becker@yahoo.com','Jenny','Becker','$2y$10$HDSspGgYXtlVNhNmmIPuhuOz9kZq2eBd5HrgHTPwvz3DDddmHcTby',1,'2016-05-05 14:10:54'),(768,'jamie.peterson@gmail.com','Jamie','Peterson','$2y$10$gyUNnG7OQaK6C2zSuOceRuCZs4wNa3QRK4OPCvJNo7TMta0wOoxxC',1,'2019-10-23 19:45:27'),(769,'alison.mccarty@gmail.com','Alison','Mccarty','$2y$10$obOdTOGTfSvHT7PJqJuH5OAk1zAR1aNtnNsNtEtsRtNvy/FnTYw..',1,'2016-05-19 02:32:43'),(770,'patrick.williams@gmail.com','Patrick','Williams','$2y$10$338cWqd8CjdjiolkirwK4evUOkL5/hQxscFKkpNNbej87PDfE.cHC',1,'2018-08-17 01:20:00'),(771,'laura.cole@outlook.com','Laura','Cole','$2y$10$OPV.V9F3nVvcRhc3ouunReZiQ9uABY77vDDb4AKkwDTmLcHlXzK.S',1,'2020-07-20 11:37:34'),(772,'tyler.wood@yahoo.com','Tyler','Wood','$2y$10$xB8AwjiOflwbIPJAJqseyu/WIj3P2G3AS4QRocZFp.Vaye5QVXJxe',1,'2015-08-10 04:29:05'),(773,'jeremy.summers@scpk.com','Jeremy','Summers','$2y$10$OhPM1uNVrpIa8aTPrAxcreVJVxUYl2dnvnOh0moObrL2h6PCrk.jq',1,'2017-08-01 19:16:21'),(774,'jill.sanchez@scpk.com','Jill','Sanchez','$2y$10$xEuU4zgVCsURNlnue3AX.eDdwDVFzACg57XzU1vqAuZRpA3PMnsUm',1,'2016-02-10 10:49:05'),(775,'stacy.hickman@yahoo.com','Stacy','Hickman','$2y$10$BaHS3NN8kyGJo9AuZXyWreENTE4CyOdjmKg1gINFs5.P6Wda4c/0y',1,'2015-02-17 03:18:10'),(776,'lisa.kelly@outlook.com','Lisa','Kelly','$2y$10$F49kngxnl3tuAmStukNd7.6sYwp1fzzvEsXG3fYVzEOGAySsJP74y',1,'2016-03-06 22:27:16'),(777,'christopher.petty@scpk.com','Christopher','Petty','$2y$10$qHKfc3d136p0jyyG8yygIeTQG.zm2SU2R7M0N4uYDuoNV1aTG7Ohy',1,'2018-04-27 22:40:00'),(778,'jerry.garcia@outlook.com','Jerry','Garcia','$2y$10$TD8zYwhQOQN2c0XJpu70..rCC.HYrPQp5D/HyQgDh98mbDMLT33Ou',1,'2016-04-27 02:32:43'),(779,'matthew.lambert@outlook.com','Matthew','Lambert','$2y$10$CbVazXkS4dJ6Z4lUwSFTZeXDI.b8Hl6pPp0dKyX92jg0p4RYooNTO',1,'2016-03-28 08:21:49'),(780,'yvette.hall@yahoo.com','Yvette','Hall','$2y$10$mADnGjppZPMOxbpqTpcv3em/7guy72iRvhyICkYm4PZX1xbtu.agm',1,'2015-04-15 03:16:21'),(781,'lindsay.hughes@gmail.com','Lindsay','Hughes','$2y$10$w4bySwd4INF2Sy7nPLareet2/UXOZMVAL46kyhRUl6Piusa.CU3vO',1,'2016-03-02 01:07:16'),(782,'craig.brewer@yahoo.com','Craig','Brewer','$2y$10$rTAAyCks5D43wrMAO.9LxOMJg5dgk7ekjQ2KzvVywqJGmGHfl6Mcu',1,'2016-04-25 13:27:16'),(783,'larry.wall@outlook.com','Larry','Wall','$2y$10$iSNRE0Q0GjurYXG5IhGnhuIRTpI8rZ.RdkmabE0.KQSpKIDvmPdBq',1,'2020-08-09 05:56:21'),(784,'nathan.barker@yahoo.com','Nathan','Barker','$2y$10$LjtrY.XEigNXdhqirs1JOu11ElRZh.Gk6UqU5htVbyjuoJxP.dxZW',1,'2015-07-11 06:10:54'),(785,'erin.vasquez@yahoo.com','Erin','Vasquez','$2y$10$ZAE6uQoVLKx/bDPiOoMzXeuG0anRBqezDxgUavaOhuxm6h9CApwI6',1,'2016-10-05 22:25:27'),(786,'jason.marquez@scpk.com','Jason','Marquez','$2y$10$vVg53zfBTW0VWgtwG/RqvegE4LdlijVBh/HtgtDAhW9eVDbcHPVCu',1,'2015-11-07 19:14:46'),(787,'sherri.mcmillan@yahoo.com','Sherri','Mcmillan','$2y$10$wxXfoeQTwcMOBG2fDM.LzeknGnM7D8CwaKwmAbvrxRCNlzaJvfUFC',1,'2015-10-08 21:27:16'),(788,'elizabeth.wilson@yahoo.com','Elizabeth','Wilson','$2y$10$1bCLFxJnvxfRyarmNOx.Huawu/1R0hQXk1cekK3h3iM6bLpVZmqXS',1,'2019-06-30 23:37:12'),(789,'danielle.robinson@outlook.com','Danielle','Robinson','$2y$10$Sdj2FLV2DIJVff8bVb6gQe0eNe87UWpXbDQ6x.DhG/v1rbnzjmOwC',1,'2016-07-02 23:52:43'),(790,'nicole.robinson@yahoo.com','Nicole','Robinson','$2y$10$cmFWEojh10YMP8Jkav4yF.VmaJ9nM1FWB8xF6gr6cNQDuWn7HTd0G',1,'2019-06-18 19:26:51'),(791,'william.harris@yahoo.com','William','Harris','$2y$10$l4DQa.Ze.Xd7Z5iIRDPbnuLx68K4Ed5O8psy8BKU657vNd1NOWTpC',1,'2016-02-25 07:54:32'),(792,'guy.wood@scpk.com','Guy','Wood','$2y$10$snRM5bQb5s0HxjlUq4TeEOGDih88LqUPIKVu1qFA7yJReIgnhoRnC',1,'2016-03-26 09:49:05'),(793,'michael.benson@outlook.com','Michael','Benson','$2y$10$A36ZCToCF0ojiza9JwAvMugOIV08Ya6DpPofI2465O/5tB7q28bXq',1,'2020-12-01 01:50:46'),(794,'tanya.tyler@gmail.com','Tanya','Tyler','$2y$10$7VsEWsADA0Rl/vicxtuU8u2cb51dKoR6zATKMo1XhQvvELJoVWdOO',1,'2015-12-07 23:54:32'),(795,'james.smith@yahoo.com','James','Smith','$2y$10$bp/W5onjqK8CpWO1lh5LpeR9XpxmuncXV1k/z41cxnUt7eXVxPIdy',1,'2016-01-24 11:32:43'),(796,'christopher.moore@gmail.com','Christopher','Moore','$2y$10$9./gna0ejWISDnOBgpNKBOhTDCwUEw01GuDScibNzP9U89vjGNDTC',1,'2017-11-13 05:58:10'),(797,'carla.rhodes@gmail.com','Carla','Rhodes','$2y$10$ETF6DUtlwSOvLNJOMze7bu28fXw4gcsSxwrp8fyUdU/3T5ACg9ryi',1,'2016-09-06 21:27:16'),(798,'christopher.griffin@scpk.com','Christopher','Griffin','$2y$10$gxZZ/yvbM6rduItqOGPkc.weUH7H7hdCv0WXoy6Ywz9L1j0R2w/aG',1,'2020-11-22 11:02:19'),(799,'douglas.jones@scpk.com','Douglas','Jones','$2y$10$tOpg3bKZrRm19AumigcpKuNnjP.Syxn5hnZYnynWte83n8VXRyiqi',1,'2018-09-09 20:31:30'),(800,'alexa.whitney@outlook.com','Alexa','Whitney','$2y$10$a/ZGdzIQliilqJfDPvCFoe9uuBTfOD55M0UFWa4dju3w0BkjWFH2G',1,'2017-04-04 04:00:00'),(801,'wayne.davis@outlook.com','Wayne','Davis','$2y$10$G/4W0.PXv2R523Pxjz21duV4Nej4/TQvn6Z2n8m3bNTtwmhPwzlWy',1,'2016-01-22 20:16:21'),(802,'ronald.hopkins@yahoo.com','Ronald','Hopkins','$2y$10$QQAl4UDDKVjOEGdYg0ef4.61kgaCSvaLIIYSUBbF6KG.6zXOi5A.O',1,'2015-01-28 04:45:27'),(803,'james.goodman@yahoo.com','James','Goodman','$2y$10$VmvMaZWSuBbisaCs5E0MD.ddJV7kKW6wXYgDsYmDWFZ6hH2dvHzqC',1,'2016-06-12 12:29:05'),(804,'robert.bell@outlook.com','Robert','Bell','$2y$10$XrQBLb0kXVcdL80UfK5exO1jIyFTFFDHzqnR8GoMoW1fGD1sQpk0S',1,'2016-03-23 23:38:10'),(805,'charles.scott@outlook.com','Charles','Scott','$2y$10$bil1cQZZKqXHuxCOq3fSr.f2Ws4duUlJuWmhfsgKP2fuABAidh3ee',1,'2015-12-15 22:12:43'),(806,'amy.spencer@yahoo.com','Amy','Spencer','$2y$10$GWK0fpoUG/o8nmCk93Cb7uIQIfk5wpywJ68RDS1BwtpCWzgzYbWmW',1,'2016-11-29 06:27:16'),(807,'alan.lee@yahoo.com','Alan','Lee','$2y$10$0Qhi.OIIX5dPqR4H2/YOlOnr.cciQAVq.uKTPOPXRaQ768nmCtXfq',1,'2015-02-08 17:07:16'),(808,'carol.gilbert@gmail.com','Carol','Gilbert','$2y$10$7BNunHj6qzEvJmsKZHiSzuf6q6sv3RbL/BWv8fDxFkRiguNsANq2C',1,'2015-12-31 05:00:00'),(809,'jordan.mcdaniel@outlook.com','Jordan','Mcdaniel','$2y$10$UiLQBdOTIO1cqEMyjLCOB.0xVY1u0n3AwglGzGfzF8usGlgXuifky',1,'2016-04-12 13:27:16'),(810,'jacob.hammond@gmail.com','Jacob','Hammond','$2y$10$ctYDRFU4k0gPhS18ecHXzubARupFfsfzbigrlKKcJmlKwr7e/Y9Ve',1,'2016-06-02 04:00:00'),(811,'john.taylor@yahoo.com','John','Taylor','$2y$10$kNxk4ybY9/TJTWFE2die6O/pmbRdMEbUPGvqPXo09ZO4rn1M/iq66',1,'2017-10-24 17:05:27'),(812,'james.chan@outlook.com','James','Chan','$2y$10$4aXwHwjeCUI1Rh86R5yYjOoewhDWhmkNQ9tUXAhKV8eoNEUGNSXka',1,'2016-05-13 05:27:16'),(813,'cassandra.holloway@yahoo.com','Cassandra','Holloway','$2y$10$ew3PqLeLlADN9MLStKaVK.fu7M0l677WSc.pnNva0pRLx.BZ.4Ru2',1,'2020-01-13 04:01:49'),(814,'michael.long@outlook.com','Michael','Long','$2y$10$xsp8D.aL12cQUftnKqr41eE2JOXNkUp9xecqH1FFCs.bKlxCU/PL6',1,'2016-11-20 16:23:38'),(815,'paul.mitchell@yahoo.com','Paul','Mitchell','$2y$10$DCzvVqnHU7mCvU06jWrk7e2AfaYo7RSPGk8leFY..eMqXvhxfDSv.',1,'2020-02-20 21:43:38'),(816,'brandon.johnson@outlook.com','Brandon','Johnson','$2y$10$Xw/0lmN97LivS5riT3SDG.R0wbzANUQvb7wxg2LdrxAMsyogqQLuG',1,'2018-05-15 04:58:10'),(817,'nicholas.payne@scpk.com','Nicholas','Payne','$2y$10$nobJ7ZHqZ2OK6pqGSdYXsu2Wi73P8U5vajoRoRvhZX3I3iysO.vJi',1,'2020-07-26 00:36:21'),(818,'jennifer.roach@gmail.com','Jennifer','Roach','$2y$10$vmHVK6GJTQncQV4fQOY/uuiGYqOwaJQnn8BdN.UcqPtpZMnxVTdLq',1,'2016-07-05 19:16:21'),(819,'megan.orr@yahoo.com','Megan','Orr','$2y$10$DdBiD95e/CPj9Iof5B/lUO71vL4zw0UqTXRnLSPKa8M5sdv6mCF92',1,'2016-11-22 17:31:02'),(820,'leslie.george@yahoo.com','Leslie','George','$2y$10$k/a5FzS0zAP1oQi7Q.MTyeQuJDSRS5UQFlEnG9KhKcW94THdFNj8W',1,'2016-08-02 10:32:43'),(821,'michelle.mitchell@scpk.com','Michelle','Mitchell','$2y$10$cWNk.c/7pxXl5k.KRJLiEuZTqkBYgYnGTTHdSOp8PvmHmcDNAssqy',1,'2016-05-19 04:00:00'),(822,'cody.clark@yahoo.com','Cody','Clark','$2y$10$cSRh1ma9QpudOFZgieJQHuVMQxKuwSvxOEaOk9NaXohNobd9x94/2',1,'2016-01-23 13:43:38'),(823,'ryan.vazquez@gmail.com','Ryan','Vazquez','$2y$10$GM8pa0gCZvYnOxZU3/z2au6aFJGtK4.dYFWmwmVICiM6zz5RtP/Fy',1,'2019-12-18 00:14:16'),(824,'anthony.pena@outlook.com','Anthony','Pena','$2y$10$jG0au0T2yo6AtVsgEY6mMuEh3fnmSyPoPc4QwvGhEtowSqukqMXSq',1,'2020-08-01 22:09:36'),(825,'gina.sutton@yahoo.com','Gina','Sutton','$2y$10$Dpc6bDvkERGnFsnCa9GTxO4Y1Oc912R57N1Ju40e0vOCz5r9c2V06',1,'2016-03-13 20:00:00'),(826,'jason.ali@outlook.com','Jason','Ali','$2y$10$kN8QX.uesH79pHQg1PEfD.t6iEtSVhHzKzu4XbmvRq4.T/fe/JUZ2',1,'2016-03-04 02:20:00'),(827,'carol.rivera@outlook.com','Carol','Rivera','$2y$10$2V90YAmebdthVAS1vhNbfuYZhav27GFiAe/PFYQ.jl.K6MnOFFHfy',1,'2014-11-24 14:27:16'),(828,'katherine.johnson@yahoo.com','Katherine','Johnson','$2y$10$znVlUgG9WB69nNZa4YgDVutGjQmVxSVlTPQOSC5lE1ao6w/W4.MQq',1,'2015-11-16 13:00:00'),(829,'sandra.simpson@yahoo.com','Sandra','Simpson','$2y$10$Lis8zZo8rC6EvIopT8H.ae.Km1uO1.MKZhvUkrDxM5WFaLZhtnHfe',1,'2016-05-12 06:10:54'),(830,'diamond.wheeler@gmail.com','Diamond','Wheeler','$2y$10$ykzcYO3Dt9lz3WwY.WzTduaO/BKuoASccDMmjQc4yFiYzkAcQNjwm',1,'2015-05-04 19:30:54'),(831,'eric.delgado@scpk.com','Eric','Delgado','$2y$10$4CTdJeF5NQq687fDjZ/wxeeGC4x7rnkaf5OqNilDaeqHsqkxwFkAa',1,'2017-05-26 03:01:49'),(832,'dawn.chavez@outlook.com','Dawn','Chavez','$2y$10$/hGn7KGCSlCh3j6Lh5RIaOfHa5vWXZmW/Q.OzqzbLwLqqlvo09tlm',1,'2016-07-11 01:20:00'),(833,'teresa.arias@gmail.com','Teresa','Arias','$2y$10$FbblOdym.TbmxHM2mSUGcOdXPDfSNJfCVmGZH18NCjVTb8.Pi/6ni',1,'2016-02-29 14:27:16'),(834,'corey.glass@scpk.com','Corey','Glass','$2y$10$S1JrNZ83elKfrkcizogw5uCIfF.bz4sTPVFJA2LQ3nMCxkSSHCr8G',1,'2017-07-26 15:38:10'),(835,'drew.sanchez@scpk.com','Drew','Sanchez','$2y$10$PVmuC3zemrmZEDWs/UHJ5uPjPhcBepJ2nPPQn0DY.INu6vVX5XN5u',1,'2016-04-14 04:43:38'),(836,'michael.rogers@yahoo.com','Michael','Rogers','$2y$10$.hdCiBR5.V9xhw7Njo/s5eNclkMUYDX67hQ/EW/x3DcQVt6E50wKu',1,'2019-09-20 04:00:00'),(837,'allison.faulkner@yahoo.com','Allison','Faulkner','$2y$10$re/bHuB/3hk3KO.9kAA/neTdC.R65EMeRMdhToRK412fzTzdiRLyO',1,'2016-01-09 21:43:38'),(838,'kevin.miller@outlook.com','Kevin','Miller','$2y$10$7GvjpZ8A/4l1cMllMpVYjehR0SWhmlKXGoSXNuLQ3PabrhsOw7Uz6',1,'2019-11-27 18:49:05'),(839,'rick.gomez@yahoo.com','Rick','Gomez','$2y$10$UeGLf71grWnKF18Lw9EIcOMQa9AXv.m40V/Ockt1Azh69Ccl6yUdu',1,'2016-11-17 22:56:21'),(840,'judith.wilson@yahoo.com','Judith','Wilson','$2y$10$1JUNLMLu/D8udS5AZZDxYOcqZyM8b8YMNj3Wbx.o4oiJ4aJe51KHq',1,'2020-09-29 12:31:11'),(841,'stacy.wagner@outlook.com','Stacy','Wagner','$2y$10$M0NZvcvSm2deHfrOhCywCuy5Cg.y0rbJrd72TD858bCXD10Az14TC',1,'2020-07-16 22:11:50'),(842,'cassandra.cross@gmail.com','Cassandra','Cross','$2y$10$RE9HkA4I.mQDGRqTdznSkOCKdTgn.CnDqc0/Ph0bRtF7/Tjxuw2rO',1,'2018-03-16 21:27:16'),(843,'andrew.hogan@gmail.com','Andrew','Hogan','$2y$10$rQuxufd2FBCW1zXiHLsP0.gaoP3D0IAc8csABCzhWAZVQXPz4bKq6',1,'2016-05-15 21:27:16'),(844,'michael.torres@gmail.com','Michael','Torres','$2y$10$CFzqL5RCyED7nI8KttaXSOV0JOcOCQ/PZPIMRlWLOpFrWaFRQlBeG',1,'2018-04-14 12:14:32'),(845,'kristen.watson@scpk.com','Kristen','Watson','$2y$10$aPUg6ZVHEjvLkds./bFqrOseNmatiZ39wYr0QAfagdg4sYRjO7qKS',1,'2019-12-04 00:53:08'),(846,'stephanie.booth@yahoo.com','Stephanie','Booth','$2y$10$Rifn/l7HXAR6hnPjwdiebOUgA2GrL1Y7fMAc4r/qtSAxBxLhyAm8C',1,'2016-03-28 21:41:49'),(847,'adam.hanson@scpk.com','Adam','Hanson','$2y$10$omRphMiB55ux/tzERIi/YON7yX8PZwsD5iBOf/U1OsFdHm3orvJfG',1,'2020-08-19 05:24:03'),(848,'douglas.buckley@scpk.com','Douglas','Buckley','$2y$10$0xH244I8tBrtblxIalx.WODlmFQR4hwAss/bAhwSIYzcZmknND8/S',1,'2020-06-05 12:43:38'),(849,'teresa.abbott@gmail.com','Teresa','Abbott','$2y$10$g5YrvFsAO89srEes3vk1d.4NPSZYYD0/E2HeMiXmbwX5BODHaEdo.',1,'2016-05-16 09:05:27'),(850,'haley.moyer@gmail.com','Haley','Moyer','$2y$10$4eYzvE60O2jVRtUcZeYifuW9m/fce16azYDoGZKvNoEH838b9v5cW',1,'2019-09-22 16:09:22'),(851,'elizabeth.ferguson@scpk.com','Elizabeth','Ferguson','$2y$10$E2HCDGqxiWS1bZJvaINXXOtZQwL2uN4AjDu5pjQyaRtMlp/FQNpU6',1,'2016-07-14 21:27:16'),(852,'lisa.ramos@outlook.com','Lisa','Ramos','$2y$10$lO5U.toVfwn9KPLfObwRWegL0rDVca/xlxuP6X8JjCo6PxOp6wbn2',1,'2020-08-24 13:20:02'),(853,'michael.hernandez@gmail.com','Michael','Hernandez','$2y$10$XOlOrf0SFky6.T34envlhezz44gU06EBLUeaorfOQcZqExFQo2zAK',1,'2019-05-18 16:37:17'),(854,'john.curry@yahoo.com','John','Curry','$2y$10$iftBN37MQF7oDT14Gzy1S.YgZgK3yilA.enk6ZwfCy82ekxdZydY2',1,'2016-11-09 03:32:43'),(855,'mitchell.mills@yahoo.com','Mitchell','Mills','$2y$10$hrhCa/KCtSx4UD4jtzpk6eSJiFiMKYprNOYXKwx88Wm12gQdJWlEW',1,'2016-06-16 04:00:00'),(856,'alicia.thomas@scpk.com','Alicia','Thomas','$2y$10$BpuBKIqVes6I4BmD6.Zhw.hLZXSaB2WcmV5WPOe9taBqGGKO3eM0W',1,'2016-01-17 10:49:05'),(857,'jessica.brown@gmail.com','Jessica','Brown','$2y$10$n9/EIih1APIkx2lpa6XIs.kVjrfz.4nXOoJgDUDDB.3Js66/KOGqe',1,'2016-01-04 14:12:43'),(858,'stacy.lucas@outlook.com','Stacy','Lucas','$2y$10$9J/XbYAjqa//A6PvPivzyeXHu54J8XFLcDHdLrx6EplAzpFrMuM6a',1,'2018-03-04 00:09:05'),(859,'kari.carter@scpk.com','Kari','Carter','$2y$10$5pzhn8gYXTcwYcx2R3/cBuHr3U1YiW.cZxgJVBmFnp3QQJa0BMqOW',1,'2019-10-08 18:03:38'),(860,'brian.washington@scpk.com','Brian','Washington','$2y$10$pLQZOuxJ4YYiKjW3.3bJROsBPFqXOQKkkSZ2L0wZObELEDKKF2j4a',1,'2018-06-01 20:14:32'),(861,'steven.martinez@gmail.com','Steven','Martinez','$2y$10$tiJtwL6QTOIf1s087PR6t.DRdvEUnVD46CNk.CuFi9XFroTJmQMYe',1,'2019-07-28 19:57:06'),(862,'rebecca.gilbert@scpk.com','Rebecca','Gilbert','$2y$10$bXYbJldDIt8OMYxh5NgMiuY4wPYblDc29RF/czEW0cWKYFv35QK.K',1,'2018-01-23 22:41:49'),(863,'heidi.reed@outlook.com','Heidi','Reed','$2y$10$Xj0A5k..RAbQrkT0YigYOOHC2OfEQpdanu10oZurdCnUVMR4Zv7Ay',1,'2019-03-14 15:16:30'),(864,'jesse.davis@scpk.com','Jesse','Davis','$2y$10$MFvPcExICcj7rzdufaQOhOoqW08vzoaDuVFXtbWa00MlwmBCnD4.O',1,'2016-10-03 08:21:49'),(865,'james.sandoval@outlook.com','James','Sandoval','$2y$10$qbMnMYQImQOqc3SOd0EDyOAF99at6V43QgkrsYx9EVYrgMRzACnca',1,'2020-04-20 16:30:04'),(866,'paige.henderson@outlook.com','Paige','Henderson','$2y$10$tG5q709Gfa8U/2ejgcmzN.JX8MtdNDqYCSXY9aLEQfcrqnIJ5z7dS',1,'2015-12-18 10:20:00'),(867,'isaac.richards@gmail.com','Isaac','Richards','$2y$10$Rr8l4EfxzlqTYXdy5AkBOONv0spcJ08BIylPLkI37w.mI.DWG8YwC',1,'2015-12-08 17:21:49'),(868,'julie.cox@gmail.com','Julie','Cox','$2y$10$cz64cnl2Bw./1/rcrvSd8uT/Akl5UPWQmdEBmqrG9wFxrdpppEsTS',1,'2016-11-29 06:27:16'),(869,'trevor.ellis@yahoo.com','Trevor','Ellis','$2y$10$zq.a0YpJsO645SvtvKiAL.dOXn6zyf17CnoyhxcMdnWkv889XaBoW',1,'2016-03-26 09:20:00'),(870,'gabriela.taylor@scpk.com','Gabriela','Taylor','$2y$10$Fc7bVRzaaiClNtKM77jh7.LrisrTtqPLyW9nIRTxcK3E2BlM3hm7i',1,'2015-12-19 23:40:00'),(871,'christopher.day@yahoo.com','Christopher','Day','$2y$10$uGwOv3gMpsralaGG.X3zeO76PFbo5DLrrF3nDd.grwqBNtiZa2PAK',1,'2016-10-02 10:18:10'),(872,'diana.crawford@gmail.com','Diana','Crawford','$2y$10$Qzl9VYbOIio5SSFjobbJ3uiETALKoXP7qjYGGp8MIyjIYRlyq1fee',1,'2015-05-02 20:00:00'),(873,'melissa.hoover@outlook.com','Melissa','Hoover','$2y$10$PpmpMY/TH24P7xZfcL2H6uIrmVCkpOXWaJYavQ.Uci6CgUz6tVvyG',1,'2020-04-13 06:25:27'),(874,'roger.jacobs@yahoo.com','Roger','Jacobs','$2y$10$jBtK0MSdX.StCthMr9.BqujRzhrlNNxqESxaBYT/H52GId24kkpxy',1,'2016-02-13 11:32:43'),(875,'chelsea.carter@yahoo.com','Chelsea','Carter','$2y$10$IlcVm6XlCl1idGiTr2xnq.U/02nwxt4TP/TFKrNH29wleQ9S2sJYa',1,'2016-03-02 19:32:43'),(876,'crystal.stanton@yahoo.com','Crystal','Stanton','$2y$10$S91IPtVAGhBKYiHbCBJDM.6OPA7xMUBuZHvlffWKogMooH/4geEoa',1,'2016-07-06 12:43:38'),(877,'david.johns@gmail.com','David','Johns','$2y$10$p8jRde6FI/NAkJ6mKxzJWuX4y0HWKBpfPcI1zAhyHseZPaMYp0ps2',1,'2015-03-01 22:27:16'),(878,'samantha.higgins@gmail.com','Samantha','Higgins','$2y$10$5Shu2Ib04gQxvDb.PJV1TO1tsIs7cBfIDD21xzfSnoEI.guqLlkmW',1,'2015-10-26 19:16:21'),(879,'kevin.owens@scpk.com','Kevin','Owens','$2y$10$3T9Uep4n/FoNWqVWeXAw7e2MLed.MYCfH9SpxEpyX4yo.RlbCf3AS',1,'2016-04-08 00:21:49'),(880,'kenneth.scott@scpk.com','Kenneth','Scott','$2y$10$YR5mz62ZdUhDPn7YqYQ2Ju43AS6BLzVKM3SduH/E6HC64K77U.WGG',1,'2020-11-21 05:29:41'),(881,'beverly.wright@gmail.com','Beverly','Wright','$2y$10$1WZFtp/DNoRsxnCDsD5DruyxY88atatkMdbjJluxz.MMa.ydUFNgq',1,'2017-07-23 04:43:38'),(882,'lori.haley@outlook.com','Lori','Haley','$2y$10$EabWQcyzO5GXWLyj3XdZKOwqiXLVBhBBDURw6.noDgn2bz7MBZpxu',1,'2014-10-27 21:41:49'),(883,'richard.foster@yahoo.com','Richard','Foster','$2y$10$wl8qa2NaFO9daIjVQkvD/uavzYxl.jy5ysE94G0tqs0FHZSuD1gV.',1,'2020-11-29 20:18:08'),(884,'nicholas.hurley@scpk.com','Nicholas','Hurley','$2y$10$UcNr6IMFoBHgMQuAbKcnF.6WNbWz9b.JFf9lkQh7of/Hp/SV9Atgq',1,'2016-11-08 16:01:26'),(885,'ashley.wilson@scpk.com','Ashley','Wilson','$2y$10$vdILUz34Buf9Wp1YYuzGdufSmy659daZWKQ7MfRXmoLbit8RlK2Ye',1,'2016-04-29 06:40:00'),(886,'frank.miller@outlook.com','Frank','Miller','$2y$10$J1CPPzOQg04dAeHx8uBwkefsf7DBySkI08ZPMkgr5YwBHVy7lF6he',1,'2019-02-02 05:00:00'),(887,'mckenzie.gray@gmail.com','Mckenzie','Gray','$2y$10$DGmibLHhSmw.pasdlQQevO7GtmdI/QAz/p3lxVFWm7E4DQb8iVq8a',1,'2015-10-11 02:03:38'),(888,'angela.walters@scpk.com','Angela','Walters','$2y$10$SsPcVxbD8a9xM3ypYGmy7OhNdasXMO7u9ohblcSXz.uvKTclbnQcO',1,'2016-06-02 23:23:38'),(889,'max.moore@yahoo.com','Max','Moore','$2y$10$mbJs2X.59W21AHgRlNBupeecvMZO9gp07VTrZLhYfw8w4iSaSVKuG',1,'2016-03-06 02:05:27'),(890,'thomas.ray@yahoo.com','Thomas','Ray','$2y$10$gZ6OZ4KSK9w3BXYAOoSYYe7N8O8y4NictVTYyIzJrniVN8d5XYDvW',1,'2015-09-04 17:49:05'),(891,'deanna.myers@outlook.com','Deanna','Myers','$2y$10$qfA2w4JghV6DMSKRYx/IJ.CI1JZcisXnAuUSozmUL6/P4bLk.wfOe',1,'2019-01-13 11:18:10'),(892,'terry.myers@outlook.com','Terry','Myers','$2y$10$3MF4PqLi9O3SQ8jmEta9BODkwv5fn9IRYlsvQIGKy4B6xFGartH06',1,'2019-12-11 09:03:38'),(893,'valerie.combs@scpk.com','Valerie','Combs','$2y$10$r3PKfdB0l1h5C6Nw28qbXeD3vGU26W15Y5td7H1Haba6qHzoYzxHy',1,'2016-05-20 03:16:21'),(894,'daniel.martin@outlook.com','Daniel','Martin','$2y$10$nZYqqZ5tvcSnf/Cav8ScWudX9XUF.cWlID/0ynn3dIPFGLM3dQ6uG',1,'2016-10-02 10:18:10'),(895,'vickie.flores@gmail.com','Vickie','Flores','$2y$10$EKkXB0I0pwOht6KhKIyVH.B3CcYNvKEHagfCibokUy0HZ5TjrX4iC',1,'2015-09-02 12:00:00'),(896,'evan.castillo@yahoo.com','Evan','Castillo','$2y$10$0JHPJSAjJ7jVBfkhTqKY3.hXMonfgxaNfkFLHnjQeKsmmUcvdG/2C',1,'2016-03-16 12:43:38'),(897,'stephanie.anderson@gmail.com','Stephanie','Anderson','$2y$10$SVWPP8KnNBj/dxBG/oWqu.VJ.CsKKyymKRZLM1FCy/Bglyojj0pgS',1,'2016-10-19 20:00:00'),(898,'stephanie.tucker@yahoo.com','Stephanie','Tucker','$2y$10$6zNtqAgYQnf/n76Z87xmj.JGvwavDUoZOzB3hJPU4L0kFELcG35.y',1,'2018-11-28 04:18:47'),(899,'cheyenne.bailey@gmail.com','Cheyenne','Bailey','$2y$10$VJ81KV1o0vlzhyTs4ZZcxehp5EJ/rmPKaTKcNSYL1x2HS9lSohgny',1,'2016-08-11 04:14:32'),(900,'charles.thomas@outlook.com','Charles','Thomas','$2y$10$j39aKgLRZ5T.4OGK8s88Ke56gVZ6We3LBw71GbHtlsKTQ.hHiduAe',1,'2018-10-17 13:12:43'),(901,'darius.kirby@gmail.com','Darius','Kirby','$2y$10$WnOzIeHFFFOuR2ubnG0.X.6bF4Ca6A0ylI5qt3RaVuISfJbJEQafm',1,'2016-12-26 00:51:14'),(902,'brittney.price@scpk.com','Brittney','Price','$2y$10$nyhrKjMBAb8KdcLvVHK/geW2ZSwsNBcLixPXB8pu29t1SJL9GSLBq',1,'2016-05-19 01:05:27'),(903,'sharon.woodard@gmail.com','Sharon','Woodard','$2y$10$jRGLUD8z315Bt6foC6wGRuitJC.3srbi79Xp9q7Phks248vtcT3L2',1,'2016-05-15 15:38:10'),(904,'erica.ward@scpk.com','Erica','Ward','$2y$10$qYs2gx6wc6ZUfBLRjkbItOUjHbsKH2eCjt2AL8dBfTuM7AXhPpPqO',1,'2015-11-09 23:40:00'),(905,'kyle.spencer@outlook.com','Kyle','Spencer','$2y$10$sBFAMYt5yWjVYRWVqzaar.zGEtWPM74JH203RjGwIh8LkCdlJDLqy',1,'2016-08-18 20:43:38'),(906,'anthony.harrell@outlook.com','Anthony','Harrell','$2y$10$iN8MlUHCXG/foqo.4C5Hb.FsPKKm3aUrVyFTEMNYw.u5TBbq6Nfx6',1,'2016-04-14 14:54:32'),(907,'tammy.edwards@gmail.com','Tammy','Edwards','$2y$10$.btnlmR/uM.cD5DulkIGG.ty8RLgXR.Z7YQBSUwix42QO7Z0yedGm',1,'2019-03-10 23:38:10'),(908,'faith.wang@yahoo.com','Faith','Wang','$2y$10$5SGT0HjW37HKGg3IdlDv5.WhLRalEbFz95kEdDfXCTXuChwasR3Ma',1,'2015-03-17 14:54:32'),(909,'derrick.galvan@yahoo.com','Derrick','Galvan','$2y$10$9qsKXy3ZLtJicex3Jv0rv.GKt2UwO88TkPeABMTmZxKQFOBHtplnS',1,'2019-01-05 15:10:54'),(910,'lindsey.lamb@gmail.com','Lindsey','Lamb','$2y$10$sw5EStnGhTZ.aHKlTDNChuNpbAAXv7KIMZgl/TPIUVVktQ1y0TMbC',1,'2017-07-16 17:05:27'),(911,'christine.owens@scpk.com','Christine','Owens','$2y$10$e2AW.mC6hKgBzGBpvZsz7eLAvKO4sJAv0n4MyYtNPmxUCof1i4Ewi',1,'2016-07-26 22:25:27'),(912,'cynthia.bennett@yahoo.com','Cynthia','Bennett','$2y$10$0Zum4gBKp6067oayBuSFde6xciH27EbVlWSidh7OZiljsHZVX3emK',1,'2019-05-19 22:40:00'),(913,'mitchell.smith@yahoo.com','Mitchell','Smith','$2y$10$ALFRpAGIMSVK22vSvtToT.GbE4h1PBUyzXD5Lx5v.V7Dx0KNjCZ.y',1,'2016-04-11 04:00:00'),(914,'kiara.arnold@outlook.com','Kiara','Arnold','$2y$10$0A3xdDig6g5qVN.TFPEJ1ec7iccwE9fF/VMW50wqiQk93/Lzf7CbS',1,'2016-05-11 15:38:10'),(915,'brett.sampson@scpk.com','Brett','Sampson','$2y$10$nH/1coX6pevfGJcYBGatpeWidkJjDWATptS5/g8PHyBEX2TsVt87a',1,'2016-01-20 06:12:43'),(916,'jessica.davis@outlook.com','Jessica','Davis','$2y$10$EGbOntWFigmUExBYQH/f6edmvCOfA5MUcydkG2Tr0fRKyARq97yzW',1,'2020-03-07 09:07:16'),(917,'amy.taylor@yahoo.com','Amy','Taylor','$2y$10$3wsfK8Yf2lOev.2onIwraOiAWoLagudcYDY9Sdkm40OuGUlcuZHWW',1,'2016-02-09 07:10:54'),(918,'lindsay.sheppard@scpk.com','Lindsay','Sheppard','$2y$10$b/YdbMZp8A9V0TbgN8oQQuuw.9LGYlNUgAwkoVCOxhPAm93R4RjI6',1,'2019-04-20 03:45:27'),(919,'john.shields@gmail.com','John','Shields','$2y$10$YC18aQ4/5vmRno379pSl5.cuyv62dENyDmBDzu.E8h2bCHcojvDE.',1,'2020-01-02 03:56:16'),(920,'alex.marshall@gmail.com','Alex','Marshall','$2y$10$Eolp/VHbMxKJXa3XamAcD.1CneLy0jvYBcv9s53Y6nEfmLbpFnw1.',1,'2016-07-31 13:12:43'),(921,'seth.johnson@scpk.com','Seth','Johnson','$2y$10$Gi5kuPS6dE/DIL7dIMCepubwYBM9uElf12PpuLIYZ8op7wwc9KsjW',1,'2020-02-05 22:43:10'),(922,'margaret.armstrong@yahoo.com','Margaret','Armstrong','$2y$10$dzAfxKpnXa5s9qUVSJyN3OdSX2iXI6z9SFqNJAH28BHTp90Tfb7Eu',1,'2017-03-19 16:31:02'),(923,'rachel.patrick@scpk.com','Rachel','Patrick','$2y$10$bmz7jIeoOobdju4QH02RTuHRFJmwy9sK3WSHcjgf7feiw393NzRPa',1,'2020-06-06 04:00:00'),(924,'seth.flores@yahoo.com','Seth','Flores','$2y$10$abpl00t7SbZWTSLPvLGB8u7wAFAOHEnqTh2O9Z/hPXKKhvq423SGO',1,'2018-11-01 18:47:16'),(925,'rachel.higgins@yahoo.com','Rachel','Higgins','$2y$10$aLCeAzAIXuJcjGfdWSTUluxg27acrso/DOzMoOxwF1YEzIL3UhePC',1,'2018-01-30 22:43:49'),(926,'anthony.schneider@yahoo.com','Anthony','Schneider','$2y$10$iW6TZRhtWv.3oiil1Kys/O2Pph2evmXPqoi5xmBeYUWgtmdDdQYu2',1,'2016-10-10 04:00:00'),(927,'alvin.taylor@scpk.com','Alvin','Taylor','$2y$10$w/lQor1drnQkPH4DwSjDTOFCGdK33A7WA4VvsY4LIRv5w4osVBMdS',1,'2017-02-09 04:16:21'),(928,'michael.mason@yahoo.com','Michael','Mason','$2y$10$92DKpWYds9y7Xu3qDIbEnu3damVCX1rA34lUvGA0ZPvBvoIeANNou',1,'2020-08-24 06:10:54'),(929,'shelly.murphy@yahoo.com','Shelly','Murphy','$2y$10$QQWjinyHQ0bXz7GnYiXuruLccAtCPTMkJIXp.Ua1uFjepkLMnsleW',1,'2016-02-29 23:54:32'),(930,'laura.rogers@gmail.com','Laura','Rogers','$2y$10$0e/WBKprmUgAKU/nTBfql.pTAHN7UNUaoAyKCLJbwEf9IUpOqwJSq',1,'2016-08-02 14:54:32'),(931,'jonathan.macias@outlook.com','Jonathan','Macias','$2y$10$Wu4nVBnXERq/VUKxVQWuZeunyRQQsOrz8w4ByERtwEhJt62HvEZde',1,'2016-10-31 14:54:32'),(932,'emily.hill@yahoo.com','Emily','Hill','$2y$10$95JbCrh.keApQbXEdYu/O.1N9j/qlgKd78RlMjVxtYff.mTJ8Leye',1,'2019-12-02 11:32:43'),(933,'jenna.phillips@scpk.com','Jenna','Phillips','$2y$10$KZYjWrrRBSBFO77CiumrUeoQ.qvJFz03GokJMnZ6DaYY7CCgyZEEq',1,'2017-04-13 15:28:17'),(934,'matthew.wallace@yahoo.com','Matthew','Wallace','$2y$10$HnxHos.3lqPB1mdzEqrtzO.4OQ7ftxeFJMf0Zvj4db1rbHgWVx/gS',1,'2016-10-15 06:10:54'),(935,'diane.lewis@outlook.com','Diane','Lewis','$2y$10$kYb47o5ceoccVbGupBibMe.WAslKnE11/Sn70mMpNZRkZWilSnkdS',1,'2015-07-08 12:00:00'),(936,'matthew.kelley@scpk.com','Matthew','Kelley','$2y$10$vuEJ9m.28jKTA.imnptWJe/LUeavPrSRE2JbxtflCY.rw3lT9Nuj6',1,'2019-12-29 23:14:24'),(937,'jessica.peterson@scpk.com','Jessica','Peterson','$2y$10$Y.4t57OYkcjhL2teODXTr.Xfd3I/s/WxJqfoboRMKGhgankIMcMp6',1,'2016-07-27 14:40:00'),(938,'jennifer.faulkner@scpk.com','Jennifer','Faulkner','$2y$10$4Gf7teh0XXn81SIB9ji.8.F90/EfK8JP7eLjNAufXzRr.mpfmjlBe',1,'2015-05-11 03:45:27'),(939,'amanda.thompson@scpk.com','Amanda','Thompson','$2y$10$SSZVDBNHHNNd6wzy1DYsYO5QKuvgNCn2pB89C2yIdJEw5cGpG7RkO',1,'2020-09-13 06:02:11'),(940,'laurie.bautista@outlook.com','Laurie','Bautista','$2y$10$h3e7bjoRtvULWsUnMgUym.Uj5pEig0242waNSej.klo3QWMa/tUUe',1,'2018-08-10 20:01:15'),(941,'michael.stone@outlook.com','Michael','Stone','$2y$10$BCsbIeBuqk0HZr87eTOvQ.QfN3E/GAbrMA2UVtm1a/nNL/xt/9vpq',1,'2019-09-25 03:01:49'),(942,'marcus.cardenas@gmail.com','Marcus','Cardenas','$2y$10$VE/r07D9ezU9wvaAdPMSGeesZNhQOozPuNy0h7wKvz4KbYPlN.Amu',1,'2016-05-18 07:38:10'),(943,'jeffery.valdez@gmail.com','Jeffery','Valdez','$2y$10$TPrh/Dz.RtBFAQU03hZehOs4rEN.fl/0SvsSpK.V0Ns1jtJnmyZne',1,'2015-12-05 22:27:16'),(944,'dakota.williams@yahoo.com','Dakota','Williams','$2y$10$bii7BlfEno2JpGp2xsJCruV.4EwJFZAfMQpLni7VLQAI0xdP3vsm6',1,'2016-01-07 00:09:05'),(945,'isaiah.lewis@yahoo.com','Isaiah','Lewis','$2y$10$N0toZctHf8/f2ZpWyB1d4.9JRPQHcRSMH.oa7lmCGsgaJvz.ej8Sq',1,'2015-10-04 19:16:21'),(946,'jamie.villa@scpk.com','Jamie','Villa','$2y$10$UrOQEi2jZmrZ6DR4chE10.fqQ/vALd5X6DL4W2I6gxPYSEk2OfQ/S',1,'2019-08-18 01:05:27'),(947,'james.wang@outlook.com','James','Wang','$2y$10$HXZG1mSSATUULCg34ZQANu8JGESzjpiLXkmrcs1YL/zKLhFvBPkEy',1,'2019-12-26 12:17:56'),(948,'erica.davis@gmail.com','Erica','Davis','$2y$10$xbWWAlsH/1AOOfTYjNrxB.rnnRPwbmkRTiFKGjdQDzx7t8X9y.RZ2',1,'2015-11-27 18:20:00'),(949,'derek.farmer@yahoo.com','Derek','Farmer','$2y$10$4myb3XAd9epXzv2JvtA/3e61mPYI9hWgYT/IzusG3YLHaa0zI5uL.',1,'2016-06-01 10:32:43'),(950,'caitlin.green@gmail.com','Caitlin','Green','$2y$10$o6NhcJuddBophZvrW0ybI.OpQCu74MGv1P/ZKGkeXmLA84/0OGPau',1,'2016-10-18 16:21:49'),(951,'pamela.tapia@scpk.com','Pamela','Tapia','$2y$10$cqxaA6VPMarPr9J8kcIweegjH7vEzidXzI7.h3Fc6sjUeGNcWqwfG',1,'2017-03-28 11:01:49'),(952,'alicia.edwards@yahoo.com','Alicia','Edwards','$2y$10$Tb6RVEhHTjcqLU5OWoCQc.eE84sIGbj6H389bLRZSa3s7s70ab0KK',1,'2018-02-12 03:47:16'),(953,'nicole.johnson@outlook.com','Nicole','Johnson','$2y$10$5VNYSQPEGdX4t9otzxX8bOTvtcjfOSKTKOc43oZEjz2lICJwZqE82',1,'2019-11-12 07:25:27'),(954,'christine.taylor@outlook.com','Christine','Taylor','$2y$10$FoPUxGz5XT1caNdP02IUE.tYNckQ5RxvtubcrTGV0Y2arvi9dEUwu',1,'2017-01-13 12:30:54'),(955,'anthony.taylor@scpk.com','Anthony','Taylor','$2y$10$dFAP82VJV4OLx8C2Q0NkDupxfMVpdMI20.j.sRvXc9GCcuUwIkR22',1,'2015-11-04 21:00:00'),(956,'julie.williams@yahoo.com','Julie','Williams','$2y$10$lXba3GNZsjAe0Ybe75RrEuqqRjnDC4GMEkvntPVfbUpsauimFeYqG',1,'2016-12-01 05:00:00'),(957,'scott.barker@scpk.com','Scott','Barker','$2y$10$cXkOAVOH.dj3hSWg6A668OFUzeIcg0.pRS2Vx8XhjSzrem4zSRetS',1,'2016-07-25 22:25:27'),(958,'brandon.guerra@scpk.com','Brandon','Guerra','$2y$10$ORLe.vSnGpMabM/32sJ2l.UkmtB9khtnR1Kpb0LgHPtjYZ5JC9uOm',1,'2020-04-08 05:12:43'),(959,'rebecca.lopez@gmail.com','Rebecca','Lopez','$2y$10$rWrjR8B1/u2Dh5xgCaRiP.oM8IOtlnOr4hOnYHXeKc9GqVzRmveYy',1,'2014-10-30 16:36:21'),(960,'stacy.owens@outlook.com','Stacy','Owens','$2y$10$K9a9jF7YSI2JzvVmwJthieKpPS2xQo2HV8nPcV3yFx04ZSxx59s56',1,'2017-03-03 00:49:19'),(961,'robin.howard@outlook.com','Robin','Howard','$2y$10$J.3NuEyIk17Vk5T.DSCxau2wAqg6V/cZ8FWBPOCsJeX19gILaQAAS',1,'2016-03-17 04:43:38'),(962,'pamela.leach@yahoo.com','Pamela','Leach','$2y$10$uzH66649qWjZLdXTTU./gORN0TIKSAxJZK0ddkVS3rQS0Szg4130.',1,'2020-01-23 22:56:21'),(963,'christopher.owens@outlook.com','Christopher','Owens','$2y$10$1OZhQbYKGwDVd1CCcrQLKeq5XB3moKLr8vnBDzMd1WpP9SqnI/5N6',1,'2016-11-11 15:40:00'),(964,'christopher.novak@yahoo.com','Christopher','Novak','$2y$10$2u/gXzJgAyeVxxp/15oe6esJ.CVphWt3EDLruxihd98EWhPX29PXa',1,'2015-04-19 13:27:16'),(965,'brian.smith@yahoo.com','Brian','Smith','$2y$10$Eq5sU9mPH7/9oFonRLs2veP46qRbB8DrWYmXOqFKMDVjQ4W0b7GCy',1,'2016-06-22 10:03:38'),(966,'michael.hurley@gmail.com','Michael','Hurley','$2y$10$P9cu9VF4ABKdKZsbq4Nl5.rWP0rhvWIHQ3nIJ/RSHWdy4qWxIkmwW',1,'2016-06-28 04:00:00'),(967,'holly.mullins@yahoo.com','Holly','Mullins','$2y$10$C45tkmoE/26sxk1PCJcf2.paYuHP9GPNHGqj9t/VPZHSeoJDPk.Om',1,'2015-12-25 05:00:00'),(968,'calvin.smith@scpk.com','Calvin','Smith','$2y$10$SvktPAfp76Tjd5GrgTIKau.BxEfB2RKTZ/d5a05jSwyQC.a2ZfEAm',1,'2019-09-15 16:34:32'),(969,'jennifer.gray@scpk.com','Jennifer','Gray','$2y$10$gWsanJD4F/vB5wXUAg5DKuDJmf9Jxeh7dtgZPFKolWx0Tb2Ag9oRu',1,'2016-04-22 03:16:21'),(970,'ryan.gonzalez@outlook.com','Ryan','Gonzalez','$2y$10$Af8VYW/CxnCEBUuIh5Syl.2bz54O7ziIv4ottboPg2aIrgsR.cq.K',1,'2018-08-12 17:33:08'),(971,'michael.harris@gmail.com','Michael','Harris','$2y$10$T0xInU.gm/z3J2boB9HTvOkoix4vbksnMM.8T9jscXdQwTQAHvGZy',1,'2020-01-13 21:09:00'),(972,'teresa.garcia@scpk.com','Teresa','Garcia','$2y$10$IwcHEOzM8Kt0qX/EgbmfxOGjSRDnrdumoE6QoMDCj0z.cB8nYaSeO',1,'2020-05-03 06:17:09'),(973,'damon.gomez@outlook.com','Damon','Gomez','$2y$10$xgGGjyQ0mJvlDV0.c2eDou81.Y6j1ZRHPR35Y6GTkEkn4qOb447.W',1,'2016-11-26 05:00:00'),(974,'debra.cross@outlook.com','Debra','Cross','$2y$10$boiqa76yJj5C/9d7XXkYqOMQRZ7ditt9HR8fwiW2GWfit.OWaXKmK',1,'2017-05-08 12:43:38'),(975,'matthew.white@yahoo.com','Matthew','White','$2y$10$b7gyqofcIdFeLnXSoPv1M..F4DEn/DAsM57ZEV9LlOqCv4gehnCHC',1,'2016-05-09 06:40:00'),(976,'kristen.nicholson@yahoo.com','Kristen','Nicholson','$2y$10$UR.i31dZY56cxi8creotbeO1Yn9PEQAA5JRfzsdBhr7cOLNd/T5/y',1,'2015-11-26 00:38:10'),(977,'gary.friedman@outlook.com','Gary','Friedman','$2y$10$Vr1vSz98GwYhQNtcOnxBAe4Oy0BBe2U7M1g.pMrCa.nXlqF8w9dD6',1,'2020-09-21 20:50:37'),(978,'jose.koch@yahoo.com','Jose','Koch','$2y$10$BwFfbFadVXcJRZFu9RC0A.Lqdkwd5iTqXWDvdzb0ipB5.uNwznHgK',1,'2016-01-31 22:27:16'),(979,'sarah.wells@yahoo.com','Sarah','Wells','$2y$10$HLio8V6XaNg71uuHAxzieOeXbNkNVwPlxjy.XHQ4Ei6aaYxAXsRda',1,'2017-12-12 17:30:43'),(980,'tyler.mccarthy@outlook.com','Tyler','Mccarthy','$2y$10$fwpmkEjsyLOd4DKwJoNOHu7orcq5Pk3syE8B8hm5HXHoFEttMb2l6',1,'2016-02-01 15:10:54'),(981,'daniel.norris@outlook.com','Daniel','Norris','$2y$10$GFZuDcfo46WdwH5n0LrQ2uv.kdawk6yD4IYPBrCZMVID5nzQ5rfia',1,'2016-06-11 14:54:32'),(982,'david.young@yahoo.com','David','Young','$2y$10$j7Rl56dbaAqsAfcbMjNipuKTbMhVAICPHs.wbDzlXgJGj5VoNQtz2',1,'2018-12-24 00:23:38'),(983,'katherine.campbell@outlook.com','Katherine','Campbell','$2y$10$aqh9rVf93IdImUdxGHKJ9.6mDxXDqd9c1m.1nCLh97zsm4v4B3QyW',1,'2020-10-16 11:43:18'),(984,'rodney.carrillo@gmail.com','Rodney','Carrillo','$2y$10$Ki5AyCl5bWYncMde7itmxujCIyo4AhyyfnzunwfM1hr8K1tCcrYKi',1,'2017-01-11 06:56:21'),(985,'traci.nichols@yahoo.com','Traci','Nichols','$2y$10$lvNxdIFK11k3LXLMmqaJy.u0kWBP23VX5rkUbsyi11GBHXgMy5liq',1,'2019-08-29 16:21:49'),(986,'jason.mcgee@gmail.com','Jason','Mcgee','$2y$10$6zliQTqkCtBybgRWQuutLe2mi4EWwE9rh0Biw0J2kN7fuzpPg4Vm6',1,'2017-01-28 15:25:52'),(987,'donna.rodriguez@yahoo.com','Donna','Rodriguez','$2y$10$PnqSY2NgY9qu4Z.S3QKDeuS7hAwAiaE6mM2pcKYL7h2Br0aASVCpC',1,'2017-07-25 02:43:52'),(988,'clifford.sparks@yahoo.com','Clifford','Sparks','$2y$10$ODbUgzMAU7QcCxc05QbbjO/6jxAZKg2I4Bfp/Cv47Z8coj666uqd.',1,'2016-03-26 08:21:49'),(989,'jasmin.austin@outlook.com','Jasmin','Austin','$2y$10$qnR5Jq6dwNDLoVwThJGf6.S3Bz9nfRyFQtndzFJatlozwynmtNQqm',1,'2019-09-29 23:09:05'),(990,'katherine.baker@outlook.com','Katherine','Baker','$2y$10$/3nIqw3amqbmGMwnLbf4DOYFiCT7Q9AjnXD6qWhS5ZvgLSpMHGTUW',1,'2016-07-05 00:21:49'),(991,'tiffany.aguirre@outlook.com','Tiffany','Aguirre','$2y$10$N1Ec93LlwL52tYW5yl0my.exxmizrfiSCIi/3LUWdPfed6dHaiqZm',1,'2016-06-12 09:49:05'),(992,'phillip.chen@outlook.com','Phillip','Chen','$2y$10$aavQBgM5wKSLukl6wsurDehP.0R7elnQCfEAJeNGtjEnSGMliwf3u',1,'2019-11-19 20:30:54'),(993,'jeff.hayes@scpk.com','Jeff','Hayes','$2y$10$SmOtvvy7tFcTCphHVqS2p.y41ywdAXuGStYDJSQ2TV5RzCBD8kUZS',1,'2019-03-04 20:16:21'),(994,'todd.lee@scpk.com','Todd','Lee','$2y$10$hLtecjYqskLfwFaU.TixpeJnUecCyKqvCniJ0Br7JQznBioyo5YSS',1,'2017-09-05 12:00:00'),(995,'thomas.lee@scpk.com','Thomas','Lee','$2y$10$KCAW2tejlLOQRVVE09Wgy.gNBNhzakG9HEqEs9qOk1CIY48iK/q/y',1,'2017-01-14 10:05:27'),(996,'christina.acevedo@yahoo.com','Christina','Acevedo','$2y$10$4rWruhE2WEYQdpbCZQqPuez6FTVvmTHzh6Te8VyFG9FdfO88ZC.gm',1,'2015-08-21 22:40:00'),(997,'alexander.boyd@gmail.com','Alexander','Boyd','$2y$10$TkRqjLp4WkYFYZlgEEwfu.zd67UmHLuIc38ggnjEiYo8kMTuwOg3q',1,'2015-12-30 18:49:05'),(998,'susan.walsh@outlook.com','Susan','Walsh','$2y$10$NUS9HNhtfOxGrwocr1C9EexJ5w2Mddw.87WZgdGJeT4qeNYHuU8Qe',1,'2018-04-02 10:32:43'),(999,'tammy.simmons@outlook.com','Tammy','Simmons','$2y$10$8omFsuqSdw0zawKJEMaKFecKQIRHieacW84GLTQu5TI/X0IsZdZAS',1,'2019-08-23 14:42:06'),(1000,'austin.larson@scpk.com','Austin','Larson','$2y$10$pFjbPDMT7rg9ASuxkaRzE.sY6chr.oLmsyjl8V7wd.KqO.U5Ae2ka',1,'2019-07-04 17:53:50'),(1001,'nathan.maynard@outlook.com','Nathan','Maynard','$2y$10$gpQnWZWWjYkytto.OL8z8Oi2sbe9QMWpWJySLwW4MCCmBBsn8df4u',1,'2017-09-16 22:08:40'),(1002,'nicole.brown@scpk.com','Nicole','Brown','$2y$10$2w.l./4T5a6MA6NRub53MuXZYnX9UgQ6cv6q9C1RO4mI5MpRJs2ni',1,'2020-10-28 04:50:57'),(1003,'jason.cook@yahoo.com','Jason','Cook','$2y$10$pmSsVMES3GOzoEm480TBMefw.tD7Ixp9X1tbazLO8UIfBmzmdCEYW',1,'2015-09-14 04:43:38'),(1004,'patrick.rodriguez@scpk.com','Patrick','Rodriguez','$2y$10$fGbJs0Ov0wmtnsLWDd5g/.Bi0WWZYFG9gs4I6Tj3GYncssTQU05Ya',1,'2020-10-15 06:10:40'),(1005,'eric.williams@gmail.com','Eric','Williams','$2y$10$ig6P9ZREnW6vdMn7CAFAV.D6TUTONuHhl1cO0LolHZ.9NYmT.1SPG',1,'2018-07-03 20:29:05'),(1006,'taylor.johnston@yahoo.com','Taylor','Johnston','$2y$10$9DauGbh4YVd007g5Z/kf/endrKB3noCMK37lg1r0Ac.zB6MwqfsTG',1,'2017-01-28 15:25:52');
/*!40000 ALTER TABLE `users` ENABLE KEYS */;
UNLOCK TABLES;

--
-- Dumping routines for database 'izc353_2'
--
/*!40103 SET TIME_ZONE=@OLD_TIME_ZONE */;

/*!40101 SET SQL_MODE=@OLD_SQL_MODE */;
/*!40014 SET FOREIGN_KEY_CHECKS=@OLD_FOREIGN_KEY_CHECKS */;
/*!40014 SET UNIQUE_CHECKS=@OLD_UNIQUE_CHECKS */;
/*!40101 SET CHARACTER_SET_CLIENT=@OLD_CHARACTER_SET_CLIENT */;
/*!40101 SET CHARACTER_SET_RESULTS=@OLD_CHARACTER_SET_RESULTS */;
/*!40101 SET COLLATION_CONNECTION=@OLD_COLLATION_CONNECTION */;
/*!40111 SET SQL_NOTES=@OLD_SQL_NOTES */;

-- Dump completed on 2020-12-09 22:38:18
